season,celebrity_name,week,judge_total_raw,judge_count,ballroom_partner,celebrity_industry,celebrity_homestate,celebrity_homecountry/region,celebrity_age_during_season,results,placement,is_week_scheduled,alive,last_alive_week,season_max_scheduled_week,is_eliminated_this_week,eliminated,is_elimination_week,is_non_elimination_week,judge_total_model
1,Evander Holyfield,1,18.0,3,Edyta Sliwinska,Athlete,Alabama,United States,42,Eliminated Week 3,5,True,1,3,6,0,,0,1,18.0
1,Joey McIntyre,1,20.0,3,Ashly DelGrosso,Singer/Rapper,Massachusetts,United States,32,3rd Place,3,True,1,5,6,0,,0,1,20.0
1,John O'Hurley,1,20.0,3,Charlotte Jorgensen,Actor/Actress,Maine,United States,50,2nd Place,2,True,1,6,6,0,,0,1,20.0
1,Kelly Monaco,1,13.0,3,Alec Mazo,Actor/Actress,Pennsylvania,United States,29,1st Place,1,True,1,6,6,0,,0,1,13.0
1,Rachel Hunter,1,20.0,3,Jonathan Roberts,Model,,New Zealand,35,Eliminated Week 4,4,True,1,4,6,0,,0,1,20.0
1,Trista Sutter,1,18.0,3,Louis van Amstel,TV Personality,Indiana,United States,32,Eliminated Week 2,6,True,1,2,6,0,,0,1,18.0
1,Evander Holyfield,2,14.0,3,Edyta Sliwinska,Athlete,Alabama,United States,42,Eliminated Week 3,5,True,1,3,6,0,Trista Sutter,1,0,14.0
1,Joey McIntyre,2,21.0,3,Ashly DelGrosso,Singer/Rapper,Massachusetts,United States,32,3rd Place,3,True,1,5,6,0,Trista Sutter,1,0,21.0
1,John O'Hurley,2,26.0,3,Charlotte Jorgensen,Actor/Actress,Maine,United States,50,2nd Place,2,True,1,6,6,0,Trista Sutter,1,0,26.0
1,Kelly Monaco,2,17.0,3,Alec Mazo,Actor/Actress,Pennsylvania,United States,29,1st Place,1,True,1,6,6,0,Trista Sutter,1,0,17.0
1,Rachel Hunter,2,24.0,3,Jonathan Roberts,Model,,New Zealand,35,Eliminated Week 4,4,True,1,4,6,0,Trista Sutter,1,0,24.0
1,Trista Sutter,2,19.0,3,Louis van Amstel,TV Personality,Indiana,United States,32,Eliminated Week 2,6,True,1,2,6,1,Trista Sutter,1,0,19.0
1,Evander Holyfield,3,13.0,3,Edyta Sliwinska,Athlete,Alabama,United States,42,Eliminated Week 3,5,True,1,3,6,1,Evander Holyfield,1,0,13.0
1,Joey McIntyre,3,22.0,3,Ashly DelGrosso,Singer/Rapper,Massachusetts,United States,32,3rd Place,3,True,1,5,6,0,Evander Holyfield,1,0,22.0
1,John O'Hurley,3,24.0,3,Charlotte Jorgensen,Actor/Actress,Maine,United States,50,2nd Place,2,True,1,6,6,0,Evander Holyfield,1,0,24.0
1,Kelly Monaco,3,21.0,3,Alec Mazo,Actor/Actress,Pennsylvania,United States,29,1st Place,1,True,1,6,6,0,Evander Holyfield,1,0,21.0
1,Rachel Hunter,3,26.0,3,Jonathan Roberts,Model,,New Zealand,35,Eliminated Week 4,4,True,1,4,6,0,Evander Holyfield,1,0,26.0
1,Trista Sutter,3,0.0,3,Louis van Amstel,TV Personality,Indiana,United States,32,Eliminated Week 2,6,True,0,2,6,0,Evander Holyfield,1,0,
1,Evander Holyfield,4,0.0,3,Edyta Sliwinska,Athlete,Alabama,United States,42,Eliminated Week 3,5,True,0,3,6,0,Rachel Hunter,1,0,
1,Joey McIntyre,4,20.0,3,Ashly DelGrosso,Singer/Rapper,Massachusetts,United States,32,3rd Place,3,True,1,5,6,0,Rachel Hunter,1,0,20.0
1,John O'Hurley,4,21.0,3,Charlotte Jorgensen,Actor/Actress,Maine,United States,50,2nd Place,2,True,1,6,6,0,Rachel Hunter,1,0,21.0
1,Kelly Monaco,4,26.0,3,Alec Mazo,Actor/Actress,Pennsylvania,United States,29,1st Place,1,True,1,6,6,0,Rachel Hunter,1,0,26.0
1,Rachel Hunter,4,25.0,3,Jonathan Roberts,Model,,New Zealand,35,Eliminated Week 4,4,True,1,4,6,1,Rachel Hunter,1,0,25.0
1,Trista Sutter,4,0.0,3,Louis van Amstel,TV Personality,Indiana,United States,32,Eliminated Week 2,6,True,0,2,6,0,Rachel Hunter,1,0,
1,Evander Holyfield,5,0.0,3,Edyta Sliwinska,Athlete,Alabama,United States,42,Eliminated Week 3,5,True,0,3,6,0,Joey McIntyre,1,0,
1,Joey McIntyre,5,22.5,3,Ashly DelGrosso,Singer/Rapper,Massachusetts,United States,32,3rd Place,3,True,1,5,6,1,Joey McIntyre,1,0,22.5
1,John O'Hurley,5,27.0,3,Charlotte Jorgensen,Actor/Actress,Maine,United States,50,2nd Place,2,True,1,6,6,0,Joey McIntyre,1,0,27.0
1,Kelly Monaco,5,23.5,3,Alec Mazo,Actor/Actress,Pennsylvania,United States,29,1st Place,1,True,1,6,6,0,Joey McIntyre,1,0,23.5
1,Rachel Hunter,5,0.0,3,Jonathan Roberts,Model,,New Zealand,35,Eliminated Week 4,4,True,0,4,6,0,Joey McIntyre,1,0,
1,Trista Sutter,5,0.0,3,Louis van Amstel,TV Personality,Indiana,United States,32,Eliminated Week 2,6,True,0,2,6,0,Joey McIntyre,1,0,
1,Evander Holyfield,6,0.0,3,Edyta Sliwinska,Athlete,Alabama,United States,42,Eliminated Week 3,5,True,0,3,6,0,,0,1,
1,Joey McIntyre,6,0.0,3,Ashly DelGrosso,Singer/Rapper,Massachusetts,United States,32,3rd Place,3,True,0,5,6,0,,0,1,
1,John O'Hurley,6,27.0,3,Charlotte Jorgensen,Actor/Actress,Maine,United States,50,2nd Place,2,True,1,6,6,0,,0,1,27.0
1,Kelly Monaco,6,27.5,3,Alec Mazo,Actor/Actress,Pennsylvania,United States,29,1st Place,1,True,1,6,6,0,,0,1,27.5
1,Rachel Hunter,6,0.0,3,Jonathan Roberts,Model,,New Zealand,35,Eliminated Week 4,4,True,0,4,6,0,,0,1,
1,Trista Sutter,6,0.0,3,Louis van Amstel,TV Personality,Indiana,United States,32,Eliminated Week 2,6,True,0,2,6,0,,0,1,
1,Evander Holyfield,7,,0,Edyta Sliwinska,Athlete,Alabama,United States,42,Eliminated Week 3,5,False,0,3,6,0,,0,0,
1,Joey McIntyre,7,,0,Ashly DelGrosso,Singer/Rapper,Massachusetts,United States,32,3rd Place,3,False,0,5,6,0,,0,0,
1,John O'Hurley,7,,0,Charlotte Jorgensen,Actor/Actress,Maine,United States,50,2nd Place,2,False,0,6,6,0,,0,0,
1,Kelly Monaco,7,,0,Alec Mazo,Actor/Actress,Pennsylvania,United States,29,1st Place,1,False,0,6,6,0,,0,0,
1,Rachel Hunter,7,,0,Jonathan Roberts,Model,,New Zealand,35,Eliminated Week 4,4,False,0,4,6,0,,0,0,
1,Trista Sutter,7,,0,Louis van Amstel,TV Personality,Indiana,United States,32,Eliminated Week 2,6,False,0,2,6,0,,0,0,
1,Evander Holyfield,8,,0,Edyta Sliwinska,Athlete,Alabama,United States,42,Eliminated Week 3,5,False,0,3,6,0,,0,0,
1,Joey McIntyre,8,,0,Ashly DelGrosso,Singer/Rapper,Massachusetts,United States,32,3rd Place,3,False,0,5,6,0,,0,0,
1,John O'Hurley,8,,0,Charlotte Jorgensen,Actor/Actress,Maine,United States,50,2nd Place,2,False,0,6,6,0,,0,0,
1,Kelly Monaco,8,,0,Alec Mazo,Actor/Actress,Pennsylvania,United States,29,1st Place,1,False,0,6,6,0,,0,0,
1,Rachel Hunter,8,,0,Jonathan Roberts,Model,,New Zealand,35,Eliminated Week 4,4,False,0,4,6,0,,0,0,
1,Trista Sutter,8,,0,Louis van Amstel,TV Personality,Indiana,United States,32,Eliminated Week 2,6,False,0,2,6,0,,0,0,
1,Evander Holyfield,9,,0,Edyta Sliwinska,Athlete,Alabama,United States,42,Eliminated Week 3,5,False,0,3,6,0,,0,0,
1,Joey McIntyre,9,,0,Ashly DelGrosso,Singer/Rapper,Massachusetts,United States,32,3rd Place,3,False,0,5,6,0,,0,0,
1,John O'Hurley,9,,0,Charlotte Jorgensen,Actor/Actress,Maine,United States,50,2nd Place,2,False,0,6,6,0,,0,0,
1,Kelly Monaco,9,,0,Alec Mazo,Actor/Actress,Pennsylvania,United States,29,1st Place,1,False,0,6,6,0,,0,0,
1,Rachel Hunter,9,,0,Jonathan Roberts,Model,,New Zealand,35,Eliminated Week 4,4,False,0,4,6,0,,0,0,
1,Trista Sutter,9,,0,Louis van Amstel,TV Personality,Indiana,United States,32,Eliminated Week 2,6,False,0,2,6,0,,0,0,
1,Evander Holyfield,10,,0,Edyta Sliwinska,Athlete,Alabama,United States,42,Eliminated Week 3,5,False,0,3,6,0,,0,0,
1,Joey McIntyre,10,,0,Ashly DelGrosso,Singer/Rapper,Massachusetts,United States,32,3rd Place,3,False,0,5,6,0,,0,0,
1,John O'Hurley,10,,0,Charlotte Jorgensen,Actor/Actress,Maine,United States,50,2nd Place,2,False,0,6,6,0,,0,0,
1,Kelly Monaco,10,,0,Alec Mazo,Actor/Actress,Pennsylvania,United States,29,1st Place,1,False,0,6,6,0,,0,0,
1,Rachel Hunter,10,,0,Jonathan Roberts,Model,,New Zealand,35,Eliminated Week 4,4,False,0,4,6,0,,0,0,
1,Trista Sutter,10,,0,Louis van Amstel,TV Personality,Indiana,United States,32,Eliminated Week 2,6,False,0,2,6,0,,0,0,
1,Evander Holyfield,11,,0,Edyta Sliwinska,Athlete,Alabama,United States,42,Eliminated Week 3,5,False,0,3,6,0,,0,0,
1,Joey McIntyre,11,,0,Ashly DelGrosso,Singer/Rapper,Massachusetts,United States,32,3rd Place,3,False,0,5,6,0,,0,0,
1,John O'Hurley,11,,0,Charlotte Jorgensen,Actor/Actress,Maine,United States,50,2nd Place,2,False,0,6,6,0,,0,0,
1,Kelly Monaco,11,,0,Alec Mazo,Actor/Actress,Pennsylvania,United States,29,1st Place,1,False,0,6,6,0,,0,0,
1,Rachel Hunter,11,,0,Jonathan Roberts,Model,,New Zealand,35,Eliminated Week 4,4,False,0,4,6,0,,0,0,
1,Trista Sutter,11,,0,Louis van Amstel,TV Personality,Indiana,United States,32,Eliminated Week 2,6,False,0,2,6,0,,0,0,
2,Drew Lachey,1,24.0,3,Cheryl Burke,Singer/Rapper,Ohio,United States,29,1st Place,1,True,1,8,8,0,Kenny Mayne,1,0,24.0
2,George Hamilton,1,18.0,3,Edyta Sliwinska,Actor/Actress,Tennessee,United States,66,Eliminated Week 6,5,True,1,6,8,0,Kenny Mayne,1,0,18.0
2,Giselle Fernandez,1,23.0,3,Jonathan Roberts,News Anchor,,Mexico,44,Eliminated Week 3,8,True,1,3,8,0,Kenny Mayne,1,0,23.0
2,Jerry Rice,1,21.0,3,Anna Trebunskaya,Athlete,Mississippi,United States,43,2nd Place,2,True,1,8,8,0,Kenny Mayne,1,0,21.0
2,Kenny Mayne,1,13.0,3,Andrea Hale,Sports Broadcaster,Washington,United States,46,Eliminated Week 1,10,True,1,1,8,1,Kenny Mayne,1,0,13.0
2,Lisa Rinna,1,19.0,3,Louis van Amstel,Actor/Actress,California,United States,42,Eliminated Week 7,4,True,1,7,8,0,Kenny Mayne,1,0,19.0
2,Master P,1,12.0,3,Ashly DelGrosso,Singer/Rapper,Louisiana,United States,35,Eliminated Week 4,7,True,1,4,8,0,Kenny Mayne,1,0,12.0
2,Stacy Keibler,1,22.0,3,Tony Dovolani,Athlete,Maryland,United States,26,3rd Place,3,True,1,8,8,0,Kenny Mayne,1,0,22.0
2,Tatum O'Neal,1,23.0,3,Nick Kosovich,Actor/Actress,California,United States,42,Eliminated Week 2,9,True,1,2,8,0,Kenny Mayne,1,0,23.0
2,Tia Carrere,1,20.0,3,Maksim Chmerkoskiy,Actor/Actress,Hawaii,United States,39,Eliminated Week 5,6,True,1,5,8,0,Kenny Mayne,1,0,20.0
2,Drew Lachey,2,27.0,3,Cheryl Burke,Singer/Rapper,Ohio,United States,29,1st Place,1,True,1,8,8,0,Tatum O'Neal,1,0,27.0
2,George Hamilton,2,22.0,3,Edyta Sliwinska,Actor/Actress,Tennessee,United States,66,Eliminated Week 6,5,True,1,6,8,0,Tatum O'Neal,1,0,22.0
2,Giselle Fernandez,2,24.0,3,Jonathan Roberts,News Anchor,,Mexico,44,Eliminated Week 3,8,True,1,3,8,0,Tatum O'Neal,1,0,24.0
2,Jerry Rice,2,23.0,3,Anna Trebunskaya,Athlete,Mississippi,United States,43,2nd Place,2,True,1,8,8,0,Tatum O'Neal,1,0,23.0
2,Kenny Mayne,2,0.0,3,Andrea Hale,Sports Broadcaster,Washington,United States,46,Eliminated Week 1,10,True,0,1,8,0,Tatum O'Neal,1,0,
2,Lisa Rinna,2,20.0,3,Louis van Amstel,Actor/Actress,California,United States,42,Eliminated Week 7,4,True,1,7,8,0,Tatum O'Neal,1,0,20.0
2,Master P,2,16.0,3,Ashly DelGrosso,Singer/Rapper,Louisiana,United States,35,Eliminated Week 4,7,True,1,4,8,0,Tatum O'Neal,1,0,16.0
2,Stacy Keibler,2,29.0,3,Tony Dovolani,Athlete,Maryland,United States,26,3rd Place,3,True,1,8,8,0,Tatum O'Neal,1,0,29.0
2,Tatum O'Neal,2,17.0,3,Nick Kosovich,Actor/Actress,California,United States,42,Eliminated Week 2,9,True,1,2,8,1,Tatum O'Neal,1,0,17.0
2,Tia Carrere,2,22.0,3,Maksim Chmerkoskiy,Actor/Actress,Hawaii,United States,39,Eliminated Week 5,6,True,1,5,8,0,Tatum O'Neal,1,0,22.0
2,Drew Lachey,3,27.0,3,Cheryl Burke,Singer/Rapper,Ohio,United States,29,1st Place,1,True,1,8,8,0,Giselle Fernandez,1,0,27.0
2,George Hamilton,3,22.0,3,Edyta Sliwinska,Actor/Actress,Tennessee,United States,66,Eliminated Week 6,5,True,1,6,8,0,Giselle Fernandez,1,0,22.0
2,Giselle Fernandez,3,22.0,3,Jonathan Roberts,News Anchor,,Mexico,44,Eliminated Week 3,8,True,1,3,8,1,Giselle Fernandez,1,0,22.0
2,Jerry Rice,3,19.0,3,Anna Trebunskaya,Athlete,Mississippi,United States,43,2nd Place,2,True,1,8,8,0,Giselle Fernandez,1,0,19.0
2,Kenny Mayne,3,0.0,3,Andrea Hale,Sports Broadcaster,Washington,United States,46,Eliminated Week 1,10,True,0,1,8,0,Giselle Fernandez,1,0,
2,Lisa Rinna,3,25.0,3,Louis van Amstel,Actor/Actress,California,United States,42,Eliminated Week 7,4,True,1,7,8,0,Giselle Fernandez,1,0,25.0
2,Master P,3,14.0,3,Ashly DelGrosso,Singer/Rapper,Louisiana,United States,35,Eliminated Week 4,7,True,1,4,8,0,Giselle Fernandez,1,0,14.0
2,Stacy Keibler,3,27.0,3,Tony Dovolani,Athlete,Maryland,United States,26,3rd Place,3,True,1,8,8,0,Giselle Fernandez,1,0,27.0
2,Tatum O'Neal,3,0.0,3,Nick Kosovich,Actor/Actress,California,United States,42,Eliminated Week 2,9,True,0,2,8,0,Giselle Fernandez,1,0,
2,Tia Carrere,3,26.0,3,Maksim Chmerkoskiy,Actor/Actress,Hawaii,United States,39,Eliminated Week 5,6,True,1,5,8,0,Giselle Fernandez,1,0,26.0
2,Drew Lachey,4,28.0,3,Cheryl Burke,Singer/Rapper,Ohio,United States,29,1st Place,1,True,1,8,8,0,Master P,1,0,28.0
2,George Hamilton,4,21.0,3,Edyta Sliwinska,Actor/Actress,Tennessee,United States,66,Eliminated Week 6,5,True,1,6,8,0,Master P,1,0,21.0
2,Giselle Fernandez,4,0.0,3,Jonathan Roberts,News Anchor,,Mexico,44,Eliminated Week 3,8,True,0,3,8,0,Master P,1,0,
2,Jerry Rice,4,24.0,3,Anna Trebunskaya,Athlete,Mississippi,United States,43,2nd Place,2,True,1,8,8,0,Master P,1,0,24.0
2,Kenny Mayne,4,0.0,3,Andrea Hale,Sports Broadcaster,Washington,United States,46,Eliminated Week 1,10,True,0,1,8,0,Master P,1,0,
2,Lisa Rinna,4,26.0,3,Louis van Amstel,Actor/Actress,California,United States,42,Eliminated Week 7,4,True,1,7,8,0,Master P,1,0,26.0
2,Master P,4,8.0,3,Ashly DelGrosso,Singer/Rapper,Louisiana,United States,35,Eliminated Week 4,7,True,1,4,8,1,Master P,1,0,8.0
2,Stacy Keibler,4,26.0,3,Tony Dovolani,Athlete,Maryland,United States,26,3rd Place,3,True,1,8,8,0,Master P,1,0,26.0
2,Tatum O'Neal,4,0.0,3,Nick Kosovich,Actor/Actress,California,United States,42,Eliminated Week 2,9,True,0,2,8,0,Master P,1,0,
2,Tia Carrere,4,25.0,3,Maksim Chmerkoskiy,Actor/Actress,Hawaii,United States,39,Eliminated Week 5,6,True,1,5,8,0,Master P,1,0,25.0
2,Drew Lachey,5,27.0,3,Cheryl Burke,Singer/Rapper,Ohio,United States,29,1st Place,1,True,1,8,8,0,Tia Carrere,1,0,27.0
2,George Hamilton,5,24.0,3,Edyta Sliwinska,Actor/Actress,Tennessee,United States,66,Eliminated Week 6,5,True,1,6,8,0,Tia Carrere,1,0,24.0
2,Giselle Fernandez,5,0.0,3,Jonathan Roberts,News Anchor,,Mexico,44,Eliminated Week 3,8,True,0,3,8,0,Tia Carrere,1,0,
2,Jerry Rice,5,23.0,3,Anna Trebunskaya,Athlete,Mississippi,United States,43,2nd Place,2,True,1,8,8,0,Tia Carrere,1,0,23.0
2,Kenny Mayne,5,0.0,3,Andrea Hale,Sports Broadcaster,Washington,United States,46,Eliminated Week 1,10,True,0,1,8,0,Tia Carrere,1,0,
2,Lisa Rinna,5,25.0,3,Louis van Amstel,Actor/Actress,California,United States,42,Eliminated Week 7,4,True,1,7,8,0,Tia Carrere,1,0,25.0
2,Master P,5,0.0,3,Ashly DelGrosso,Singer/Rapper,Louisiana,United States,35,Eliminated Week 4,7,True,0,4,8,0,Tia Carrere,1,0,
2,Stacy Keibler,5,30.0,3,Tony Dovolani,Athlete,Maryland,United States,26,3rd Place,3,True,1,8,8,0,Tia Carrere,1,0,30.0
2,Tatum O'Neal,5,0.0,3,Nick Kosovich,Actor/Actress,California,United States,42,Eliminated Week 2,9,True,0,2,8,0,Tia Carrere,1,0,
2,Tia Carrere,5,22.0,3,Maksim Chmerkoskiy,Actor/Actress,Hawaii,United States,39,Eliminated Week 5,6,True,1,5,8,1,Tia Carrere,1,0,22.0
2,Drew Lachey,6,30.0,3,Cheryl Burke,Singer/Rapper,Ohio,United States,29,1st Place,1,True,1,8,8,0,George Hamilton,1,0,30.0
2,George Hamilton,6,23.0,3,Edyta Sliwinska,Actor/Actress,Tennessee,United States,66,Eliminated Week 6,5,True,1,6,8,1,George Hamilton,1,0,23.0
2,Giselle Fernandez,6,0.0,3,Jonathan Roberts,News Anchor,,Mexico,44,Eliminated Week 3,8,True,0,3,8,0,George Hamilton,1,0,
2,Jerry Rice,6,23.0,3,Anna Trebunskaya,Athlete,Mississippi,United States,43,2nd Place,2,True,1,8,8,0,George Hamilton,1,0,23.0
2,Kenny Mayne,6,0.0,3,Andrea Hale,Sports Broadcaster,Washington,United States,46,Eliminated Week 1,10,True,0,1,8,0,George Hamilton,1,0,
2,Lisa Rinna,6,27.0,3,Louis van Amstel,Actor/Actress,California,United States,42,Eliminated Week 7,4,True,1,7,8,0,George Hamilton,1,0,27.0
2,Master P,6,0.0,3,Ashly DelGrosso,Singer/Rapper,Louisiana,United States,35,Eliminated Week 4,7,True,0,4,8,0,George Hamilton,1,0,
2,Stacy Keibler,6,30.0,3,Tony Dovolani,Athlete,Maryland,United States,26,3rd Place,3,True,1,8,8,0,George Hamilton,1,0,30.0
2,Tatum O'Neal,6,0.0,3,Nick Kosovich,Actor/Actress,California,United States,42,Eliminated Week 2,9,True,0,2,8,0,George Hamilton,1,0,
2,Tia Carrere,6,0.0,3,Maksim Chmerkoskiy,Actor/Actress,Hawaii,United States,39,Eliminated Week 5,6,True,0,5,8,0,George Hamilton,1,0,
2,Drew Lachey,7,27.5,3,Cheryl Burke,Singer/Rapper,Ohio,United States,29,1st Place,1,True,1,8,8,0,Lisa Rinna,1,0,27.5
2,George Hamilton,7,0.0,3,Edyta Sliwinska,Actor/Actress,Tennessee,United States,66,Eliminated Week 6,5,True,0,6,8,0,Lisa Rinna,1,0,
2,Giselle Fernandez,7,0.0,3,Jonathan Roberts,News Anchor,,Mexico,44,Eliminated Week 3,8,True,0,3,8,0,Lisa Rinna,1,0,
2,Jerry Rice,7,20.5,3,Anna Trebunskaya,Athlete,Mississippi,United States,43,2nd Place,2,True,1,8,8,0,Lisa Rinna,1,0,20.5
2,Kenny Mayne,7,0.0,3,Andrea Hale,Sports Broadcaster,Washington,United States,46,Eliminated Week 1,10,True,0,1,8,0,Lisa Rinna,1,0,
2,Lisa Rinna,7,26.5,3,Louis van Amstel,Actor/Actress,California,United States,42,Eliminated Week 7,4,True,1,7,8,1,Lisa Rinna,1,0,26.5
2,Master P,7,0.0,3,Ashly DelGrosso,Singer/Rapper,Louisiana,United States,35,Eliminated Week 4,7,True,0,4,8,0,Lisa Rinna,1,0,
2,Stacy Keibler,7,27.5,3,Tony Dovolani,Athlete,Maryland,United States,26,3rd Place,3,True,1,8,8,0,Lisa Rinna,1,0,27.5
2,Tatum O'Neal,7,0.0,3,Nick Kosovich,Actor/Actress,California,United States,42,Eliminated Week 2,9,True,0,2,8,0,Lisa Rinna,1,0,
2,Tia Carrere,7,0.0,3,Maksim Chmerkoskiy,Actor/Actress,Hawaii,United States,39,Eliminated Week 5,6,True,0,5,8,0,Lisa Rinna,1,0,
2,Drew Lachey,8,28.9998,3,Cheryl Burke,Singer/Rapper,Ohio,United States,29,1st Place,1,True,1,8,8,0,,0,1,28.9998
2,George Hamilton,8,0.0,3,Edyta Sliwinska,Actor/Actress,Tennessee,United States,66,Eliminated Week 6,5,True,0,6,8,0,,0,1,
2,Giselle Fernandez,8,0.0,3,Jonathan Roberts,News Anchor,,Mexico,44,Eliminated Week 3,8,True,0,3,8,0,,0,1,
2,Jerry Rice,8,26.666600000000003,3,Anna Trebunskaya,Athlete,Mississippi,United States,43,2nd Place,2,True,1,8,8,0,,0,1,26.666600000000003
2,Kenny Mayne,8,0.0,3,Andrea Hale,Sports Broadcaster,Washington,United States,46,Eliminated Week 1,10,True,0,1,8,0,,0,1,
2,Lisa Rinna,8,0.0,3,Louis van Amstel,Actor/Actress,California,United States,42,Eliminated Week 7,4,True,0,7,8,0,,0,1,
2,Master P,8,0.0,3,Ashly DelGrosso,Singer/Rapper,Louisiana,United States,35,Eliminated Week 4,7,True,0,4,8,0,,0,1,
2,Stacy Keibler,8,28.6665,3,Tony Dovolani,Athlete,Maryland,United States,26,3rd Place,3,True,1,8,8,0,,0,1,28.6665
2,Tatum O'Neal,8,0.0,3,Nick Kosovich,Actor/Actress,California,United States,42,Eliminated Week 2,9,True,0,2,8,0,,0,1,
2,Tia Carrere,8,0.0,3,Maksim Chmerkoskiy,Actor/Actress,Hawaii,United States,39,Eliminated Week 5,6,True,0,5,8,0,,0,1,
2,Drew Lachey,9,,0,Cheryl Burke,Singer/Rapper,Ohio,United States,29,1st Place,1,False,0,8,8,0,,0,0,
2,George Hamilton,9,,0,Edyta Sliwinska,Actor/Actress,Tennessee,United States,66,Eliminated Week 6,5,False,0,6,8,0,,0,0,
2,Giselle Fernandez,9,,0,Jonathan Roberts,News Anchor,,Mexico,44,Eliminated Week 3,8,False,0,3,8,0,,0,0,
2,Jerry Rice,9,,0,Anna Trebunskaya,Athlete,Mississippi,United States,43,2nd Place,2,False,0,8,8,0,,0,0,
2,Kenny Mayne,9,,0,Andrea Hale,Sports Broadcaster,Washington,United States,46,Eliminated Week 1,10,False,0,1,8,0,,0,0,
2,Lisa Rinna,9,,0,Louis van Amstel,Actor/Actress,California,United States,42,Eliminated Week 7,4,False,0,7,8,0,,0,0,
2,Master P,9,,0,Ashly DelGrosso,Singer/Rapper,Louisiana,United States,35,Eliminated Week 4,7,False,0,4,8,0,,0,0,
2,Stacy Keibler,9,,0,Tony Dovolani,Athlete,Maryland,United States,26,3rd Place,3,False,0,8,8,0,,0,0,
2,Tatum O'Neal,9,,0,Nick Kosovich,Actor/Actress,California,United States,42,Eliminated Week 2,9,False,0,2,8,0,,0,0,
2,Tia Carrere,9,,0,Maksim Chmerkoskiy,Actor/Actress,Hawaii,United States,39,Eliminated Week 5,6,False,0,5,8,0,,0,0,
2,Drew Lachey,10,,0,Cheryl Burke,Singer/Rapper,Ohio,United States,29,1st Place,1,False,0,8,8,0,,0,0,
2,George Hamilton,10,,0,Edyta Sliwinska,Actor/Actress,Tennessee,United States,66,Eliminated Week 6,5,False,0,6,8,0,,0,0,
2,Giselle Fernandez,10,,0,Jonathan Roberts,News Anchor,,Mexico,44,Eliminated Week 3,8,False,0,3,8,0,,0,0,
2,Jerry Rice,10,,0,Anna Trebunskaya,Athlete,Mississippi,United States,43,2nd Place,2,False,0,8,8,0,,0,0,
2,Kenny Mayne,10,,0,Andrea Hale,Sports Broadcaster,Washington,United States,46,Eliminated Week 1,10,False,0,1,8,0,,0,0,
2,Lisa Rinna,10,,0,Louis van Amstel,Actor/Actress,California,United States,42,Eliminated Week 7,4,False,0,7,8,0,,0,0,
2,Master P,10,,0,Ashly DelGrosso,Singer/Rapper,Louisiana,United States,35,Eliminated Week 4,7,False,0,4,8,0,,0,0,
2,Stacy Keibler,10,,0,Tony Dovolani,Athlete,Maryland,United States,26,3rd Place,3,False,0,8,8,0,,0,0,
2,Tatum O'Neal,10,,0,Nick Kosovich,Actor/Actress,California,United States,42,Eliminated Week 2,9,False,0,2,8,0,,0,0,
2,Tia Carrere,10,,0,Maksim Chmerkoskiy,Actor/Actress,Hawaii,United States,39,Eliminated Week 5,6,False,0,5,8,0,,0,0,
2,Drew Lachey,11,,0,Cheryl Burke,Singer/Rapper,Ohio,United States,29,1st Place,1,False,0,8,8,0,,0,0,
2,George Hamilton,11,,0,Edyta Sliwinska,Actor/Actress,Tennessee,United States,66,Eliminated Week 6,5,False,0,6,8,0,,0,0,
2,Giselle Fernandez,11,,0,Jonathan Roberts,News Anchor,,Mexico,44,Eliminated Week 3,8,False,0,3,8,0,,0,0,
2,Jerry Rice,11,,0,Anna Trebunskaya,Athlete,Mississippi,United States,43,2nd Place,2,False,0,8,8,0,,0,0,
2,Kenny Mayne,11,,0,Andrea Hale,Sports Broadcaster,Washington,United States,46,Eliminated Week 1,10,False,0,1,8,0,,0,0,
2,Lisa Rinna,11,,0,Louis van Amstel,Actor/Actress,California,United States,42,Eliminated Week 7,4,False,0,7,8,0,,0,0,
2,Master P,11,,0,Ashly DelGrosso,Singer/Rapper,Louisiana,United States,35,Eliminated Week 4,7,False,0,4,8,0,,0,0,
2,Stacy Keibler,11,,0,Tony Dovolani,Athlete,Maryland,United States,26,3rd Place,3,False,0,8,8,0,,0,0,
2,Tatum O'Neal,11,,0,Nick Kosovich,Actor/Actress,California,United States,42,Eliminated Week 2,9,False,0,2,8,0,,0,0,
2,Tia Carrere,11,,0,Maksim Chmerkoskiy,Actor/Actress,Hawaii,United States,39,Eliminated Week 5,6,False,0,5,8,0,,0,0,
3,Emmitt Smith,1,24.0,3,Cheryl Burke,Athlete,Florida,United States,37,1st Place,1,True,1,10,10,0,Tucker Carlson,1,0,24.0
3,Harry Hamlin,1,17.0,3,Ashly DelGrosso,Actor/Actress,California,United States,54,Eliminated Week 3,9,True,1,3,10,0,Tucker Carlson,1,0,17.0
3,Jerry Springer,1,16.0,3,Kym Johnson,TV Personality,,England,62,Eliminated Week 7,5,True,1,7,10,0,Tucker Carlson,1,0,16.0
3,Joey Lawrence,1,21.0,3,Edyta Sliwinska,Actor/Actress,Pennsylvania,United States,30,3rd Place,3,True,1,9,10,0,Tucker Carlson,1,0,21.0
3,Mario Lopez,1,26.0,3,Karina Smirnoff,Actor/Actress,California,United States,32,2nd Place,2,True,1,10,10,0,Tucker Carlson,1,0,26.0
3,Monique Coleman,1,19.0,3,Louis van Amstel,Actor/Actress,South Carolina,United States,25,Eliminated Week 8,4,True,1,8,10,0,Tucker Carlson,1,0,19.0
3,Sara Evans,1,15.0,3,Tony Dovolani,Singer/Rapper,Missouri,United States,35,Withdrew,6,True,1,5,10,0,Tucker Carlson,1,0,15.0
3,Shanna Moakler,1,18.0,3,Jesse DeSoto,Model,Rhode Island,United States,31,Eliminated Week 2,10,True,1,2,10,0,Tucker Carlson,1,0,18.0
3,Tucker Carlson,1,12.0,3,Elena Grinenko,TV Personality,California,United States,37,Eliminated Week 1,11,True,1,1,10,1,Tucker Carlson,1,0,12.0
3,Vivica A. Fox,1,22.0,3,Nick Kosovich,Actor/Actress,Indiana,United States,42,Eliminated Week 4,8,True,1,4,10,0,Tucker Carlson,1,0,22.0
3,Willa Ford,1,22.0,3,Maksim Chmerkoskiy,Singer/Rapper,Florida,United States,25,Eliminated Week 5,7,True,1,5,10,0,Tucker Carlson,1,0,22.0
3,Emmitt Smith,2,24.0,3,Cheryl Burke,Athlete,Florida,United States,37,1st Place,1,True,1,10,10,0,Shanna Moakler,1,0,24.0
3,Harry Hamlin,2,21.0,3,Ashly DelGrosso,Actor/Actress,California,United States,54,Eliminated Week 3,9,True,1,3,10,0,Shanna Moakler,1,0,21.0
3,Jerry Springer,2,19.0,3,Kym Johnson,TV Personality,,England,62,Eliminated Week 7,5,True,1,7,10,0,Shanna Moakler,1,0,19.0
3,Joey Lawrence,2,29.0,3,Edyta Sliwinska,Actor/Actress,Pennsylvania,United States,30,3rd Place,3,True,1,9,10,0,Shanna Moakler,1,0,29.0
3,Mario Lopez,2,21.0,3,Karina Smirnoff,Actor/Actress,California,United States,32,2nd Place,2,True,1,10,10,0,Shanna Moakler,1,0,21.0
3,Monique Coleman,2,26.0,3,Louis van Amstel,Actor/Actress,South Carolina,United States,25,Eliminated Week 8,4,True,1,8,10,0,Shanna Moakler,1,0,26.0
3,Sara Evans,2,21.0,3,Tony Dovolani,Singer/Rapper,Missouri,United States,35,Withdrew,6,True,1,5,10,0,Shanna Moakler,1,0,21.0
3,Shanna Moakler,2,22.0,3,Jesse DeSoto,Model,Rhode Island,United States,31,Eliminated Week 2,10,True,1,2,10,1,Shanna Moakler,1,0,22.0
3,Tucker Carlson,2,0.0,3,Elena Grinenko,TV Personality,California,United States,37,Eliminated Week 1,11,True,0,1,10,0,Shanna Moakler,1,0,
3,Vivica A. Fox,2,24.0,3,Nick Kosovich,Actor/Actress,Indiana,United States,42,Eliminated Week 4,8,True,1,4,10,0,Shanna Moakler,1,0,24.0
3,Willa Ford,2,23.0,3,Maksim Chmerkoskiy,Singer/Rapper,Florida,United States,25,Eliminated Week 5,7,True,1,5,10,0,Shanna Moakler,1,0,23.0
3,Emmitt Smith,3,19.0,3,Cheryl Burke,Athlete,Florida,United States,37,1st Place,1,True,1,10,10,0,Harry Hamlin,1,0,19.0
3,Harry Hamlin,3,22.0,3,Ashly DelGrosso,Actor/Actress,California,United States,54,Eliminated Week 3,9,True,1,3,10,1,Harry Hamlin,1,0,22.0
3,Jerry Springer,3,21.0,3,Kym Johnson,TV Personality,,England,62,Eliminated Week 7,5,True,1,7,10,0,Harry Hamlin,1,0,21.0
3,Joey Lawrence,3,22.0,3,Edyta Sliwinska,Actor/Actress,Pennsylvania,United States,30,3rd Place,3,True,1,9,10,0,Harry Hamlin,1,0,22.0
3,Mario Lopez,3,22.0,3,Karina Smirnoff,Actor/Actress,California,United States,32,2nd Place,2,True,1,10,10,0,Harry Hamlin,1,0,22.0
3,Monique Coleman,3,27.0,3,Louis van Amstel,Actor/Actress,South Carolina,United States,25,Eliminated Week 8,4,True,1,8,10,0,Harry Hamlin,1,0,27.0
3,Sara Evans,3,25.0,3,Tony Dovolani,Singer/Rapper,Missouri,United States,35,Withdrew,6,True,1,5,10,0,Harry Hamlin,1,0,25.0
3,Shanna Moakler,3,0.0,3,Jesse DeSoto,Model,Rhode Island,United States,31,Eliminated Week 2,10,True,0,2,10,0,Harry Hamlin,1,0,
3,Tucker Carlson,3,0.0,3,Elena Grinenko,TV Personality,California,United States,37,Eliminated Week 1,11,True,0,1,10,0,Harry Hamlin,1,0,
3,Vivica A. Fox,3,27.0,3,Nick Kosovich,Actor/Actress,Indiana,United States,42,Eliminated Week 4,8,True,1,4,10,0,Harry Hamlin,1,0,27.0
3,Willa Ford,3,22.0,3,Maksim Chmerkoskiy,Singer/Rapper,Florida,United States,25,Eliminated Week 5,7,True,1,5,10,0,Harry Hamlin,1,0,22.0
3,Emmitt Smith,4,24.0,3,Cheryl Burke,Athlete,Florida,United States,37,1st Place,1,True,1,10,10,0,Vivica A. Fox,1,0,24.0
3,Harry Hamlin,4,0.0,3,Ashly DelGrosso,Actor/Actress,California,United States,54,Eliminated Week 3,9,True,0,3,10,0,Vivica A. Fox,1,0,
3,Jerry Springer,4,22.0,3,Kym Johnson,TV Personality,,England,62,Eliminated Week 7,5,True,1,7,10,0,Vivica A. Fox,1,0,22.0
3,Joey Lawrence,4,27.0,3,Edyta Sliwinska,Actor/Actress,Pennsylvania,United States,30,3rd Place,3,True,1,9,10,0,Vivica A. Fox,1,0,27.0
3,Mario Lopez,4,29.0,3,Karina Smirnoff,Actor/Actress,California,United States,32,2nd Place,2,True,1,10,10,0,Vivica A. Fox,1,0,29.0
3,Monique Coleman,4,24.0,3,Louis van Amstel,Actor/Actress,South Carolina,United States,25,Eliminated Week 8,4,True,1,8,10,0,Vivica A. Fox,1,0,24.0
3,Sara Evans,4,20.0,3,Tony Dovolani,Singer/Rapper,Missouri,United States,35,Withdrew,6,True,1,5,10,0,Vivica A. Fox,1,0,20.0
3,Shanna Moakler,4,0.0,3,Jesse DeSoto,Model,Rhode Island,United States,31,Eliminated Week 2,10,True,0,2,10,0,Vivica A. Fox,1,0,
3,Tucker Carlson,4,0.0,3,Elena Grinenko,TV Personality,California,United States,37,Eliminated Week 1,11,True,0,1,10,0,Vivica A. Fox,1,0,
3,Vivica A. Fox,4,24.0,3,Nick Kosovich,Actor/Actress,Indiana,United States,42,Eliminated Week 4,8,True,1,4,10,1,Vivica A. Fox,1,0,24.0
3,Willa Ford,4,28.0,3,Maksim Chmerkoskiy,Singer/Rapper,Florida,United States,25,Eliminated Week 5,7,True,1,5,10,0,Vivica A. Fox,1,0,28.0
3,Emmitt Smith,5,27.0,3,Cheryl Burke,Athlete,Florida,United States,37,1st Place,1,True,1,10,10,0,Sara Evans; Willa Ford,1,0,27.0
3,Harry Hamlin,5,0.0,3,Ashly DelGrosso,Actor/Actress,California,United States,54,Eliminated Week 3,9,True,0,3,10,0,Sara Evans; Willa Ford,1,0,
3,Jerry Springer,5,24.0,3,Kym Johnson,TV Personality,,England,62,Eliminated Week 7,5,True,1,7,10,0,Sara Evans; Willa Ford,1,0,24.0
3,Joey Lawrence,5,25.0,3,Edyta Sliwinska,Actor/Actress,Pennsylvania,United States,30,3rd Place,3,True,1,9,10,0,Sara Evans; Willa Ford,1,0,25.0
3,Mario Lopez,5,27.0,3,Karina Smirnoff,Actor/Actress,California,United States,32,2nd Place,2,True,1,10,10,0,Sara Evans; Willa Ford,1,0,27.0
3,Monique Coleman,5,27.0,3,Louis van Amstel,Actor/Actress,South Carolina,United States,25,Eliminated Week 8,4,True,1,8,10,0,Sara Evans; Willa Ford,1,0,27.0
3,Sara Evans,5,24.0,3,Tony Dovolani,Singer/Rapper,Missouri,United States,35,Withdrew,6,True,1,5,10,1,Sara Evans; Willa Ford,1,0,24.0
3,Shanna Moakler,5,0.0,3,Jesse DeSoto,Model,Rhode Island,United States,31,Eliminated Week 2,10,True,0,2,10,0,Sara Evans; Willa Ford,1,0,
3,Tucker Carlson,5,0.0,3,Elena Grinenko,TV Personality,California,United States,37,Eliminated Week 1,11,True,0,1,10,0,Sara Evans; Willa Ford,1,0,
3,Vivica A. Fox,5,0.0,3,Nick Kosovich,Actor/Actress,Indiana,United States,42,Eliminated Week 4,8,True,0,4,10,0,Sara Evans; Willa Ford,1,0,
3,Willa Ford,5,27.0,3,Maksim Chmerkoskiy,Singer/Rapper,Florida,United States,25,Eliminated Week 5,7,True,1,5,10,1,Sara Evans; Willa Ford,1,0,27.0
3,Emmitt Smith,6,25.0,3,Cheryl Burke,Athlete,Florida,United States,37,1st Place,1,True,1,10,10,0,,0,1,25.0
3,Harry Hamlin,6,0.0,3,Ashly DelGrosso,Actor/Actress,California,United States,54,Eliminated Week 3,9,True,0,3,10,0,,0,1,
3,Jerry Springer,6,18.0,3,Kym Johnson,TV Personality,,England,62,Eliminated Week 7,5,True,1,7,10,0,,0,1,18.0
3,Joey Lawrence,6,24.0,3,Edyta Sliwinska,Actor/Actress,Pennsylvania,United States,30,3rd Place,3,True,1,9,10,0,,0,1,24.0
3,Mario Lopez,6,28.0,3,Karina Smirnoff,Actor/Actress,California,United States,32,2nd Place,2,True,1,10,10,0,,0,1,28.0
3,Monique Coleman,6,23.0,3,Louis van Amstel,Actor/Actress,South Carolina,United States,25,Eliminated Week 8,4,True,1,8,10,0,,0,1,23.0
3,Sara Evans,6,0.0,3,Tony Dovolani,Singer/Rapper,Missouri,United States,35,Withdrew,6,True,0,5,10,0,,0,1,
3,Shanna Moakler,6,0.0,3,Jesse DeSoto,Model,Rhode Island,United States,31,Eliminated Week 2,10,True,0,2,10,0,,0,1,
3,Tucker Carlson,6,0.0,3,Elena Grinenko,TV Personality,California,United States,37,Eliminated Week 1,11,True,0,1,10,0,,0,1,
3,Vivica A. Fox,6,0.0,3,Nick Kosovich,Actor/Actress,Indiana,United States,42,Eliminated Week 4,8,True,0,4,10,0,,0,1,
3,Willa Ford,6,0.0,3,Maksim Chmerkoskiy,Singer/Rapper,Florida,United States,25,Eliminated Week 5,7,True,0,5,10,0,,0,1,
3,Emmitt Smith,7,28.5,3,Cheryl Burke,Athlete,Florida,United States,37,1st Place,1,True,1,10,10,0,Jerry Springer,1,0,28.5
3,Harry Hamlin,7,0.0,3,Ashly DelGrosso,Actor/Actress,California,United States,54,Eliminated Week 3,9,True,0,3,10,0,Jerry Springer,1,0,
3,Jerry Springer,7,23.0,3,Kym Johnson,TV Personality,,England,62,Eliminated Week 7,5,True,1,7,10,1,Jerry Springer,1,0,23.0
3,Joey Lawrence,7,28.5,3,Edyta Sliwinska,Actor/Actress,Pennsylvania,United States,30,3rd Place,3,True,1,9,10,0,Jerry Springer,1,0,28.5
3,Mario Lopez,7,28.0,3,Karina Smirnoff,Actor/Actress,California,United States,32,2nd Place,2,True,1,10,10,0,Jerry Springer,1,0,28.0
3,Monique Coleman,7,27.0,3,Louis van Amstel,Actor/Actress,South Carolina,United States,25,Eliminated Week 8,4,True,1,8,10,0,Jerry Springer,1,0,27.0
3,Sara Evans,7,0.0,3,Tony Dovolani,Singer/Rapper,Missouri,United States,35,Withdrew,6,True,0,5,10,0,Jerry Springer,1,0,
3,Shanna Moakler,7,0.0,3,Jesse DeSoto,Model,Rhode Island,United States,31,Eliminated Week 2,10,True,0,2,10,0,Jerry Springer,1,0,
3,Tucker Carlson,7,0.0,3,Elena Grinenko,TV Personality,California,United States,37,Eliminated Week 1,11,True,0,1,10,0,Jerry Springer,1,0,
3,Vivica A. Fox,7,0.0,3,Nick Kosovich,Actor/Actress,Indiana,United States,42,Eliminated Week 4,8,True,0,4,10,0,Jerry Springer,1,0,
3,Willa Ford,7,0.0,3,Maksim Chmerkoskiy,Singer/Rapper,Florida,United States,25,Eliminated Week 5,7,True,0,5,10,0,Jerry Springer,1,0,
3,Emmitt Smith,8,27.0,3,Cheryl Burke,Athlete,Florida,United States,37,1st Place,1,True,1,10,10,0,Monique Coleman,1,0,27.0
3,Harry Hamlin,8,0.0,3,Ashly DelGrosso,Actor/Actress,California,United States,54,Eliminated Week 3,9,True,0,3,10,0,Monique Coleman,1,0,
3,Jerry Springer,8,0.0,3,Kym Johnson,TV Personality,,England,62,Eliminated Week 7,5,True,0,7,10,0,Monique Coleman,1,0,
3,Joey Lawrence,8,27.0,3,Edyta Sliwinska,Actor/Actress,Pennsylvania,United States,30,3rd Place,3,True,1,9,10,0,Monique Coleman,1,0,27.0
3,Mario Lopez,8,28.5,3,Karina Smirnoff,Actor/Actress,California,United States,32,2nd Place,2,True,1,10,10,0,Monique Coleman,1,0,28.5
3,Monique Coleman,8,26.5,3,Louis van Amstel,Actor/Actress,South Carolina,United States,25,Eliminated Week 8,4,True,1,8,10,1,Monique Coleman,1,0,26.5
3,Sara Evans,8,0.0,3,Tony Dovolani,Singer/Rapper,Missouri,United States,35,Withdrew,6,True,0,5,10,0,Monique Coleman,1,0,
3,Shanna Moakler,8,0.0,3,Jesse DeSoto,Model,Rhode Island,United States,31,Eliminated Week 2,10,True,0,2,10,0,Monique Coleman,1,0,
3,Tucker Carlson,8,0.0,3,Elena Grinenko,TV Personality,California,United States,37,Eliminated Week 1,11,True,0,1,10,0,Monique Coleman,1,0,
3,Vivica A. Fox,8,0.0,3,Nick Kosovich,Actor/Actress,Indiana,United States,42,Eliminated Week 4,8,True,0,4,10,0,Monique Coleman,1,0,
3,Willa Ford,8,0.0,3,Maksim Chmerkoskiy,Singer/Rapper,Florida,United States,25,Eliminated Week 5,7,True,0,5,10,0,Monique Coleman,1,0,
3,Emmitt Smith,9,29.5,3,Cheryl Burke,Athlete,Florida,United States,37,1st Place,1,True,1,10,10,0,Joey Lawrence,1,0,29.5
3,Harry Hamlin,9,0.0,3,Ashly DelGrosso,Actor/Actress,California,United States,54,Eliminated Week 3,9,True,0,3,10,0,Joey Lawrence,1,0,
3,Jerry Springer,9,0.0,3,Kym Johnson,TV Personality,,England,62,Eliminated Week 7,5,True,0,7,10,0,Joey Lawrence,1,0,
3,Joey Lawrence,9,29.5,3,Edyta Sliwinska,Actor/Actress,Pennsylvania,United States,30,3rd Place,3,True,1,9,10,1,Joey Lawrence,1,0,29.5
3,Mario Lopez,9,29.5,3,Karina Smirnoff,Actor/Actress,California,United States,32,2nd Place,2,True,1,10,10,0,Joey Lawrence,1,0,29.5
3,Monique Coleman,9,0.0,3,Louis van Amstel,Actor/Actress,South Carolina,United States,25,Eliminated Week 8,4,True,0,8,10,0,Joey Lawrence,1,0,
3,Sara Evans,9,0.0,3,Tony Dovolani,Singer/Rapper,Missouri,United States,35,Withdrew,6,True,0,5,10,0,Joey Lawrence,1,0,
3,Shanna Moakler,9,0.0,3,Jesse DeSoto,Model,Rhode Island,United States,31,Eliminated Week 2,10,True,0,2,10,0,Joey Lawrence,1,0,
3,Tucker Carlson,9,0.0,3,Elena Grinenko,TV Personality,California,United States,37,Eliminated Week 1,11,True,0,1,10,0,Joey Lawrence,1,0,
3,Vivica A. Fox,9,0.0,3,Nick Kosovich,Actor/Actress,Indiana,United States,42,Eliminated Week 4,8,True,0,4,10,0,Joey Lawrence,1,0,
3,Willa Ford,9,0.0,3,Maksim Chmerkoskiy,Singer/Rapper,Florida,United States,25,Eliminated Week 5,7,True,0,5,10,0,Joey Lawrence,1,0,
3,Emmitt Smith,10,29.666600000000003,3,Cheryl Burke,Athlete,Florida,United States,37,1st Place,1,True,1,10,10,0,,0,1,29.666600000000003
3,Harry Hamlin,10,0.0,3,Ashly DelGrosso,Actor/Actress,California,United States,54,Eliminated Week 3,9,True,0,3,10,0,,0,1,
3,Jerry Springer,10,0.0,3,Kym Johnson,TV Personality,,England,62,Eliminated Week 7,5,True,0,7,10,0,,0,1,
3,Joey Lawrence,10,0.0,3,Edyta Sliwinska,Actor/Actress,Pennsylvania,United States,30,3rd Place,3,True,0,9,10,0,,0,1,
3,Mario Lopez,10,29.666600000000003,3,Karina Smirnoff,Actor/Actress,California,United States,32,2nd Place,2,True,1,10,10,0,,0,1,29.666600000000003
3,Monique Coleman,10,0.0,3,Louis van Amstel,Actor/Actress,South Carolina,United States,25,Eliminated Week 8,4,True,0,8,10,0,,0,1,
3,Sara Evans,10,0.0,3,Tony Dovolani,Singer/Rapper,Missouri,United States,35,Withdrew,6,True,0,5,10,0,,0,1,
3,Shanna Moakler,10,0.0,3,Jesse DeSoto,Model,Rhode Island,United States,31,Eliminated Week 2,10,True,0,2,10,0,,0,1,
3,Tucker Carlson,10,0.0,3,Elena Grinenko,TV Personality,California,United States,37,Eliminated Week 1,11,True,0,1,10,0,,0,1,
3,Vivica A. Fox,10,0.0,3,Nick Kosovich,Actor/Actress,Indiana,United States,42,Eliminated Week 4,8,True,0,4,10,0,,0,1,
3,Willa Ford,10,0.0,3,Maksim Chmerkoskiy,Singer/Rapper,Florida,United States,25,Eliminated Week 5,7,True,0,5,10,0,,0,1,
3,Emmitt Smith,11,,0,Cheryl Burke,Athlete,Florida,United States,37,1st Place,1,False,0,10,10,0,,0,0,
3,Harry Hamlin,11,,0,Ashly DelGrosso,Actor/Actress,California,United States,54,Eliminated Week 3,9,False,0,3,10,0,,0,0,
3,Jerry Springer,11,,0,Kym Johnson,TV Personality,,England,62,Eliminated Week 7,5,False,0,7,10,0,,0,0,
3,Joey Lawrence,11,,0,Edyta Sliwinska,Actor/Actress,Pennsylvania,United States,30,3rd Place,3,False,0,9,10,0,,0,0,
3,Mario Lopez,11,,0,Karina Smirnoff,Actor/Actress,California,United States,32,2nd Place,2,False,0,10,10,0,,0,0,
3,Monique Coleman,11,,0,Louis van Amstel,Actor/Actress,South Carolina,United States,25,Eliminated Week 8,4,False,0,8,10,0,,0,0,
3,Sara Evans,11,,0,Tony Dovolani,Singer/Rapper,Missouri,United States,35,Withdrew,6,False,0,5,10,0,,0,0,
3,Shanna Moakler,11,,0,Jesse DeSoto,Model,Rhode Island,United States,31,Eliminated Week 2,10,False,0,2,10,0,,0,0,
3,Tucker Carlson,11,,0,Elena Grinenko,TV Personality,California,United States,37,Eliminated Week 1,11,False,0,1,10,0,,0,0,
3,Vivica A. Fox,11,,0,Nick Kosovich,Actor/Actress,Indiana,United States,42,Eliminated Week 4,8,False,0,4,10,0,,0,0,
3,Willa Ford,11,,0,Maksim Chmerkoskiy,Singer/Rapper,Florida,United States,25,Eliminated Week 5,7,False,0,5,10,0,,0,0,
4,Apolo Anton Ohno,1,21.0,3,Julianne Hough,Athlete,Washington,United States,24,1st Place,1,True,1,10,10,0,,0,1,21.0
4,Billy Ray Cyrus,1,13.0,3,Karina Smirnoff,Singer/Rapper,Kentucky,United States,45,Eliminated Week 8,5,True,1,8,10,0,,0,1,13.0
4,Clyde Drexler,1,16.0,3,Elena Grinenko,Athlete,Louisiana,United States,44,Eliminated Week 5,8,True,1,5,10,0,,0,1,16.0
4,Heather Mills,1,18.0,3,Jonathan Roberts,Model,,England,39,Eliminated Week 6,7,True,1,6,10,0,,0,1,18.0
4,Ian Ziering,1,21.0,3,Cheryl Burke,Actor/Actress,New Jersey,United States,42,Eliminated Week 9,4,True,1,9,10,0,,0,1,21.0
4,Joey Fatone,1,24.0,3,Kym Johnson,Singer/Rapper,New York,United States,30,2nd Place,2,True,1,10,10,0,,0,1,24.0
4,John Ratzenberger,1,17.0,3,Edyta Sliwinska,Actor/Actress,Connecticut,United States,59,Eliminated Week 7,6,True,1,7,10,0,,0,1,17.0
4,Laila Ali,1,23.0,3,Maksim Chmerkoskiy,Athlete,Florida,United States,29,3rd Place,3,True,1,10,10,0,,0,1,23.0
4,Leeza Gibbons,1,15.0,3,Tony Dovolani,TV Personality,South Carolina,United States,50,Eliminated Week 4,9,True,1,4,10,0,,0,1,15.0
4,Paulina Porizkova,1,19.0,3,Alec Mazo,Model,,Czechoslovakia,41,Eliminated Week 2,11,True,1,2,10,0,,0,1,19.0
4,Shandi Finnessey,1,19.0,3,Brian Fortuna,Beauty Pagent,Missouri,United States,28,Eliminated Week 3,10,True,1,3,10,0,,0,1,19.0
4,Apolo Anton Ohno,2,26.0,3,Julianne Hough,Athlete,Washington,United States,24,1st Place,1,True,1,10,10,0,Paulina Porizkova,1,0,26.0
4,Billy Ray Cyrus,2,21.0,3,Karina Smirnoff,Singer/Rapper,Kentucky,United States,45,Eliminated Week 8,5,True,1,8,10,0,Paulina Porizkova,1,0,21.0
4,Clyde Drexler,2,18.0,3,Elena Grinenko,Athlete,Louisiana,United States,44,Eliminated Week 5,8,True,1,5,10,0,Paulina Porizkova,1,0,18.0
4,Heather Mills,2,24.0,3,Jonathan Roberts,Model,,England,39,Eliminated Week 6,7,True,1,6,10,0,Paulina Porizkova,1,0,24.0
4,Ian Ziering,2,22.0,3,Cheryl Burke,Actor/Actress,New Jersey,United States,42,Eliminated Week 9,4,True,1,9,10,0,Paulina Porizkova,1,0,22.0
4,Joey Fatone,2,24.0,3,Kym Johnson,Singer/Rapper,New York,United States,30,2nd Place,2,True,1,10,10,0,Paulina Porizkova,1,0,24.0
4,John Ratzenberger,2,21.0,3,Edyta Sliwinska,Actor/Actress,Connecticut,United States,59,Eliminated Week 7,6,True,1,7,10,0,Paulina Porizkova,1,0,21.0
4,Laila Ali,2,27.0,3,Maksim Chmerkoskiy,Athlete,Florida,United States,29,3rd Place,3,True,1,10,10,0,Paulina Porizkova,1,0,27.0
4,Leeza Gibbons,2,21.0,3,Tony Dovolani,TV Personality,South Carolina,United States,50,Eliminated Week 4,9,True,1,4,10,0,Paulina Porizkova,1,0,21.0
4,Paulina Porizkova,2,21.0,3,Alec Mazo,Model,,Czechoslovakia,41,Eliminated Week 2,11,True,1,2,10,1,Paulina Porizkova,1,0,21.0
4,Shandi Finnessey,2,20.0,3,Brian Fortuna,Beauty Pagent,Missouri,United States,28,Eliminated Week 3,10,True,1,3,10,0,Paulina Porizkova,1,0,20.0
4,Apolo Anton Ohno,3,23.0,3,Julianne Hough,Athlete,Washington,United States,24,1st Place,1,True,1,10,10,0,Shandi Finnessey,1,0,23.0
4,Billy Ray Cyrus,3,21.0,3,Karina Smirnoff,Singer/Rapper,Kentucky,United States,45,Eliminated Week 8,5,True,1,8,10,0,Shandi Finnessey,1,0,21.0
4,Clyde Drexler,3,16.0,3,Elena Grinenko,Athlete,Louisiana,United States,44,Eliminated Week 5,8,True,1,5,10,0,Shandi Finnessey,1,0,16.0
4,Heather Mills,3,24.0,3,Jonathan Roberts,Model,,England,39,Eliminated Week 6,7,True,1,6,10,0,Shandi Finnessey,1,0,24.0
4,Ian Ziering,3,24.0,3,Cheryl Burke,Actor/Actress,New Jersey,United States,42,Eliminated Week 9,4,True,1,9,10,0,Shandi Finnessey,1,0,24.0
4,Joey Fatone,3,24.0,3,Kym Johnson,Singer/Rapper,New York,United States,30,2nd Place,2,True,1,10,10,0,Shandi Finnessey,1,0,24.0
4,John Ratzenberger,3,20.0,3,Edyta Sliwinska,Actor/Actress,Connecticut,United States,59,Eliminated Week 7,6,True,1,7,10,0,Shandi Finnessey,1,0,20.0
4,Laila Ali,3,21.0,3,Maksim Chmerkoskiy,Athlete,Florida,United States,29,3rd Place,3,True,1,10,10,0,Shandi Finnessey,1,0,21.0
4,Leeza Gibbons,3,24.0,3,Tony Dovolani,TV Personality,South Carolina,United States,50,Eliminated Week 4,9,True,1,4,10,0,Shandi Finnessey,1,0,24.0
4,Paulina Porizkova,3,0.0,3,Alec Mazo,Model,,Czechoslovakia,41,Eliminated Week 2,11,True,0,2,10,0,Shandi Finnessey,1,0,
4,Shandi Finnessey,3,21.0,3,Brian Fortuna,Beauty Pagent,Missouri,United States,28,Eliminated Week 3,10,True,1,3,10,1,Shandi Finnessey,1,0,21.0
4,Apolo Anton Ohno,4,26.0,3,Julianne Hough,Athlete,Washington,United States,24,1st Place,1,True,1,10,10,0,Leeza Gibbons,1,0,26.0
4,Billy Ray Cyrus,4,21.0,3,Karina Smirnoff,Singer/Rapper,Kentucky,United States,45,Eliminated Week 8,5,True,1,8,10,0,Leeza Gibbons,1,0,21.0
4,Clyde Drexler,4,15.0,3,Elena Grinenko,Athlete,Louisiana,United States,44,Eliminated Week 5,8,True,1,5,10,0,Leeza Gibbons,1,0,15.0
4,Heather Mills,4,23.0,3,Jonathan Roberts,Model,,England,39,Eliminated Week 6,7,True,1,6,10,0,Leeza Gibbons,1,0,23.0
4,Ian Ziering,4,24.0,3,Cheryl Burke,Actor/Actress,New Jersey,United States,42,Eliminated Week 9,4,True,1,9,10,0,Leeza Gibbons,1,0,24.0
4,Joey Fatone,4,28.0,3,Kym Johnson,Singer/Rapper,New York,United States,30,2nd Place,2,True,1,10,10,0,Leeza Gibbons,1,0,28.0
4,John Ratzenberger,4,16.0,3,Edyta Sliwinska,Actor/Actress,Connecticut,United States,59,Eliminated Week 7,6,True,1,7,10,0,Leeza Gibbons,1,0,16.0
4,Laila Ali,4,21.0,3,Maksim Chmerkoskiy,Athlete,Florida,United States,29,3rd Place,3,True,1,10,10,0,Leeza Gibbons,1,0,21.0
4,Leeza Gibbons,4,16.0,3,Tony Dovolani,TV Personality,South Carolina,United States,50,Eliminated Week 4,9,True,1,4,10,1,Leeza Gibbons,1,0,16.0
4,Paulina Porizkova,4,0.0,3,Alec Mazo,Model,,Czechoslovakia,41,Eliminated Week 2,11,True,0,2,10,0,Leeza Gibbons,1,0,
4,Shandi Finnessey,4,0.0,3,Brian Fortuna,Beauty Pagent,Missouri,United States,28,Eliminated Week 3,10,True,0,3,10,0,Leeza Gibbons,1,0,
4,Apolo Anton Ohno,5,30.0,3,Julianne Hough,Athlete,Washington,United States,24,1st Place,1,True,1,10,10,0,Clyde Drexler,1,0,30.0
4,Billy Ray Cyrus,5,17.0,3,Karina Smirnoff,Singer/Rapper,Kentucky,United States,45,Eliminated Week 8,5,True,1,8,10,0,Clyde Drexler,1,0,17.0
4,Clyde Drexler,5,13.0,3,Elena Grinenko,Athlete,Louisiana,United States,44,Eliminated Week 5,8,True,1,5,10,1,Clyde Drexler,1,0,13.0
4,Heather Mills,5,21.0,3,Jonathan Roberts,Model,,England,39,Eliminated Week 6,7,True,1,6,10,0,Clyde Drexler,1,0,21.0
4,Ian Ziering,5,24.0,3,Cheryl Burke,Actor/Actress,New Jersey,United States,42,Eliminated Week 9,4,True,1,9,10,0,Clyde Drexler,1,0,24.0
4,Joey Fatone,5,25.0,3,Kym Johnson,Singer/Rapper,New York,United States,30,2nd Place,2,True,1,10,10,0,Clyde Drexler,1,0,25.0
4,John Ratzenberger,5,18.0,3,Edyta Sliwinska,Actor/Actress,Connecticut,United States,59,Eliminated Week 7,6,True,1,7,10,0,Clyde Drexler,1,0,18.0
4,Laila Ali,5,28.0,3,Maksim Chmerkoskiy,Athlete,Florida,United States,29,3rd Place,3,True,1,10,10,0,Clyde Drexler,1,0,28.0
4,Leeza Gibbons,5,0.0,3,Tony Dovolani,TV Personality,South Carolina,United States,50,Eliminated Week 4,9,True,0,4,10,0,Clyde Drexler,1,0,
4,Paulina Porizkova,5,0.0,3,Alec Mazo,Model,,Czechoslovakia,41,Eliminated Week 2,11,True,0,2,10,0,Clyde Drexler,1,0,
4,Shandi Finnessey,5,0.0,3,Brian Fortuna,Beauty Pagent,Missouri,United States,28,Eliminated Week 3,10,True,0,3,10,0,Clyde Drexler,1,0,
4,Apolo Anton Ohno,6,28.0,3,Julianne Hough,Athlete,Washington,United States,24,1st Place,1,True,1,10,10,0,Heather Mills,1,0,28.0
4,Billy Ray Cyrus,6,21.0,3,Karina Smirnoff,Singer/Rapper,Kentucky,United States,45,Eliminated Week 8,5,True,1,8,10,0,Heather Mills,1,0,21.0
4,Clyde Drexler,6,0.0,3,Elena Grinenko,Athlete,Louisiana,United States,44,Eliminated Week 5,8,True,0,5,10,0,Heather Mills,1,0,
4,Heather Mills,6,23.0,3,Jonathan Roberts,Model,,England,39,Eliminated Week 6,7,True,1,6,10,1,Heather Mills,1,0,23.0
4,Ian Ziering,6,24.0,3,Cheryl Burke,Actor/Actress,New Jersey,United States,42,Eliminated Week 9,4,True,1,9,10,0,Heather Mills,1,0,24.0
4,Joey Fatone,6,27.0,3,Kym Johnson,Singer/Rapper,New York,United States,30,2nd Place,2,True,1,10,10,0,Heather Mills,1,0,27.0
4,John Ratzenberger,6,19.0,3,Edyta Sliwinska,Actor/Actress,Connecticut,United States,59,Eliminated Week 7,6,True,1,7,10,0,Heather Mills,1,0,19.0
4,Laila Ali,6,28.0,3,Maksim Chmerkoskiy,Athlete,Florida,United States,29,3rd Place,3,True,1,10,10,0,Heather Mills,1,0,28.0
4,Leeza Gibbons,6,0.0,3,Tony Dovolani,TV Personality,South Carolina,United States,50,Eliminated Week 4,9,True,0,4,10,0,Heather Mills,1,0,
4,Paulina Porizkova,6,0.0,3,Alec Mazo,Model,,Czechoslovakia,41,Eliminated Week 2,11,True,0,2,10,0,Heather Mills,1,0,
4,Shandi Finnessey,6,0.0,3,Brian Fortuna,Beauty Pagent,Missouri,United States,28,Eliminated Week 3,10,True,0,3,10,0,Heather Mills,1,0,
4,Apolo Anton Ohno,7,27.0,3,Julianne Hough,Athlete,Washington,United States,24,1st Place,1,True,1,10,10,0,John Ratzenberger,1,0,27.0
4,Billy Ray Cyrus,7,19.0,3,Karina Smirnoff,Singer/Rapper,Kentucky,United States,45,Eliminated Week 8,5,True,1,8,10,0,John Ratzenberger,1,0,19.0
4,Clyde Drexler,7,0.0,3,Elena Grinenko,Athlete,Louisiana,United States,44,Eliminated Week 5,8,True,0,5,10,0,John Ratzenberger,1,0,
4,Heather Mills,7,0.0,3,Jonathan Roberts,Model,,England,39,Eliminated Week 6,7,True,0,6,10,0,John Ratzenberger,1,0,
4,Ian Ziering,7,27.0,3,Cheryl Burke,Actor/Actress,New Jersey,United States,42,Eliminated Week 9,4,True,1,9,10,0,John Ratzenberger,1,0,27.0
4,Joey Fatone,7,29.5,3,Kym Johnson,Singer/Rapper,New York,United States,30,2nd Place,2,True,1,10,10,0,John Ratzenberger,1,0,29.5
4,John Ratzenberger,7,22.5,3,Edyta Sliwinska,Actor/Actress,Connecticut,United States,59,Eliminated Week 7,6,True,1,7,10,1,John Ratzenberger,1,0,22.5
4,Laila Ali,7,29.5,3,Maksim Chmerkoskiy,Athlete,Florida,United States,29,3rd Place,3,True,1,10,10,0,John Ratzenberger,1,0,29.5
4,Leeza Gibbons,7,0.0,3,Tony Dovolani,TV Personality,South Carolina,United States,50,Eliminated Week 4,9,True,0,4,10,0,John Ratzenberger,1,0,
4,Paulina Porizkova,7,0.0,3,Alec Mazo,Model,,Czechoslovakia,41,Eliminated Week 2,11,True,0,2,10,0,John Ratzenberger,1,0,
4,Shandi Finnessey,7,0.0,3,Brian Fortuna,Beauty Pagent,Missouri,United States,28,Eliminated Week 3,10,True,0,3,10,0,John Ratzenberger,1,0,
4,Apolo Anton Ohno,8,29.0,3,Julianne Hough,Athlete,Washington,United States,24,1st Place,1,True,1,10,10,0,Billy Ray Cyrus,1,0,29.0
4,Billy Ray Cyrus,8,19.0,3,Karina Smirnoff,Singer/Rapper,Kentucky,United States,45,Eliminated Week 8,5,True,1,8,10,1,Billy Ray Cyrus,1,0,19.0
4,Clyde Drexler,8,0.0,3,Elena Grinenko,Athlete,Louisiana,United States,44,Eliminated Week 5,8,True,0,5,10,0,Billy Ray Cyrus,1,0,
4,Heather Mills,8,0.0,3,Jonathan Roberts,Model,,England,39,Eliminated Week 6,7,True,0,6,10,0,Billy Ray Cyrus,1,0,
4,Ian Ziering,8,23.5,3,Cheryl Burke,Actor/Actress,New Jersey,United States,42,Eliminated Week 9,4,True,1,9,10,0,Billy Ray Cyrus,1,0,23.5
4,Joey Fatone,8,27.5,3,Kym Johnson,Singer/Rapper,New York,United States,30,2nd Place,2,True,1,10,10,0,Billy Ray Cyrus,1,0,27.5
4,John Ratzenberger,8,0.0,3,Edyta Sliwinska,Actor/Actress,Connecticut,United States,59,Eliminated Week 7,6,True,0,7,10,0,Billy Ray Cyrus,1,0,
4,Laila Ali,8,26.5,3,Maksim Chmerkoskiy,Athlete,Florida,United States,29,3rd Place,3,True,1,10,10,0,Billy Ray Cyrus,1,0,26.5
4,Leeza Gibbons,8,0.0,3,Tony Dovolani,TV Personality,South Carolina,United States,50,Eliminated Week 4,9,True,0,4,10,0,Billy Ray Cyrus,1,0,
4,Paulina Porizkova,8,0.0,3,Alec Mazo,Model,,Czechoslovakia,41,Eliminated Week 2,11,True,0,2,10,0,Billy Ray Cyrus,1,0,
4,Shandi Finnessey,8,0.0,3,Brian Fortuna,Beauty Pagent,Missouri,United States,28,Eliminated Week 3,10,True,0,3,10,0,Billy Ray Cyrus,1,0,
4,Apolo Anton Ohno,9,29.5,3,Julianne Hough,Athlete,Washington,United States,24,1st Place,1,True,1,10,10,0,Ian Ziering,1,0,29.5
4,Billy Ray Cyrus,9,0.0,3,Karina Smirnoff,Singer/Rapper,Kentucky,United States,45,Eliminated Week 8,5,True,0,8,10,0,Ian Ziering,1,0,
4,Clyde Drexler,9,0.0,3,Elena Grinenko,Athlete,Louisiana,United States,44,Eliminated Week 5,8,True,0,5,10,0,Ian Ziering,1,0,
4,Heather Mills,9,0.0,3,Jonathan Roberts,Model,,England,39,Eliminated Week 6,7,True,0,6,10,0,Ian Ziering,1,0,
4,Ian Ziering,9,29.0,3,Cheryl Burke,Actor/Actress,New Jersey,United States,42,Eliminated Week 9,4,True,1,9,10,1,Ian Ziering,1,0,29.0
4,Joey Fatone,9,30.0,3,Kym Johnson,Singer/Rapper,New York,United States,30,2nd Place,2,True,1,10,10,0,Ian Ziering,1,0,30.0
4,John Ratzenberger,9,0.0,3,Edyta Sliwinska,Actor/Actress,Connecticut,United States,59,Eliminated Week 7,6,True,0,7,10,0,Ian Ziering,1,0,
4,Laila Ali,9,30.0,3,Maksim Chmerkoskiy,Athlete,Florida,United States,29,3rd Place,3,True,1,10,10,0,Ian Ziering,1,0,30.0
4,Leeza Gibbons,9,0.0,3,Tony Dovolani,TV Personality,South Carolina,United States,50,Eliminated Week 4,9,True,0,4,10,0,Ian Ziering,1,0,
4,Paulina Porizkova,9,0.0,3,Alec Mazo,Model,,Czechoslovakia,41,Eliminated Week 2,11,True,0,2,10,0,Ian Ziering,1,0,
4,Shandi Finnessey,9,0.0,3,Brian Fortuna,Beauty Pagent,Missouri,United States,28,Eliminated Week 3,10,True,0,3,10,0,Ian Ziering,1,0,
4,Apolo Anton Ohno,10,29.3332,3,Julianne Hough,Athlete,Washington,United States,24,1st Place,1,True,1,10,10,0,,0,1,29.3332
4,Billy Ray Cyrus,10,0.0,3,Karina Smirnoff,Singer/Rapper,Kentucky,United States,45,Eliminated Week 8,5,True,0,8,10,0,,0,1,
4,Clyde Drexler,10,0.0,3,Elena Grinenko,Athlete,Louisiana,United States,44,Eliminated Week 5,8,True,0,5,10,0,,0,1,
4,Heather Mills,10,0.0,3,Jonathan Roberts,Model,,England,39,Eliminated Week 6,7,True,0,6,10,0,,0,1,
4,Ian Ziering,10,0.0,3,Cheryl Burke,Actor/Actress,New Jersey,United States,42,Eliminated Week 9,4,True,0,9,10,0,,0,1,
4,Joey Fatone,10,28.6665,3,Kym Johnson,Singer/Rapper,New York,United States,30,2nd Place,2,True,1,10,10,0,,0,1,28.6665
4,John Ratzenberger,10,0.0,3,Edyta Sliwinska,Actor/Actress,Connecticut,United States,59,Eliminated Week 7,6,True,0,7,10,0,,0,1,
4,Laila Ali,10,28.333200000000005,3,Maksim Chmerkoskiy,Athlete,Florida,United States,29,3rd Place,3,True,1,10,10,0,,0,1,28.333200000000005
4,Leeza Gibbons,10,0.0,3,Tony Dovolani,TV Personality,South Carolina,United States,50,Eliminated Week 4,9,True,0,4,10,0,,0,1,
4,Paulina Porizkova,10,0.0,3,Alec Mazo,Model,,Czechoslovakia,41,Eliminated Week 2,11,True,0,2,10,0,,0,1,
4,Shandi Finnessey,10,0.0,3,Brian Fortuna,Beauty Pagent,Missouri,United States,28,Eliminated Week 3,10,True,0,3,10,0,,0,1,
4,Apolo Anton Ohno,11,,0,Julianne Hough,Athlete,Washington,United States,24,1st Place,1,False,0,10,10,0,,0,0,
4,Billy Ray Cyrus,11,,0,Karina Smirnoff,Singer/Rapper,Kentucky,United States,45,Eliminated Week 8,5,False,0,8,10,0,,0,0,
4,Clyde Drexler,11,,0,Elena Grinenko,Athlete,Louisiana,United States,44,Eliminated Week 5,8,False,0,5,10,0,,0,0,
4,Heather Mills,11,,0,Jonathan Roberts,Model,,England,39,Eliminated Week 6,7,False,0,6,10,0,,0,0,
4,Ian Ziering,11,,0,Cheryl Burke,Actor/Actress,New Jersey,United States,42,Eliminated Week 9,4,False,0,9,10,0,,0,0,
4,Joey Fatone,11,,0,Kym Johnson,Singer/Rapper,New York,United States,30,2nd Place,2,False,0,10,10,0,,0,0,
4,John Ratzenberger,11,,0,Edyta Sliwinska,Actor/Actress,Connecticut,United States,59,Eliminated Week 7,6,False,0,7,10,0,,0,0,
4,Laila Ali,11,,0,Maksim Chmerkoskiy,Athlete,Florida,United States,29,3rd Place,3,False,0,10,10,0,,0,0,
4,Leeza Gibbons,11,,0,Tony Dovolani,TV Personality,South Carolina,United States,50,Eliminated Week 4,9,False,0,4,10,0,,0,0,
4,Paulina Porizkova,11,,0,Alec Mazo,Model,,Czechoslovakia,41,Eliminated Week 2,11,False,0,2,10,0,,0,0,
4,Shandi Finnessey,11,,0,Brian Fortuna,Beauty Pagent,Missouri,United States,28,Eliminated Week 3,10,False,0,3,10,0,,0,0,
5,Albert Reed,1,21.0,3,Anna Trebunskaya,Model,Florida,United States,22,Eliminated Week 2,11,True,1,2,10,0,Josie Maran,1,0,21.0
5,Cameron Mathison,1,21.0,3,Edyta Sliwinska,Actor/Actress,,Canada,38,Eliminated Week 8,5,True,1,8,10,0,Josie Maran,1,0,21.0
5,Floyd Mayweather Jr. ,1,18.0,3,Karina Smirnoff,Athlete,Michigan,United States,30,Eliminated Week 4,9,True,1,4,10,0,Josie Maran,1,0,18.0
5,Helio Castroneves,1,25.0,3,Julianne Hough,Racing Driver,,Brazil,32,1st Place,1,True,1,10,10,0,Josie Maran,1,0,25.0
5,Jane Seymour,1,24.0,3,Tony Dovolani,Actor/Actress,,England,56,Eliminated Week 7,6,True,1,7,10,0,Josie Maran,1,0,24.0
5,Jennie Garth,1,21.0,3,Derek Hough,Actor/Actress,Illinois,United States,35,Eliminated Week 9,4,True,1,9,10,0,Josie Maran,1,0,21.0
5,Josie Maran,1,16.0,3,Alec Mazo,Model,California,United States,29,Eliminated Week 1,12,True,1,1,10,1,Josie Maran,1,0,16.0
5,Marie Osmond,1,21.0,3,Jonathan Roberts,Singer/Rapper,Utah,United States,47,3rd Place,3,True,1,10,10,0,Josie Maran,1,0,21.0
5,Mark Cuban,1,21.0,3,Kym Johnson,TV Personality,Pennsylvania,United States,49,Eliminated Week 5,8,True,1,5,10,0,Josie Maran,1,0,21.0
5,Mel B,1,24.0,3,Maksim Chmerkoskiy,Singer/Rapper,,England,32,2nd Place,2,True,1,10,10,0,Josie Maran,1,0,24.0
5,Sabrina Bryan,1,26.0,3,Mark Ballas,Actor/Actress,California,United States,23,Eliminated Week 6,7,True,1,6,10,0,Josie Maran,1,0,26.0
5,Wayne Newton,1,19.0,3,Cheryl Burke,Singer/Rapper,Virginia,United States,65,Eliminated Week 3,10,True,1,3,10,0,Josie Maran,1,0,19.0
5,Albert Reed,2,21.0,3,Anna Trebunskaya,Model,Florida,United States,22,Eliminated Week 2,11,True,1,2,10,1,Albert Reed,1,0,21.0
5,Cameron Mathison,2,21.0,3,Edyta Sliwinska,Actor/Actress,,Canada,38,Eliminated Week 8,5,True,1,8,10,0,Albert Reed,1,0,21.0
5,Floyd Mayweather Jr. ,2,21.0,3,Karina Smirnoff,Athlete,Michigan,United States,30,Eliminated Week 4,9,True,1,4,10,0,Albert Reed,1,0,21.0
5,Helio Castroneves,2,27.0,3,Julianne Hough,Racing Driver,,Brazil,32,1st Place,1,True,1,10,10,0,Albert Reed,1,0,27.0
5,Jane Seymour,2,21.0,3,Tony Dovolani,Actor/Actress,,England,56,Eliminated Week 7,6,True,1,7,10,0,Albert Reed,1,0,21.0
5,Jennie Garth,2,21.0,3,Derek Hough,Actor/Actress,Illinois,United States,35,Eliminated Week 9,4,True,1,9,10,0,Albert Reed,1,0,21.0
5,Josie Maran,2,0.0,3,Alec Mazo,Model,California,United States,29,Eliminated Week 1,12,True,0,1,10,0,Albert Reed,1,0,
5,Marie Osmond,2,24.0,3,Jonathan Roberts,Singer/Rapper,Utah,United States,47,3rd Place,3,True,1,10,10,0,Albert Reed,1,0,24.0
5,Mark Cuban,2,18.0,3,Kym Johnson,TV Personality,Pennsylvania,United States,49,Eliminated Week 5,8,True,1,5,10,0,Albert Reed,1,0,18.0
5,Mel B,2,23.0,3,Maksim Chmerkoskiy,Singer/Rapper,,England,32,2nd Place,2,True,1,10,10,0,Albert Reed,1,0,23.0
5,Sabrina Bryan,2,26.0,3,Mark Ballas,Actor/Actress,California,United States,23,Eliminated Week 6,7,True,1,6,10,0,Albert Reed,1,0,26.0
5,Wayne Newton,2,15.0,3,Cheryl Burke,Singer/Rapper,Virginia,United States,65,Eliminated Week 3,10,True,1,3,10,0,Albert Reed,1,0,15.0
5,Albert Reed,3,0.0,3,Anna Trebunskaya,Model,Florida,United States,22,Eliminated Week 2,11,True,0,2,10,0,Wayne Newton,1,0,
5,Cameron Mathison,3,23.0,3,Edyta Sliwinska,Actor/Actress,,Canada,38,Eliminated Week 8,5,True,1,8,10,0,Wayne Newton,1,0,23.0
5,Floyd Mayweather Jr. ,3,21.0,3,Karina Smirnoff,Athlete,Michigan,United States,30,Eliminated Week 4,9,True,1,4,10,0,Wayne Newton,1,0,21.0
5,Helio Castroneves,3,24.0,3,Julianne Hough,Racing Driver,,Brazil,32,1st Place,1,True,1,10,10,0,Wayne Newton,1,0,24.0
5,Jane Seymour,3,27.0,3,Tony Dovolani,Actor/Actress,,England,56,Eliminated Week 7,6,True,1,7,10,0,Wayne Newton,1,0,27.0
5,Jennie Garth,3,26.0,3,Derek Hough,Actor/Actress,Illinois,United States,35,Eliminated Week 9,4,True,1,9,10,0,Wayne Newton,1,0,26.0
5,Josie Maran,3,0.0,3,Alec Mazo,Model,California,United States,29,Eliminated Week 1,12,True,0,1,10,0,Wayne Newton,1,0,
5,Marie Osmond,3,26.0,3,Jonathan Roberts,Singer/Rapper,Utah,United States,47,3rd Place,3,True,1,10,10,0,Wayne Newton,1,0,26.0
5,Mark Cuban,3,20.0,3,Kym Johnson,TV Personality,Pennsylvania,United States,49,Eliminated Week 5,8,True,1,5,10,0,Wayne Newton,1,0,20.0
5,Mel B,3,27.0,3,Maksim Chmerkoskiy,Singer/Rapper,,England,32,2nd Place,2,True,1,10,10,0,Wayne Newton,1,0,27.0
5,Sabrina Bryan,3,27.0,3,Mark Ballas,Actor/Actress,California,United States,23,Eliminated Week 6,7,True,1,6,10,0,Wayne Newton,1,0,27.0
5,Wayne Newton,3,18.0,3,Cheryl Burke,Singer/Rapper,Virginia,United States,65,Eliminated Week 3,10,True,1,3,10,1,Wayne Newton,1,0,18.0
5,Albert Reed,4,0.0,3,Anna Trebunskaya,Model,Florida,United States,22,Eliminated Week 2,11,True,0,2,10,0,Floyd Mayweather Jr. ,1,0,
5,Cameron Mathison,4,27.0,3,Edyta Sliwinska,Actor/Actress,,Canada,38,Eliminated Week 8,5,True,1,8,10,0,Floyd Mayweather Jr. ,1,0,27.0
5,Floyd Mayweather Jr. ,4,23.0,3,Karina Smirnoff,Athlete,Michigan,United States,30,Eliminated Week 4,9,True,1,4,10,1,Floyd Mayweather Jr. ,1,0,23.0
5,Helio Castroneves,4,27.0,3,Julianne Hough,Racing Driver,,Brazil,32,1st Place,1,True,1,10,10,0,Floyd Mayweather Jr. ,1,0,27.0
5,Jane Seymour,4,26.0,3,Tony Dovolani,Actor/Actress,,England,56,Eliminated Week 7,6,True,1,7,10,0,Floyd Mayweather Jr. ,1,0,26.0
5,Jennie Garth,4,27.0,3,Derek Hough,Actor/Actress,Illinois,United States,35,Eliminated Week 9,4,True,1,9,10,0,Floyd Mayweather Jr. ,1,0,27.0
5,Josie Maran,4,0.0,3,Alec Mazo,Model,California,United States,29,Eliminated Week 1,12,True,0,1,10,0,Floyd Mayweather Jr. ,1,0,
5,Marie Osmond,4,26.0,3,Jonathan Roberts,Singer/Rapper,Utah,United States,47,3rd Place,3,True,1,10,10,0,Floyd Mayweather Jr. ,1,0,26.0
5,Mark Cuban,4,22.0,3,Kym Johnson,TV Personality,Pennsylvania,United States,49,Eliminated Week 5,8,True,1,5,10,0,Floyd Mayweather Jr. ,1,0,22.0
5,Mel B,4,26.0,3,Maksim Chmerkoskiy,Singer/Rapper,,England,32,2nd Place,2,True,1,10,10,0,Floyd Mayweather Jr. ,1,0,26.0
5,Sabrina Bryan,4,30.0,3,Mark Ballas,Actor/Actress,California,United States,23,Eliminated Week 6,7,True,1,6,10,0,Floyd Mayweather Jr. ,1,0,30.0
5,Wayne Newton,4,0.0,3,Cheryl Burke,Singer/Rapper,Virginia,United States,65,Eliminated Week 3,10,True,0,3,10,0,Floyd Mayweather Jr. ,1,0,
5,Albert Reed,5,0.0,3,Anna Trebunskaya,Model,Florida,United States,22,Eliminated Week 2,11,True,0,2,10,0,Mark Cuban,1,0,
5,Cameron Mathison,5,26.0,3,Edyta Sliwinska,Actor/Actress,,Canada,38,Eliminated Week 8,5,True,1,8,10,0,Mark Cuban,1,0,26.0
5,Floyd Mayweather Jr. ,5,0.0,3,Karina Smirnoff,Athlete,Michigan,United States,30,Eliminated Week 4,9,True,0,4,10,0,Mark Cuban,1,0,
5,Helio Castroneves,5,23.0,3,Julianne Hough,Racing Driver,,Brazil,32,1st Place,1,True,1,10,10,0,Mark Cuban,1,0,23.0
5,Jane Seymour,5,26.0,3,Tony Dovolani,Actor/Actress,,England,56,Eliminated Week 7,6,True,1,7,10,0,Mark Cuban,1,0,26.0
5,Jennie Garth,5,25.0,3,Derek Hough,Actor/Actress,Illinois,United States,35,Eliminated Week 9,4,True,1,9,10,0,Mark Cuban,1,0,25.0
5,Josie Maran,5,0.0,3,Alec Mazo,Model,California,United States,29,Eliminated Week 1,12,True,0,1,10,0,Mark Cuban,1,0,
5,Marie Osmond,5,21.0,3,Jonathan Roberts,Singer/Rapper,Utah,United States,47,3rd Place,3,True,1,10,10,0,Mark Cuban,1,0,21.0
5,Mark Cuban,5,21.0,3,Kym Johnson,TV Personality,Pennsylvania,United States,49,Eliminated Week 5,8,True,1,5,10,1,Mark Cuban,1,0,21.0
5,Mel B,5,29.0,3,Maksim Chmerkoskiy,Singer/Rapper,,England,32,2nd Place,2,True,1,10,10,0,Mark Cuban,1,0,29.0
5,Sabrina Bryan,5,28.0,3,Mark Ballas,Actor/Actress,California,United States,23,Eliminated Week 6,7,True,1,6,10,0,Mark Cuban,1,0,28.0
5,Wayne Newton,5,0.0,3,Cheryl Burke,Singer/Rapper,Virginia,United States,65,Eliminated Week 3,10,True,0,3,10,0,Mark Cuban,1,0,
5,Albert Reed,6,0.0,3,Anna Trebunskaya,Model,Florida,United States,22,Eliminated Week 2,11,True,0,2,10,0,Sabrina Bryan,1,0,
5,Cameron Mathison,6,25.0,3,Edyta Sliwinska,Actor/Actress,,Canada,38,Eliminated Week 8,5,True,1,8,10,0,Sabrina Bryan,1,0,25.0
5,Floyd Mayweather Jr. ,6,0.0,3,Karina Smirnoff,Athlete,Michigan,United States,30,Eliminated Week 4,9,True,0,4,10,0,Sabrina Bryan,1,0,
5,Helio Castroneves,6,28.0,3,Julianne Hough,Racing Driver,,Brazil,32,1st Place,1,True,1,10,10,0,Sabrina Bryan,1,0,28.0
5,Jane Seymour,6,22.0,3,Tony Dovolani,Actor/Actress,,England,56,Eliminated Week 7,6,True,1,7,10,0,Sabrina Bryan,1,0,22.0
5,Jennie Garth,6,27.0,3,Derek Hough,Actor/Actress,Illinois,United States,35,Eliminated Week 9,4,True,1,9,10,0,Sabrina Bryan,1,0,27.0
5,Josie Maran,6,0.0,3,Alec Mazo,Model,California,United States,29,Eliminated Week 1,12,True,0,1,10,0,Sabrina Bryan,1,0,
5,Marie Osmond,6,23.0,3,Jonathan Roberts,Singer/Rapper,Utah,United States,47,3rd Place,3,True,1,10,10,0,Sabrina Bryan,1,0,23.0
5,Mark Cuban,6,0.0,3,Kym Johnson,TV Personality,Pennsylvania,United States,49,Eliminated Week 5,8,True,0,5,10,0,Sabrina Bryan,1,0,
5,Mel B,6,30.0,3,Maksim Chmerkoskiy,Singer/Rapper,,England,32,2nd Place,2,True,1,10,10,0,Sabrina Bryan,1,0,30.0
5,Sabrina Bryan,6,25.0,3,Mark Ballas,Actor/Actress,California,United States,23,Eliminated Week 6,7,True,1,6,10,1,Sabrina Bryan,1,0,25.0
5,Wayne Newton,6,0.0,3,Cheryl Burke,Singer/Rapper,Virginia,United States,65,Eliminated Week 3,10,True,0,3,10,0,Sabrina Bryan,1,0,
5,Albert Reed,7,0.0,3,Anna Trebunskaya,Model,Florida,United States,22,Eliminated Week 2,11,True,0,2,10,0,Jane Seymour,1,0,
5,Cameron Mathison,7,25.5,3,Edyta Sliwinska,Actor/Actress,,Canada,38,Eliminated Week 8,5,True,1,8,10,0,Jane Seymour,1,0,25.5
5,Floyd Mayweather Jr. ,7,0.0,3,Karina Smirnoff,Athlete,Michigan,United States,30,Eliminated Week 4,9,True,0,4,10,0,Jane Seymour,1,0,
5,Helio Castroneves,7,26.0,3,Julianne Hough,Racing Driver,,Brazil,32,1st Place,1,True,1,10,10,0,Jane Seymour,1,0,26.0
5,Jane Seymour,7,25.0,3,Tony Dovolani,Actor/Actress,,England,56,Eliminated Week 7,6,True,1,7,10,1,Jane Seymour,1,0,25.0
5,Jennie Garth,7,26.5,3,Derek Hough,Actor/Actress,Illinois,United States,35,Eliminated Week 9,4,True,1,9,10,0,Jane Seymour,1,0,26.5
5,Josie Maran,7,0.0,3,Alec Mazo,Model,California,United States,29,Eliminated Week 1,12,True,0,1,10,0,Jane Seymour,1,0,
5,Marie Osmond,7,26.0,3,Jonathan Roberts,Singer/Rapper,Utah,United States,47,3rd Place,3,True,1,10,10,0,Jane Seymour,1,0,26.0
5,Mark Cuban,7,0.0,3,Kym Johnson,TV Personality,Pennsylvania,United States,49,Eliminated Week 5,8,True,0,5,10,0,Jane Seymour,1,0,
5,Mel B,7,27.0,3,Maksim Chmerkoskiy,Singer/Rapper,,England,32,2nd Place,2,True,1,10,10,0,Jane Seymour,1,0,27.0
5,Sabrina Bryan,7,0.0,3,Mark Ballas,Actor/Actress,California,United States,23,Eliminated Week 6,7,True,0,6,10,0,Jane Seymour,1,0,
5,Wayne Newton,7,0.0,3,Cheryl Burke,Singer/Rapper,Virginia,United States,65,Eliminated Week 3,10,True,0,3,10,0,Jane Seymour,1,0,
5,Albert Reed,8,0.0,3,Anna Trebunskaya,Model,Florida,United States,22,Eliminated Week 2,11,True,0,2,10,0,Cameron Mathison,1,0,
5,Cameron Mathison,8,25.5,3,Edyta Sliwinska,Actor/Actress,,Canada,38,Eliminated Week 8,5,True,1,8,10,1,Cameron Mathison,1,0,25.5
5,Floyd Mayweather Jr. ,8,0.0,3,Karina Smirnoff,Athlete,Michigan,United States,30,Eliminated Week 4,9,True,0,4,10,0,Cameron Mathison,1,0,
5,Helio Castroneves,8,28.5,3,Julianne Hough,Racing Driver,,Brazil,32,1st Place,1,True,1,10,10,0,Cameron Mathison,1,0,28.5
5,Jane Seymour,8,0.0,3,Tony Dovolani,Actor/Actress,,England,56,Eliminated Week 7,6,True,0,7,10,0,Cameron Mathison,1,0,
5,Jennie Garth,8,25.0,3,Derek Hough,Actor/Actress,Illinois,United States,35,Eliminated Week 9,4,True,1,9,10,0,Cameron Mathison,1,0,25.0
5,Josie Maran,8,0.0,3,Alec Mazo,Model,California,United States,29,Eliminated Week 1,12,True,0,1,10,0,Cameron Mathison,1,0,
5,Marie Osmond,8,24.5,3,Jonathan Roberts,Singer/Rapper,Utah,United States,47,3rd Place,3,True,1,10,10,0,Cameron Mathison,1,0,24.5
5,Mark Cuban,8,0.0,3,Kym Johnson,TV Personality,Pennsylvania,United States,49,Eliminated Week 5,8,True,0,5,10,0,Cameron Mathison,1,0,
5,Mel B,8,28.0,3,Maksim Chmerkoskiy,Singer/Rapper,,England,32,2nd Place,2,True,1,10,10,0,Cameron Mathison,1,0,28.0
5,Sabrina Bryan,8,0.0,3,Mark Ballas,Actor/Actress,California,United States,23,Eliminated Week 6,7,True,0,6,10,0,Cameron Mathison,1,0,
5,Wayne Newton,8,0.0,3,Cheryl Burke,Singer/Rapper,Virginia,United States,65,Eliminated Week 3,10,True,0,3,10,0,Cameron Mathison,1,0,
5,Albert Reed,9,0.0,3,Anna Trebunskaya,Model,Florida,United States,22,Eliminated Week 2,11,True,0,2,10,0,Jennie Garth,1,0,
5,Cameron Mathison,9,0.0,3,Edyta Sliwinska,Actor/Actress,,Canada,38,Eliminated Week 8,5,True,0,8,10,0,Jennie Garth,1,0,
5,Floyd Mayweather Jr. ,9,0.0,3,Karina Smirnoff,Athlete,Michigan,United States,30,Eliminated Week 4,9,True,0,4,10,0,Jennie Garth,1,0,
5,Helio Castroneves,9,30.0,3,Julianne Hough,Racing Driver,,Brazil,32,1st Place,1,True,1,10,10,0,Jennie Garth,1,0,30.0
5,Jane Seymour,9,0.0,3,Tony Dovolani,Actor/Actress,,England,56,Eliminated Week 7,6,True,0,7,10,0,Jennie Garth,1,0,
5,Jennie Garth,9,29.0,3,Derek Hough,Actor/Actress,Illinois,United States,35,Eliminated Week 9,4,True,1,9,10,1,Jennie Garth,1,0,29.0
5,Josie Maran,9,0.0,3,Alec Mazo,Model,California,United States,29,Eliminated Week 1,12,True,0,1,10,0,Jennie Garth,1,0,
5,Marie Osmond,9,28.0,3,Jonathan Roberts,Singer/Rapper,Utah,United States,47,3rd Place,3,True,1,10,10,0,Jennie Garth,1,0,28.0
5,Mark Cuban,9,0.0,3,Kym Johnson,TV Personality,Pennsylvania,United States,49,Eliminated Week 5,8,True,0,5,10,0,Jennie Garth,1,0,
5,Mel B,9,30.0,3,Maksim Chmerkoskiy,Singer/Rapper,,England,32,2nd Place,2,True,1,10,10,0,Jennie Garth,1,0,30.0
5,Sabrina Bryan,9,0.0,3,Mark Ballas,Actor/Actress,California,United States,23,Eliminated Week 6,7,True,0,6,10,0,Jennie Garth,1,0,
5,Wayne Newton,9,0.0,3,Cheryl Burke,Singer/Rapper,Virginia,United States,65,Eliminated Week 3,10,True,0,3,10,0,Jennie Garth,1,0,
5,Albert Reed,10,0.0,3,Anna Trebunskaya,Model,Florida,United States,22,Eliminated Week 2,11,True,0,2,10,0,,0,1,
5,Cameron Mathison,10,0.0,3,Edyta Sliwinska,Actor/Actress,,Canada,38,Eliminated Week 8,5,True,0,8,10,0,,0,1,
5,Floyd Mayweather Jr. ,10,0.0,3,Karina Smirnoff,Athlete,Michigan,United States,30,Eliminated Week 4,9,True,0,4,10,0,,0,1,
5,Helio Castroneves,10,27.999900000000004,3,Julianne Hough,Racing Driver,,Brazil,32,1st Place,1,True,1,10,10,0,,0,1,27.999900000000004
5,Jane Seymour,10,0.0,3,Tony Dovolani,Actor/Actress,,England,56,Eliminated Week 7,6,True,0,7,10,0,,0,1,
5,Jennie Garth,10,0.0,3,Derek Hough,Actor/Actress,Illinois,United States,35,Eliminated Week 9,4,True,0,9,10,0,,0,1,
5,Josie Maran,10,0.0,3,Alec Mazo,Model,California,United States,29,Eliminated Week 1,12,True,0,1,10,0,,0,1,
5,Marie Osmond,10,23.0,3,Jonathan Roberts,Singer/Rapper,Utah,United States,47,3rd Place,3,True,1,10,10,0,,0,1,23.0
5,Mark Cuban,10,0.0,3,Kym Johnson,TV Personality,Pennsylvania,United States,49,Eliminated Week 5,8,True,0,5,10,0,,0,1,
5,Mel B,10,28.333199999999998,3,Maksim Chmerkoskiy,Singer/Rapper,,England,32,2nd Place,2,True,1,10,10,0,,0,1,28.333199999999998
5,Sabrina Bryan,10,0.0,3,Mark Ballas,Actor/Actress,California,United States,23,Eliminated Week 6,7,True,0,6,10,0,,0,1,
5,Wayne Newton,10,0.0,3,Cheryl Burke,Singer/Rapper,Virginia,United States,65,Eliminated Week 3,10,True,0,3,10,0,,0,1,
5,Albert Reed,11,,0,Anna Trebunskaya,Model,Florida,United States,22,Eliminated Week 2,11,False,0,2,10,0,,0,0,
5,Cameron Mathison,11,,0,Edyta Sliwinska,Actor/Actress,,Canada,38,Eliminated Week 8,5,False,0,8,10,0,,0,0,
5,Floyd Mayweather Jr. ,11,,0,Karina Smirnoff,Athlete,Michigan,United States,30,Eliminated Week 4,9,False,0,4,10,0,,0,0,
5,Helio Castroneves,11,,0,Julianne Hough,Racing Driver,,Brazil,32,1st Place,1,False,0,10,10,0,,0,0,
5,Jane Seymour,11,,0,Tony Dovolani,Actor/Actress,,England,56,Eliminated Week 7,6,False,0,7,10,0,,0,0,
5,Jennie Garth,11,,0,Derek Hough,Actor/Actress,Illinois,United States,35,Eliminated Week 9,4,False,0,9,10,0,,0,0,
5,Josie Maran,11,,0,Alec Mazo,Model,California,United States,29,Eliminated Week 1,12,False,0,1,10,0,,0,0,
5,Marie Osmond,11,,0,Jonathan Roberts,Singer/Rapper,Utah,United States,47,3rd Place,3,False,0,10,10,0,,0,0,
5,Mark Cuban,11,,0,Kym Johnson,TV Personality,Pennsylvania,United States,49,Eliminated Week 5,8,False,0,5,10,0,,0,0,
5,Mel B,11,,0,Maksim Chmerkoskiy,Singer/Rapper,,England,32,2nd Place,2,False,0,10,10,0,,0,0,
5,Sabrina Bryan,11,,0,Mark Ballas,Actor/Actress,California,United States,23,Eliminated Week 6,7,False,0,6,10,0,,0,0,
5,Wayne Newton,11,,0,Cheryl Burke,Singer/Rapper,Virginia,United States,65,Eliminated Week 3,10,False,0,3,10,0,,0,0,
6,Adam Carolla,1,15.0,3,Julianne Hough,Radio Personality,California,United States,43,Eliminated Week 4,9,True,1,4,10,0,,0,1,15.0
6,Cristian de la Fuente,1,21.0,3,Cheryl Burke,Actor/Actress,,Chile,34,3rd Place,3,True,1,10,10,0,,0,1,21.0
6,Jason Taylor,1,22.0,3,Edyta Sliwinska,Athlete,Pennsylvania,United States,33,2nd Place,2,True,1,10,10,0,,0,1,22.0
6,Kristi Yamaguchi,1,27.0,3,Mark Ballas,Athlete,California,United States,36,1st Place,1,True,1,10,10,0,,0,1,27.0
6,Mario,1,24.0,3,Karina Smirnoff,Singer/Rapper,Maryland,United States,21,Eliminated Week 8,5,True,1,8,10,0,,0,1,24.0
6,Marissa Jaret Winokur,1,18.0,3,Tony Dovolani,Actor/Actress,New York,United States,35,Eliminated Week 9,4,True,1,9,10,0,,0,1,18.0
6,Marlee Matlin,1,22.0,3,Fabian Sanchez,Actor/Actress,Illinois,United States,42,Eliminated Week 6,7,True,1,6,10,0,,0,1,22.0
6,Monica Seles,1,15.0,3,Jonathan Roberts,Athlete,,Yugoslavia,34,Eliminated Week 2,11,True,1,2,10,0,,0,1,15.0
6,Penn Jillette,1,16.0,3,Kym Johnson,Magician,Massachusetts,United States,53,Eliminated Week 2,12,True,1,2,10,0,,0,1,16.0
6,Priscilla Presley,1,24.0,3,Louis van Amstel,Actor/Actress,New York,United States,62,Eliminated Week 5,8,True,1,5,10,0,,0,1,24.0
6,Shannon Elizabeth,1,21.0,3,Derek Hough,Actor/Actress,Texas,United States,34,Eliminated Week 7,6,True,1,7,10,0,,0,1,21.0
6,Steve Guttenberg,1,18.0,3,Anna Trebunskaya,Actor/Actress,New York,United States,49,Eliminated Week 3,10,True,1,3,10,0,,0,1,18.0
6,Adam Carolla,2,19.0,3,Julianne Hough,Radio Personality,California,United States,43,Eliminated Week 4,9,True,1,4,10,0,Monica Seles; Penn Jillette,1,0,19.0
6,Cristian de la Fuente,2,20.0,3,Cheryl Burke,Actor/Actress,,Chile,34,3rd Place,3,True,1,10,10,0,Monica Seles; Penn Jillette,1,0,20.0
6,Jason Taylor,2,27.0,3,Edyta Sliwinska,Athlete,Pennsylvania,United States,33,2nd Place,2,True,1,10,10,0,Monica Seles; Penn Jillette,1,0,27.0
6,Kristi Yamaguchi,2,27.0,3,Mark Ballas,Athlete,California,United States,36,1st Place,1,True,1,10,10,0,Monica Seles; Penn Jillette,1,0,27.0
6,Mario,2,26.0,3,Karina Smirnoff,Singer/Rapper,Maryland,United States,21,Eliminated Week 8,5,True,1,8,10,0,Monica Seles; Penn Jillette,1,0,26.0
6,Marissa Jaret Winokur,2,21.0,3,Tony Dovolani,Actor/Actress,New York,United States,35,Eliminated Week 9,4,True,1,9,10,0,Monica Seles; Penn Jillette,1,0,21.0
6,Marlee Matlin,2,24.0,3,Fabian Sanchez,Actor/Actress,Illinois,United States,42,Eliminated Week 6,7,True,1,6,10,0,Monica Seles; Penn Jillette,1,0,24.0
6,Monica Seles,2,15.0,3,Jonathan Roberts,Athlete,,Yugoslavia,34,Eliminated Week 2,11,True,1,2,10,1,Monica Seles; Penn Jillette,1,0,15.0
6,Penn Jillette,2,17.0,3,Kym Johnson,Magician,Massachusetts,United States,53,Eliminated Week 2,12,True,1,2,10,1,Monica Seles; Penn Jillette,1,0,17.0
6,Priscilla Presley,2,21.0,3,Louis van Amstel,Actor/Actress,New York,United States,62,Eliminated Week 5,8,True,1,5,10,0,Monica Seles; Penn Jillette,1,0,21.0
6,Shannon Elizabeth,2,24.0,3,Derek Hough,Actor/Actress,Texas,United States,34,Eliminated Week 7,6,True,1,7,10,0,Monica Seles; Penn Jillette,1,0,24.0
6,Steve Guttenberg,2,16.0,3,Anna Trebunskaya,Actor/Actress,New York,United States,49,Eliminated Week 3,10,True,1,3,10,0,Monica Seles; Penn Jillette,1,0,16.0
6,Adam Carolla,3,21.0,3,Julianne Hough,Radio Personality,California,United States,43,Eliminated Week 4,9,True,1,4,10,0,Steve Guttenberg,1,0,21.0
6,Cristian de la Fuente,3,25.0,3,Cheryl Burke,Actor/Actress,,Chile,34,3rd Place,3,True,1,10,10,0,Steve Guttenberg,1,0,25.0
6,Jason Taylor,3,23.0,3,Edyta Sliwinska,Athlete,Pennsylvania,United States,33,2nd Place,2,True,1,10,10,0,Steve Guttenberg,1,0,23.0
6,Kristi Yamaguchi,3,27.0,3,Mark Ballas,Athlete,California,United States,36,1st Place,1,True,1,10,10,0,Steve Guttenberg,1,0,27.0
6,Mario,3,21.0,3,Karina Smirnoff,Singer/Rapper,Maryland,United States,21,Eliminated Week 8,5,True,1,8,10,0,Steve Guttenberg,1,0,21.0
6,Marissa Jaret Winokur,3,19.0,3,Tony Dovolani,Actor/Actress,New York,United States,35,Eliminated Week 9,4,True,1,9,10,0,Steve Guttenberg,1,0,19.0
6,Marlee Matlin,3,21.0,3,Fabian Sanchez,Actor/Actress,Illinois,United States,42,Eliminated Week 6,7,True,1,6,10,0,Steve Guttenberg,1,0,21.0
6,Monica Seles,3,0.0,3,Jonathan Roberts,Athlete,,Yugoslavia,34,Eliminated Week 2,11,True,0,2,10,0,Steve Guttenberg,1,0,
6,Penn Jillette,3,0.0,3,Kym Johnson,Magician,Massachusetts,United States,53,Eliminated Week 2,12,True,0,2,10,0,Steve Guttenberg,1,0,
6,Priscilla Presley,3,26.0,3,Louis van Amstel,Actor/Actress,New York,United States,62,Eliminated Week 5,8,True,1,5,10,0,Steve Guttenberg,1,0,26.0
6,Shannon Elizabeth,3,24.0,3,Derek Hough,Actor/Actress,Texas,United States,34,Eliminated Week 7,6,True,1,7,10,0,Steve Guttenberg,1,0,24.0
6,Steve Guttenberg,3,21.0,3,Anna Trebunskaya,Actor/Actress,New York,United States,49,Eliminated Week 3,10,True,1,3,10,1,Steve Guttenberg,1,0,21.0
6,Adam Carolla,4,19.0,3,Julianne Hough,Radio Personality,California,United States,43,Eliminated Week 4,9,True,1,4,10,1,Adam Carolla,1,0,19.0
6,Cristian de la Fuente,4,26.0,3,Cheryl Burke,Actor/Actress,,Chile,34,3rd Place,3,True,1,10,10,0,Adam Carolla,1,0,26.0
6,Jason Taylor,4,29.0,3,Edyta Sliwinska,Athlete,Pennsylvania,United States,33,2nd Place,2,True,1,10,10,0,Adam Carolla,1,0,29.0
6,Kristi Yamaguchi,4,29.0,3,Mark Ballas,Athlete,California,United States,36,1st Place,1,True,1,10,10,0,Adam Carolla,1,0,29.0
6,Mario,4,24.0,3,Karina Smirnoff,Singer/Rapper,Maryland,United States,21,Eliminated Week 8,5,True,1,8,10,0,Adam Carolla,1,0,24.0
6,Marissa Jaret Winokur,4,24.0,3,Tony Dovolani,Actor/Actress,New York,United States,35,Eliminated Week 9,4,True,1,9,10,0,Adam Carolla,1,0,24.0
6,Marlee Matlin,4,24.0,3,Fabian Sanchez,Actor/Actress,Illinois,United States,42,Eliminated Week 6,7,True,1,6,10,0,Adam Carolla,1,0,24.0
6,Monica Seles,4,0.0,3,Jonathan Roberts,Athlete,,Yugoslavia,34,Eliminated Week 2,11,True,0,2,10,0,Adam Carolla,1,0,
6,Penn Jillette,4,0.0,3,Kym Johnson,Magician,Massachusetts,United States,53,Eliminated Week 2,12,True,0,2,10,0,Adam Carolla,1,0,
6,Priscilla Presley,4,22.0,3,Louis van Amstel,Actor/Actress,New York,United States,62,Eliminated Week 5,8,True,1,5,10,0,Adam Carolla,1,0,22.0
6,Shannon Elizabeth,4,28.0,3,Derek Hough,Actor/Actress,Texas,United States,34,Eliminated Week 7,6,True,1,7,10,0,Adam Carolla,1,0,28.0
6,Steve Guttenberg,4,0.0,3,Anna Trebunskaya,Actor/Actress,New York,United States,49,Eliminated Week 3,10,True,0,3,10,0,Adam Carolla,1,0,
6,Adam Carolla,5,0.0,3,Julianne Hough,Radio Personality,California,United States,43,Eliminated Week 4,9,True,0,4,10,0,Priscilla Presley,1,0,
6,Cristian de la Fuente,5,23.0,3,Cheryl Burke,Actor/Actress,,Chile,34,3rd Place,3,True,1,10,10,0,Priscilla Presley,1,0,23.0
6,Jason Taylor,5,27.0,3,Edyta Sliwinska,Athlete,Pennsylvania,United States,33,2nd Place,2,True,1,10,10,0,Priscilla Presley,1,0,27.0
6,Kristi Yamaguchi,5,29.0,3,Mark Ballas,Athlete,California,United States,36,1st Place,1,True,1,10,10,0,Priscilla Presley,1,0,29.0
6,Mario,5,27.0,3,Karina Smirnoff,Singer/Rapper,Maryland,United States,21,Eliminated Week 8,5,True,1,8,10,0,Priscilla Presley,1,0,27.0
6,Marissa Jaret Winokur,5,24.0,3,Tony Dovolani,Actor/Actress,New York,United States,35,Eliminated Week 9,4,True,1,9,10,0,Priscilla Presley,1,0,24.0
6,Marlee Matlin,5,22.0,3,Fabian Sanchez,Actor/Actress,Illinois,United States,42,Eliminated Week 6,7,True,1,6,10,0,Priscilla Presley,1,0,22.0
6,Monica Seles,5,0.0,3,Jonathan Roberts,Athlete,,Yugoslavia,34,Eliminated Week 2,11,True,0,2,10,0,Priscilla Presley,1,0,
6,Penn Jillette,5,0.0,3,Kym Johnson,Magician,Massachusetts,United States,53,Eliminated Week 2,12,True,0,2,10,0,Priscilla Presley,1,0,
6,Priscilla Presley,5,21.0,3,Louis van Amstel,Actor/Actress,New York,United States,62,Eliminated Week 5,8,True,1,5,10,1,Priscilla Presley,1,0,21.0
6,Shannon Elizabeth,5,23.0,3,Derek Hough,Actor/Actress,Texas,United States,34,Eliminated Week 7,6,True,1,7,10,0,Priscilla Presley,1,0,23.0
6,Steve Guttenberg,5,0.0,3,Anna Trebunskaya,Actor/Actress,New York,United States,49,Eliminated Week 3,10,True,0,3,10,0,Priscilla Presley,1,0,
6,Adam Carolla,6,0.0,3,Julianne Hough,Radio Personality,California,United States,43,Eliminated Week 4,9,True,0,4,10,0,Marlee Matlin,1,0,
6,Cristian de la Fuente,6,27.0,3,Cheryl Burke,Actor/Actress,,Chile,34,3rd Place,3,True,1,10,10,0,Marlee Matlin,1,0,27.0
6,Jason Taylor,6,24.0,3,Edyta Sliwinska,Athlete,Pennsylvania,United States,33,2nd Place,2,True,1,10,10,0,Marlee Matlin,1,0,24.0
6,Kristi Yamaguchi,6,30.0,3,Mark Ballas,Athlete,California,United States,36,1st Place,1,True,1,10,10,0,Marlee Matlin,1,0,30.0
6,Mario,6,28.0,3,Karina Smirnoff,Singer/Rapper,Maryland,United States,21,Eliminated Week 8,5,True,1,8,10,0,Marlee Matlin,1,0,28.0
6,Marissa Jaret Winokur,6,26.0,3,Tony Dovolani,Actor/Actress,New York,United States,35,Eliminated Week 9,4,True,1,9,10,0,Marlee Matlin,1,0,26.0
6,Marlee Matlin,6,21.0,3,Fabian Sanchez,Actor/Actress,Illinois,United States,42,Eliminated Week 6,7,True,1,6,10,1,Marlee Matlin,1,0,21.0
6,Monica Seles,6,0.0,3,Jonathan Roberts,Athlete,,Yugoslavia,34,Eliminated Week 2,11,True,0,2,10,0,Marlee Matlin,1,0,
6,Penn Jillette,6,0.0,3,Kym Johnson,Magician,Massachusetts,United States,53,Eliminated Week 2,12,True,0,2,10,0,Marlee Matlin,1,0,
6,Priscilla Presley,6,0.0,3,Louis van Amstel,Actor/Actress,New York,United States,62,Eliminated Week 5,8,True,0,5,10,0,Marlee Matlin,1,0,
6,Shannon Elizabeth,6,24.0,3,Derek Hough,Actor/Actress,Texas,United States,34,Eliminated Week 7,6,True,1,7,10,0,Marlee Matlin,1,0,24.0
6,Steve Guttenberg,6,0.0,3,Anna Trebunskaya,Actor/Actress,New York,United States,49,Eliminated Week 3,10,True,0,3,10,0,Marlee Matlin,1,0,
6,Adam Carolla,7,0.0,3,Julianne Hough,Radio Personality,California,United States,43,Eliminated Week 4,9,True,0,4,10,0,Shannon Elizabeth,1,0,
6,Cristian de la Fuente,7,23.0,3,Cheryl Burke,Actor/Actress,,Chile,34,3rd Place,3,True,1,10,10,0,Shannon Elizabeth,1,0,23.0
6,Jason Taylor,7,27.5,3,Edyta Sliwinska,Athlete,Pennsylvania,United States,33,2nd Place,2,True,1,10,10,0,Shannon Elizabeth,1,0,27.5
6,Kristi Yamaguchi,7,27.0,3,Mark Ballas,Athlete,California,United States,36,1st Place,1,True,1,10,10,0,Shannon Elizabeth,1,0,27.0
6,Mario,7,25.5,3,Karina Smirnoff,Singer/Rapper,Maryland,United States,21,Eliminated Week 8,5,True,1,8,10,0,Shannon Elizabeth,1,0,25.5
6,Marissa Jaret Winokur,7,26.0,3,Tony Dovolani,Actor/Actress,New York,United States,35,Eliminated Week 9,4,True,1,9,10,0,Shannon Elizabeth,1,0,26.0
6,Marlee Matlin,7,0.0,3,Fabian Sanchez,Actor/Actress,Illinois,United States,42,Eliminated Week 6,7,True,0,6,10,0,Shannon Elizabeth,1,0,
6,Monica Seles,7,0.0,3,Jonathan Roberts,Athlete,,Yugoslavia,34,Eliminated Week 2,11,True,0,2,10,0,Shannon Elizabeth,1,0,
6,Penn Jillette,7,0.0,3,Kym Johnson,Magician,Massachusetts,United States,53,Eliminated Week 2,12,True,0,2,10,0,Shannon Elizabeth,1,0,
6,Priscilla Presley,7,0.0,3,Louis van Amstel,Actor/Actress,New York,United States,62,Eliminated Week 5,8,True,0,5,10,0,Shannon Elizabeth,1,0,
6,Shannon Elizabeth,7,25.5,3,Derek Hough,Actor/Actress,Texas,United States,34,Eliminated Week 7,6,True,1,7,10,1,Shannon Elizabeth,1,0,25.5
6,Steve Guttenberg,7,0.0,3,Anna Trebunskaya,Actor/Actress,New York,United States,49,Eliminated Week 3,10,True,0,3,10,0,Shannon Elizabeth,1,0,
6,Adam Carolla,8,0.0,3,Julianne Hough,Radio Personality,California,United States,43,Eliminated Week 4,9,True,0,4,10,0,Mario,1,0,
6,Cristian de la Fuente,8,28.5,3,Cheryl Burke,Actor/Actress,,Chile,34,3rd Place,3,True,1,10,10,0,Mario,1,0,28.5
6,Jason Taylor,8,26.0,3,Edyta Sliwinska,Athlete,Pennsylvania,United States,33,2nd Place,2,True,1,10,10,0,Mario,1,0,26.0
6,Kristi Yamaguchi,8,27.5,3,Mark Ballas,Athlete,California,United States,36,1st Place,1,True,1,10,10,0,Mario,1,0,27.5
6,Mario,8,26.5,3,Karina Smirnoff,Singer/Rapper,Maryland,United States,21,Eliminated Week 8,5,True,1,8,10,1,Mario,1,0,26.5
6,Marissa Jaret Winokur,8,25.0,3,Tony Dovolani,Actor/Actress,New York,United States,35,Eliminated Week 9,4,True,1,9,10,0,Mario,1,0,25.0
6,Marlee Matlin,8,0.0,3,Fabian Sanchez,Actor/Actress,Illinois,United States,42,Eliminated Week 6,7,True,0,6,10,0,Mario,1,0,
6,Monica Seles,8,0.0,3,Jonathan Roberts,Athlete,,Yugoslavia,34,Eliminated Week 2,11,True,0,2,10,0,Mario,1,0,
6,Penn Jillette,8,0.0,3,Kym Johnson,Magician,Massachusetts,United States,53,Eliminated Week 2,12,True,0,2,10,0,Mario,1,0,
6,Priscilla Presley,8,0.0,3,Louis van Amstel,Actor/Actress,New York,United States,62,Eliminated Week 5,8,True,0,5,10,0,Mario,1,0,
6,Shannon Elizabeth,8,0.0,3,Derek Hough,Actor/Actress,Texas,United States,34,Eliminated Week 7,6,True,0,7,10,0,Mario,1,0,
6,Steve Guttenberg,8,0.0,3,Anna Trebunskaya,Actor/Actress,New York,United States,49,Eliminated Week 3,10,True,0,3,10,0,Mario,1,0,
6,Adam Carolla,9,0.0,3,Julianne Hough,Radio Personality,California,United States,43,Eliminated Week 4,9,True,0,4,10,0,Marissa Jaret Winokur,1,0,
6,Cristian de la Fuente,9,28.0,3,Cheryl Burke,Actor/Actress,,Chile,34,3rd Place,3,True,1,10,10,0,Marissa Jaret Winokur,1,0,28.0
6,Jason Taylor,9,27.5,3,Edyta Sliwinska,Athlete,Pennsylvania,United States,33,2nd Place,2,True,1,10,10,0,Marissa Jaret Winokur,1,0,27.5
6,Kristi Yamaguchi,9,28.5,3,Mark Ballas,Athlete,California,United States,36,1st Place,1,True,1,10,10,0,Marissa Jaret Winokur,1,0,28.5
6,Mario,9,0.0,3,Karina Smirnoff,Singer/Rapper,Maryland,United States,21,Eliminated Week 8,5,True,0,8,10,0,Marissa Jaret Winokur,1,0,
6,Marissa Jaret Winokur,9,26.0,3,Tony Dovolani,Actor/Actress,New York,United States,35,Eliminated Week 9,4,True,1,9,10,1,Marissa Jaret Winokur,1,0,26.0
6,Marlee Matlin,9,0.0,3,Fabian Sanchez,Actor/Actress,Illinois,United States,42,Eliminated Week 6,7,True,0,6,10,0,Marissa Jaret Winokur,1,0,
6,Monica Seles,9,0.0,3,Jonathan Roberts,Athlete,,Yugoslavia,34,Eliminated Week 2,11,True,0,2,10,0,Marissa Jaret Winokur,1,0,
6,Penn Jillette,9,0.0,3,Kym Johnson,Magician,Massachusetts,United States,53,Eliminated Week 2,12,True,0,2,10,0,Marissa Jaret Winokur,1,0,
6,Priscilla Presley,9,0.0,3,Louis van Amstel,Actor/Actress,New York,United States,62,Eliminated Week 5,8,True,0,5,10,0,Marissa Jaret Winokur,1,0,
6,Shannon Elizabeth,9,0.0,3,Derek Hough,Actor/Actress,Texas,United States,34,Eliminated Week 7,6,True,0,7,10,0,Marissa Jaret Winokur,1,0,
6,Steve Guttenberg,9,0.0,3,Anna Trebunskaya,Actor/Actress,New York,United States,49,Eliminated Week 3,10,True,0,3,10,0,Marissa Jaret Winokur,1,0,
6,Adam Carolla,10,0.0,3,Julianne Hough,Radio Personality,California,United States,43,Eliminated Week 4,9,True,0,4,10,0,,0,1,
6,Cristian de la Fuente,10,26.0,3,Cheryl Burke,Actor/Actress,,Chile,34,3rd Place,3,True,1,10,10,0,,0,1,26.0
6,Jason Taylor,10,28.5,3,Edyta Sliwinska,Athlete,Pennsylvania,United States,33,2nd Place,2,True,1,10,10,0,,0,1,28.5
6,Kristi Yamaguchi,10,30.0,3,Mark Ballas,Athlete,California,United States,36,1st Place,1,True,1,10,10,0,,0,1,30.0
6,Mario,10,0.0,3,Karina Smirnoff,Singer/Rapper,Maryland,United States,21,Eliminated Week 8,5,True,0,8,10,0,,0,1,
6,Marissa Jaret Winokur,10,0.0,3,Tony Dovolani,Actor/Actress,New York,United States,35,Eliminated Week 9,4,True,0,9,10,0,,0,1,
6,Marlee Matlin,10,0.0,3,Fabian Sanchez,Actor/Actress,Illinois,United States,42,Eliminated Week 6,7,True,0,6,10,0,,0,1,
6,Monica Seles,10,0.0,3,Jonathan Roberts,Athlete,,Yugoslavia,34,Eliminated Week 2,11,True,0,2,10,0,,0,1,
6,Penn Jillette,10,0.0,3,Kym Johnson,Magician,Massachusetts,United States,53,Eliminated Week 2,12,True,0,2,10,0,,0,1,
6,Priscilla Presley,10,0.0,3,Louis van Amstel,Actor/Actress,New York,United States,62,Eliminated Week 5,8,True,0,5,10,0,,0,1,
6,Shannon Elizabeth,10,0.0,3,Derek Hough,Actor/Actress,Texas,United States,34,Eliminated Week 7,6,True,0,7,10,0,,0,1,
6,Steve Guttenberg,10,0.0,3,Anna Trebunskaya,Actor/Actress,New York,United States,49,Eliminated Week 3,10,True,0,3,10,0,,0,1,
6,Adam Carolla,11,,0,Julianne Hough,Radio Personality,California,United States,43,Eliminated Week 4,9,False,0,4,10,0,,0,0,
6,Cristian de la Fuente,11,,0,Cheryl Burke,Actor/Actress,,Chile,34,3rd Place,3,False,0,10,10,0,,0,0,
6,Jason Taylor,11,,0,Edyta Sliwinska,Athlete,Pennsylvania,United States,33,2nd Place,2,False,0,10,10,0,,0,0,
6,Kristi Yamaguchi,11,,0,Mark Ballas,Athlete,California,United States,36,1st Place,1,False,0,10,10,0,,0,0,
6,Mario,11,,0,Karina Smirnoff,Singer/Rapper,Maryland,United States,21,Eliminated Week 8,5,False,0,8,10,0,,0,0,
6,Marissa Jaret Winokur,11,,0,Tony Dovolani,Actor/Actress,New York,United States,35,Eliminated Week 9,4,False,0,9,10,0,,0,0,
6,Marlee Matlin,11,,0,Fabian Sanchez,Actor/Actress,Illinois,United States,42,Eliminated Week 6,7,False,0,6,10,0,,0,0,
6,Monica Seles,11,,0,Jonathan Roberts,Athlete,,Yugoslavia,34,Eliminated Week 2,11,False,0,2,10,0,,0,0,
6,Penn Jillette,11,,0,Kym Johnson,Magician,Massachusetts,United States,53,Eliminated Week 2,12,False,0,2,10,0,,0,0,
6,Priscilla Presley,11,,0,Louis van Amstel,Actor/Actress,New York,United States,62,Eliminated Week 5,8,False,0,5,10,0,,0,0,
6,Shannon Elizabeth,11,,0,Derek Hough,Actor/Actress,Texas,United States,34,Eliminated Week 7,6,False,0,7,10,0,,0,0,
6,Steve Guttenberg,11,,0,Anna Trebunskaya,Actor/Actress,New York,United States,49,Eliminated Week 3,10,False,0,3,10,0,,0,0,
7,Brooke Burke,1,24.5,3,Derek Hough,TV Personality,Connecticut,United States,37,1st Place,1,True,1,10,10,0,Jeffrey Ross; Ted McGinley,1,0,24.5
7,Cloris Leachman,1,16.0,3,Corky Ballas,Actor/Actress,Iowa,United States,82,Eliminated Week 6,7,True,1,6,10,0,Jeffrey Ross; Ted McGinley,1,0,16.0
7,Cody Linley,1,20.5,3,Julianne Hough,Actor/Actress,Texas,United States,18,Eliminated Week 9,4,True,1,9,10,0,Jeffrey Ross; Ted McGinley,1,0,20.5
7,Jeffrey Ross,1,12.0,3,Edyta Sliwinska,Comedian,New Jersey,United States,43,Eliminated Week 1,13,True,1,1,10,1,Jeffrey Ross; Ted McGinley,1,0,12.0
7,Kim Kardashian,1,18.5,3,Mark Ballas,TV Personality,California,United States,27,Eliminated Week 2,11,True,1,2,10,0,Jeffrey Ross; Ted McGinley,1,0,18.5
7,Lance Bass,1,21.5,3,Lacey Schwimmer,Singer/Rapper,Mississippi,United States,29,3rd Place,3,True,1,10,10,0,Jeffrey Ross; Ted McGinley,1,0,21.5
7,Maurice Greene,1,19.5,3,Cheryl Burke,Athlete,Kansas,United States,34,Eliminated Week 8,5,True,1,8,10,0,Jeffrey Ross; Ted McGinley,1,0,19.5
7,Misty May-Treanor,1,21.0,3,Maksim Chmerkoskiy,Athlete,California,United States,31,Withdrew,10,True,1,2,10,0,Jeffrey Ross; Ted McGinley,1,0,21.0
7,Rocco DiSpirito,1,17.5,3,Karina Smirnoff,TV Personality,New York,United States,41,Eliminated Week 4,9,True,1,4,10,0,Jeffrey Ross; Ted McGinley,1,0,17.5
7,Susan Lucci,1,18.5,3,Tony Dovolani,Actor/Actress,New York,United States,61,Eliminated Week 7,6,True,1,7,10,0,Jeffrey Ross; Ted McGinley,1,0,18.5
7,Ted McGinley,1,18.5,3,Inna Brayer,Actor/Actress,California,United States,50,Eliminated Week 1,12,True,1,1,10,1,Jeffrey Ross; Ted McGinley,1,0,18.5
7,Toni Braxton,1,22.5,3,Alec Mazo,Singer/Rapper,Maryland,United States,40,Eliminated Week 5,8,True,1,5,10,0,Jeffrey Ross; Ted McGinley,1,0,22.5
7,Warren Sapp,1,21.5,3,Kym Johnson,Athlete,Florida,United States,35,2nd Place,2,True,1,10,10,0,Jeffrey Ross; Ted McGinley,1,0,21.5
7,Brooke Burke,2,24.0,3,Derek Hough,TV Personality,Connecticut,United States,37,1st Place,1,True,1,10,10,0,Kim Kardashian; Misty May-Treanor,1,0,24.0
7,Cloris Leachman,2,15.0,3,Corky Ballas,Actor/Actress,Iowa,United States,82,Eliminated Week 6,7,True,1,6,10,0,Kim Kardashian; Misty May-Treanor,1,0,15.0
7,Cody Linley,2,21.0,3,Julianne Hough,Actor/Actress,Texas,United States,18,Eliminated Week 9,4,True,1,9,10,0,Kim Kardashian; Misty May-Treanor,1,0,21.0
7,Jeffrey Ross,2,0.0,3,Edyta Sliwinska,Comedian,New Jersey,United States,43,Eliminated Week 1,13,True,0,1,10,0,Kim Kardashian; Misty May-Treanor,1,0,
7,Kim Kardashian,2,17.0,3,Mark Ballas,TV Personality,California,United States,27,Eliminated Week 2,11,True,1,2,10,1,Kim Kardashian; Misty May-Treanor,1,0,17.0
7,Lance Bass,2,20.0,3,Lacey Schwimmer,Singer/Rapper,Mississippi,United States,29,3rd Place,3,True,1,10,10,0,Kim Kardashian; Misty May-Treanor,1,0,20.0
7,Maurice Greene,2,19.0,3,Cheryl Burke,Athlete,Kansas,United States,34,Eliminated Week 8,5,True,1,8,10,0,Kim Kardashian; Misty May-Treanor,1,0,19.0
7,Misty May-Treanor,2,21.0,3,Maksim Chmerkoskiy,Athlete,California,United States,31,Withdrew,10,True,1,2,10,1,Kim Kardashian; Misty May-Treanor,1,0,21.0
7,Rocco DiSpirito,2,16.0,3,Karina Smirnoff,TV Personality,New York,United States,41,Eliminated Week 4,9,True,1,4,10,0,Kim Kardashian; Misty May-Treanor,1,0,16.0
7,Susan Lucci,2,21.0,3,Tony Dovolani,Actor/Actress,New York,United States,61,Eliminated Week 7,6,True,1,7,10,0,Kim Kardashian; Misty May-Treanor,1,0,21.0
7,Ted McGinley,2,0.0,3,Inna Brayer,Actor/Actress,California,United States,50,Eliminated Week 1,12,True,0,1,10,0,Kim Kardashian; Misty May-Treanor,1,0,
7,Toni Braxton,2,23.0,3,Alec Mazo,Singer/Rapper,Maryland,United States,40,Eliminated Week 5,8,True,1,5,10,0,Kim Kardashian; Misty May-Treanor,1,0,23.0
7,Warren Sapp,2,24.0,3,Kym Johnson,Athlete,Florida,United States,35,2nd Place,2,True,1,10,10,0,Kim Kardashian; Misty May-Treanor,1,0,24.0
7,Brooke Burke,3,28.0,3,Derek Hough,TV Personality,Connecticut,United States,37,1st Place,1,True,1,10,10,0,,0,1,28.0
7,Cloris Leachman,3,16.0,3,Corky Ballas,Actor/Actress,Iowa,United States,82,Eliminated Week 6,7,True,1,6,10,0,,0,1,16.0
7,Cody Linley,3,21.0,3,Julianne Hough,Actor/Actress,Texas,United States,18,Eliminated Week 9,4,True,1,9,10,0,,0,1,21.0
7,Jeffrey Ross,3,0.0,3,Edyta Sliwinska,Comedian,New Jersey,United States,43,Eliminated Week 1,13,True,0,1,10,0,,0,1,
7,Kim Kardashian,3,0.0,3,Mark Ballas,TV Personality,California,United States,27,Eliminated Week 2,11,True,0,2,10,0,,0,1,
7,Lance Bass,3,22.0,3,Lacey Schwimmer,Singer/Rapper,Mississippi,United States,29,3rd Place,3,True,1,10,10,0,,0,1,22.0
7,Maurice Greene,3,24.0,3,Cheryl Burke,Athlete,Kansas,United States,34,Eliminated Week 8,5,True,1,8,10,0,,0,1,24.0
7,Misty May-Treanor,3,0.0,3,Maksim Chmerkoskiy,Athlete,California,United States,31,Withdrew,10,True,0,2,10,0,,0,1,
7,Rocco DiSpirito,3,20.0,3,Karina Smirnoff,TV Personality,New York,United States,41,Eliminated Week 4,9,True,1,4,10,0,,0,1,20.0
7,Susan Lucci,3,21.0,3,Tony Dovolani,Actor/Actress,New York,United States,61,Eliminated Week 7,6,True,1,7,10,0,,0,1,21.0
7,Ted McGinley,3,0.0,3,Inna Brayer,Actor/Actress,California,United States,50,Eliminated Week 1,12,True,0,1,10,0,,0,1,
7,Toni Braxton,3,22.0,3,Alec Mazo,Singer/Rapper,Maryland,United States,40,Eliminated Week 5,8,True,1,5,10,0,,0,1,22.0
7,Warren Sapp,3,25.0,3,Kym Johnson,Athlete,Florida,United States,35,2nd Place,2,True,1,10,10,0,,0,1,25.0
7,Brooke Burke,4,26.0,3,Derek Hough,TV Personality,Connecticut,United States,37,1st Place,1,True,1,10,10,0,Rocco DiSpirito,1,0,26.0
7,Cloris Leachman,4,22.0,3,Corky Ballas,Actor/Actress,Iowa,United States,82,Eliminated Week 6,7,True,1,6,10,0,Rocco DiSpirito,1,0,22.0
7,Cody Linley,4,23.0,3,Julianne Hough,Actor/Actress,Texas,United States,18,Eliminated Week 9,4,True,1,9,10,0,Rocco DiSpirito,1,0,23.0
7,Jeffrey Ross,4,0.0,3,Edyta Sliwinska,Comedian,New Jersey,United States,43,Eliminated Week 1,13,True,0,1,10,0,Rocco DiSpirito,1,0,
7,Kim Kardashian,4,0.0,3,Mark Ballas,TV Personality,California,United States,27,Eliminated Week 2,11,True,0,2,10,0,Rocco DiSpirito,1,0,
7,Lance Bass,4,26.0,3,Lacey Schwimmer,Singer/Rapper,Mississippi,United States,29,3rd Place,3,True,1,10,10,0,Rocco DiSpirito,1,0,26.0
7,Maurice Greene,4,20.0,3,Cheryl Burke,Athlete,Kansas,United States,34,Eliminated Week 8,5,True,1,8,10,0,Rocco DiSpirito,1,0,20.0
7,Misty May-Treanor,4,0.0,3,Maksim Chmerkoskiy,Athlete,California,United States,31,Withdrew,10,True,0,2,10,0,Rocco DiSpirito,1,0,
7,Rocco DiSpirito,4,18.0,3,Karina Smirnoff,TV Personality,New York,United States,41,Eliminated Week 4,9,True,1,4,10,1,Rocco DiSpirito,1,0,18.0
7,Susan Lucci,4,24.0,3,Tony Dovolani,Actor/Actress,New York,United States,61,Eliminated Week 7,6,True,1,7,10,0,Rocco DiSpirito,1,0,24.0
7,Ted McGinley,4,0.0,3,Inna Brayer,Actor/Actress,California,United States,50,Eliminated Week 1,12,True,0,1,10,0,Rocco DiSpirito,1,0,
7,Toni Braxton,4,22.0,3,Alec Mazo,Singer/Rapper,Maryland,United States,40,Eliminated Week 5,8,True,1,5,10,0,Rocco DiSpirito,1,0,22.0
7,Warren Sapp,4,22.0,3,Kym Johnson,Athlete,Florida,United States,35,2nd Place,2,True,1,10,10,0,Rocco DiSpirito,1,0,22.0
7,Brooke Burke,5,29.0,3,Derek Hough,TV Personality,Connecticut,United States,37,1st Place,1,True,1,10,10,0,Toni Braxton,1,0,29.0
7,Cloris Leachman,5,21.0,3,Corky Ballas,Actor/Actress,Iowa,United States,82,Eliminated Week 6,7,True,1,6,10,0,Toni Braxton,1,0,21.0
7,Cody Linley,5,28.0,3,Julianne Hough,Actor/Actress,Texas,United States,18,Eliminated Week 9,4,True,1,9,10,0,Toni Braxton,1,0,28.0
7,Jeffrey Ross,5,0.0,3,Edyta Sliwinska,Comedian,New Jersey,United States,43,Eliminated Week 1,13,True,0,1,10,0,Toni Braxton,1,0,
7,Kim Kardashian,5,0.0,3,Mark Ballas,TV Personality,California,United States,27,Eliminated Week 2,11,True,0,2,10,0,Toni Braxton,1,0,
7,Lance Bass,5,21.0,3,Lacey Schwimmer,Singer/Rapper,Mississippi,United States,29,3rd Place,3,True,1,10,10,0,Toni Braxton,1,0,21.0
7,Maurice Greene,5,27.0,3,Cheryl Burke,Athlete,Kansas,United States,34,Eliminated Week 8,5,True,1,8,10,0,Toni Braxton,1,0,27.0
7,Misty May-Treanor,5,0.0,3,Maksim Chmerkoskiy,Athlete,California,United States,31,Withdrew,10,True,0,2,10,0,Toni Braxton,1,0,
7,Rocco DiSpirito,5,0.0,3,Karina Smirnoff,TV Personality,New York,United States,41,Eliminated Week 4,9,True,0,4,10,0,Toni Braxton,1,0,
7,Susan Lucci,5,22.0,3,Tony Dovolani,Actor/Actress,New York,United States,61,Eliminated Week 7,6,True,1,7,10,0,Toni Braxton,1,0,22.0
7,Ted McGinley,5,0.0,3,Inna Brayer,Actor/Actress,California,United States,50,Eliminated Week 1,12,True,0,1,10,0,Toni Braxton,1,0,
7,Toni Braxton,5,22.0,3,Alec Mazo,Singer/Rapper,Maryland,United States,40,Eliminated Week 5,8,True,1,5,10,1,Toni Braxton,1,0,22.0
7,Warren Sapp,5,25.0,3,Kym Johnson,Athlete,Florida,United States,35,2nd Place,2,True,1,10,10,0,Toni Braxton,1,0,25.0
7,Brooke Burke,6,26.0,3,Derek Hough,TV Personality,Connecticut,United States,37,1st Place,1,True,1,10,10,0,Cloris Leachman,1,0,26.0
7,Cloris Leachman,6,15.0,3,Corky Ballas,Actor/Actress,Iowa,United States,82,Eliminated Week 6,7,True,1,6,10,1,Cloris Leachman,1,0,15.0
7,Cody Linley,6,23.0,3,Julianne Hough,Actor/Actress,Texas,United States,18,Eliminated Week 9,4,True,1,9,10,0,Cloris Leachman,1,0,23.0
7,Jeffrey Ross,6,0.0,3,Edyta Sliwinska,Comedian,New Jersey,United States,43,Eliminated Week 1,13,True,0,1,10,0,Cloris Leachman,1,0,
7,Kim Kardashian,6,0.0,3,Mark Ballas,TV Personality,California,United States,27,Eliminated Week 2,11,True,0,2,10,0,Cloris Leachman,1,0,
7,Lance Bass,6,27.0,3,Lacey Schwimmer,Singer/Rapper,Mississippi,United States,29,3rd Place,3,True,1,10,10,0,Cloris Leachman,1,0,27.0
7,Maurice Greene,6,21.0,3,Cheryl Burke,Athlete,Kansas,United States,34,Eliminated Week 8,5,True,1,8,10,0,Cloris Leachman,1,0,21.0
7,Misty May-Treanor,6,0.0,3,Maksim Chmerkoskiy,Athlete,California,United States,31,Withdrew,10,True,0,2,10,0,Cloris Leachman,1,0,
7,Rocco DiSpirito,6,0.0,3,Karina Smirnoff,TV Personality,New York,United States,41,Eliminated Week 4,9,True,0,4,10,0,Cloris Leachman,1,0,
7,Susan Lucci,6,23.0,3,Tony Dovolani,Actor/Actress,New York,United States,61,Eliminated Week 7,6,True,1,7,10,0,Cloris Leachman,1,0,23.0
7,Ted McGinley,6,0.0,3,Inna Brayer,Actor/Actress,California,United States,50,Eliminated Week 1,12,True,0,1,10,0,Cloris Leachman,1,0,
7,Toni Braxton,6,0.0,3,Alec Mazo,Singer/Rapper,Maryland,United States,40,Eliminated Week 5,8,True,0,5,10,0,Cloris Leachman,1,0,
7,Warren Sapp,6,25.0,3,Kym Johnson,Athlete,Florida,United States,35,2nd Place,2,True,1,10,10,0,Cloris Leachman,1,0,25.0
7,Brooke Burke,7,30.0,3,Derek Hough,TV Personality,Connecticut,United States,37,1st Place,1,True,1,10,10,0,Susan Lucci,1,0,30.0
7,Cloris Leachman,7,0.0,3,Corky Ballas,Actor/Actress,Iowa,United States,82,Eliminated Week 6,7,True,0,6,10,0,Susan Lucci,1,0,
7,Cody Linley,7,22.0,3,Julianne Hough,Actor/Actress,Texas,United States,18,Eliminated Week 9,4,True,1,9,10,0,Susan Lucci,1,0,22.0
7,Jeffrey Ross,7,0.0,3,Edyta Sliwinska,Comedian,New Jersey,United States,43,Eliminated Week 1,13,True,0,1,10,0,Susan Lucci,1,0,
7,Kim Kardashian,7,0.0,3,Mark Ballas,TV Personality,California,United States,27,Eliminated Week 2,11,True,0,2,10,0,Susan Lucci,1,0,
7,Lance Bass,7,25.0,3,Lacey Schwimmer,Singer/Rapper,Mississippi,United States,29,3rd Place,3,True,1,10,10,0,Susan Lucci,1,0,25.0
7,Maurice Greene,7,25.0,3,Cheryl Burke,Athlete,Kansas,United States,34,Eliminated Week 8,5,True,1,8,10,0,Susan Lucci,1,0,25.0
7,Misty May-Treanor,7,0.0,3,Maksim Chmerkoskiy,Athlete,California,United States,31,Withdrew,10,True,0,2,10,0,Susan Lucci,1,0,
7,Rocco DiSpirito,7,0.0,3,Karina Smirnoff,TV Personality,New York,United States,41,Eliminated Week 4,9,True,0,4,10,0,Susan Lucci,1,0,
7,Susan Lucci,7,24.0,3,Tony Dovolani,Actor/Actress,New York,United States,61,Eliminated Week 7,6,True,1,7,10,1,Susan Lucci,1,0,24.0
7,Ted McGinley,7,0.0,3,Inna Brayer,Actor/Actress,California,United States,50,Eliminated Week 1,12,True,0,1,10,0,Susan Lucci,1,0,
7,Toni Braxton,7,0.0,3,Alec Mazo,Singer/Rapper,Maryland,United States,40,Eliminated Week 5,8,True,0,5,10,0,Susan Lucci,1,0,
7,Warren Sapp,7,21.0,3,Kym Johnson,Athlete,Florida,United States,35,2nd Place,2,True,1,10,10,0,Susan Lucci,1,0,21.0
7,Brooke Burke,8,27.5,3,Derek Hough,TV Personality,Connecticut,United States,37,1st Place,1,True,1,10,10,0,Maurice Greene,1,0,27.5
7,Cloris Leachman,8,0.0,3,Corky Ballas,Actor/Actress,Iowa,United States,82,Eliminated Week 6,7,True,0,6,10,0,Maurice Greene,1,0,
7,Cody Linley,8,24.0,3,Julianne Hough,Actor/Actress,Texas,United States,18,Eliminated Week 9,4,True,1,9,10,0,Maurice Greene,1,0,24.0
7,Jeffrey Ross,8,0.0,3,Edyta Sliwinska,Comedian,New Jersey,United States,43,Eliminated Week 1,13,True,0,1,10,0,Maurice Greene,1,0,
7,Kim Kardashian,8,0.0,3,Mark Ballas,TV Personality,California,United States,27,Eliminated Week 2,11,True,0,2,10,0,Maurice Greene,1,0,
7,Lance Bass,8,25.0,3,Lacey Schwimmer,Singer/Rapper,Mississippi,United States,29,3rd Place,3,True,1,10,10,0,Maurice Greene,1,0,25.0
7,Maurice Greene,8,24.0,3,Cheryl Burke,Athlete,Kansas,United States,34,Eliminated Week 8,5,True,1,8,10,1,Maurice Greene,1,0,24.0
7,Misty May-Treanor,8,0.0,3,Maksim Chmerkoskiy,Athlete,California,United States,31,Withdrew,10,True,0,2,10,0,Maurice Greene,1,0,
7,Rocco DiSpirito,8,0.0,3,Karina Smirnoff,TV Personality,New York,United States,41,Eliminated Week 4,9,True,0,4,10,0,Maurice Greene,1,0,
7,Susan Lucci,8,0.0,3,Tony Dovolani,Actor/Actress,New York,United States,61,Eliminated Week 7,6,True,0,7,10,0,Maurice Greene,1,0,
7,Ted McGinley,8,0.0,3,Inna Brayer,Actor/Actress,California,United States,50,Eliminated Week 1,12,True,0,1,10,0,Maurice Greene,1,0,
7,Toni Braxton,8,0.0,3,Alec Mazo,Singer/Rapper,Maryland,United States,40,Eliminated Week 5,8,True,0,5,10,0,Maurice Greene,1,0,
7,Warren Sapp,8,27.0,3,Kym Johnson,Athlete,Florida,United States,35,2nd Place,2,True,1,10,10,0,Maurice Greene,1,0,27.0
7,Brooke Burke,9,24.5,3,Derek Hough,TV Personality,Connecticut,United States,37,1st Place,1,True,1,10,10,0,Cody Linley,1,0,24.5
7,Cloris Leachman,9,0.0,3,Corky Ballas,Actor/Actress,Iowa,United States,82,Eliminated Week 6,7,True,0,6,10,0,Cody Linley,1,0,
7,Cody Linley,9,23.0,3,Julianne Hough,Actor/Actress,Texas,United States,18,Eliminated Week 9,4,True,1,9,10,1,Cody Linley,1,0,23.0
7,Jeffrey Ross,9,0.0,3,Edyta Sliwinska,Comedian,New Jersey,United States,43,Eliminated Week 1,13,True,0,1,10,0,Cody Linley,1,0,
7,Kim Kardashian,9,0.0,3,Mark Ballas,TV Personality,California,United States,27,Eliminated Week 2,11,True,0,2,10,0,Cody Linley,1,0,
7,Lance Bass,9,28.5,3,Lacey Schwimmer,Singer/Rapper,Mississippi,United States,29,3rd Place,3,True,1,10,10,0,Cody Linley,1,0,28.5
7,Maurice Greene,9,0.0,3,Cheryl Burke,Athlete,Kansas,United States,34,Eliminated Week 8,5,True,0,8,10,0,Cody Linley,1,0,
7,Misty May-Treanor,9,0.0,3,Maksim Chmerkoskiy,Athlete,California,United States,31,Withdrew,10,True,0,2,10,0,Cody Linley,1,0,
7,Rocco DiSpirito,9,0.0,3,Karina Smirnoff,TV Personality,New York,United States,41,Eliminated Week 4,9,True,0,4,10,0,Cody Linley,1,0,
7,Susan Lucci,9,0.0,3,Tony Dovolani,Actor/Actress,New York,United States,61,Eliminated Week 7,6,True,0,7,10,0,Cody Linley,1,0,
7,Ted McGinley,9,0.0,3,Inna Brayer,Actor/Actress,California,United States,50,Eliminated Week 1,12,True,0,1,10,0,Cody Linley,1,0,
7,Toni Braxton,9,0.0,3,Alec Mazo,Singer/Rapper,Maryland,United States,40,Eliminated Week 5,8,True,0,5,10,0,Cody Linley,1,0,
7,Warren Sapp,9,24.5,3,Kym Johnson,Athlete,Florida,United States,35,2nd Place,2,True,1,10,10,0,Cody Linley,1,0,24.5
7,Brooke Burke,10,30.0,3,Derek Hough,TV Personality,Connecticut,United States,37,1st Place,1,True,1,10,10,0,,0,1,30.0
7,Cloris Leachman,10,0.0,3,Corky Ballas,Actor/Actress,Iowa,United States,82,Eliminated Week 6,7,True,0,6,10,0,,0,1,
7,Cody Linley,10,0.0,3,Julianne Hough,Actor/Actress,Texas,United States,18,Eliminated Week 9,4,True,0,9,10,0,,0,1,
7,Jeffrey Ross,10,0.0,3,Edyta Sliwinska,Comedian,New Jersey,United States,43,Eliminated Week 1,13,True,0,1,10,0,,0,1,
7,Kim Kardashian,10,0.0,3,Mark Ballas,TV Personality,California,United States,27,Eliminated Week 2,11,True,0,2,10,0,,0,1,
7,Lance Bass,10,27.5,3,Lacey Schwimmer,Singer/Rapper,Mississippi,United States,29,3rd Place,3,True,1,10,10,0,,0,1,27.5
7,Maurice Greene,10,0.0,3,Cheryl Burke,Athlete,Kansas,United States,34,Eliminated Week 8,5,True,0,8,10,0,,0,1,
7,Misty May-Treanor,10,0.0,3,Maksim Chmerkoskiy,Athlete,California,United States,31,Withdrew,10,True,0,2,10,0,,0,1,
7,Rocco DiSpirito,10,0.0,3,Karina Smirnoff,TV Personality,New York,United States,41,Eliminated Week 4,9,True,0,4,10,0,,0,1,
7,Susan Lucci,10,0.0,3,Tony Dovolani,Actor/Actress,New York,United States,61,Eliminated Week 7,6,True,0,7,10,0,,0,1,
7,Ted McGinley,10,0.0,3,Inna Brayer,Actor/Actress,California,United States,50,Eliminated Week 1,12,True,0,1,10,0,,0,1,
7,Toni Braxton,10,0.0,3,Alec Mazo,Singer/Rapper,Maryland,United States,40,Eliminated Week 5,8,True,0,5,10,0,,0,1,
7,Warren Sapp,10,27.5,3,Kym Johnson,Athlete,Florida,United States,35,2nd Place,2,True,1,10,10,0,,0,1,27.5
7,Brooke Burke,11,,0,Derek Hough,TV Personality,Connecticut,United States,37,1st Place,1,False,0,10,10,0,,0,0,
7,Cloris Leachman,11,,0,Corky Ballas,Actor/Actress,Iowa,United States,82,Eliminated Week 6,7,False,0,6,10,0,,0,0,
7,Cody Linley,11,,0,Julianne Hough,Actor/Actress,Texas,United States,18,Eliminated Week 9,4,False,0,9,10,0,,0,0,
7,Jeffrey Ross,11,,0,Edyta Sliwinska,Comedian,New Jersey,United States,43,Eliminated Week 1,13,False,0,1,10,0,,0,0,
7,Kim Kardashian,11,,0,Mark Ballas,TV Personality,California,United States,27,Eliminated Week 2,11,False,0,2,10,0,,0,0,
7,Lance Bass,11,,0,Lacey Schwimmer,Singer/Rapper,Mississippi,United States,29,3rd Place,3,False,0,10,10,0,,0,0,
7,Maurice Greene,11,,0,Cheryl Burke,Athlete,Kansas,United States,34,Eliminated Week 8,5,False,0,8,10,0,,0,0,
7,Misty May-Treanor,11,,0,Maksim Chmerkoskiy,Athlete,California,United States,31,Withdrew,10,False,0,2,10,0,,0,0,
7,Rocco DiSpirito,11,,0,Karina Smirnoff,TV Personality,New York,United States,41,Eliminated Week 4,9,False,0,4,10,0,,0,0,
7,Susan Lucci,11,,0,Tony Dovolani,Actor/Actress,New York,United States,61,Eliminated Week 7,6,False,0,7,10,0,,0,0,
7,Ted McGinley,11,,0,Inna Brayer,Actor/Actress,California,United States,50,Eliminated Week 1,12,False,0,1,10,0,,0,0,
7,Toni Braxton,11,,0,Alec Mazo,Singer/Rapper,Maryland,United States,40,Eliminated Week 5,8,False,0,5,10,0,,0,0,
7,Warren Sapp,11,,0,Kym Johnson,Athlete,Florida,United States,35,2nd Place,2,False,0,10,10,0,,0,0,
8,Belinda Carlisle,1,17.0,3,Jonathan Roberts,Singer/Rapper,California,United States,50,Eliminated Week 2,13,True,1,2,11,0,,0,1,17.0
8,Chuck Wicks,1,20.0,3,Julianne Hough,Singer/Rapper,Delaware,United States,29,Eliminated Week 8,6,True,1,8,11,0,,0,1,20.0
8,David Alan Grier,1,19.0,3,Kym Johnson,Actor/Actress,Michigan,United States,52,Eliminated Week 5,9,True,1,5,11,0,,0,1,19.0
8,Denise Richards,1,18.0,3,Maksim Chmerkoskiy,Actor/Actress,Illinois,United States,38,Eliminated Week 3,12,True,1,3,11,0,,0,1,18.0
8,Gilles Marini,1,24.0,3,Cheryl Burke,Actor/Actress,,France,33,2nd Place,2,True,1,11,11,0,,0,1,24.0
8,Holly Madison,1,18.0,3,Dmitry Chaplin,TV Personality,Oregon,United States,30,Eliminated Week 4,11,True,1,4,11,0,,0,1,18.0
8,Lawrence Taylor,1,16.0,3,Edyta Sliwinska,Athlete,Virginia,United States,50,Eliminated Week 7,7,True,1,7,11,0,,0,1,16.0
8,Lil' Kim,1,21.0,3,Derek Hough,Singer/Rapper,New York,United States,34,Eliminated Week 9,5,True,1,9,11,0,,0,1,21.0
8,Melissa Rycroft,1,23.0,3,Tony Dovolani,TV Personality,Texas,United States,26,3rd Place,3,True,1,11,11,0,,0,1,23.0
8,Shawn Johnson,1,23.0,3,Mark Ballas,Athlete,Iowa,United States,17,1st Place,1,True,1,11,11,0,,0,1,23.0
8,Steve Wozniak,1,13.0,3,Karina Smirnoff,Entrepreneur,California,United States,58,Eliminated Week 4,10,True,1,4,11,0,,0,1,13.0
8,Steve-O,1,17.0,3,Lacey Schwimmer,TV Personality,,England,34,Eliminated Week 6,8,True,1,6,11,0,,0,1,17.0
8,Ty Murray,1,14.0,3,Chelsie Hightower,Athlete,Arizona,United States,39,Eliminated Week 10,4,True,1,10,11,0,,0,1,14.0
8,Belinda Carlisle,2,18.0,3,Jonathan Roberts,Singer/Rapper,California,United States,50,Eliminated Week 2,13,True,1,2,11,1,Belinda Carlisle,1,0,18.0
8,Chuck Wicks,2,20.0,3,Julianne Hough,Singer/Rapper,Delaware,United States,29,Eliminated Week 8,6,True,1,8,11,0,Belinda Carlisle,1,0,20.0
8,David Alan Grier,2,17.0,3,Kym Johnson,Actor/Actress,Michigan,United States,52,Eliminated Week 5,9,True,1,5,11,0,Belinda Carlisle,1,0,17.0
8,Denise Richards,2,21.0,3,Maksim Chmerkoskiy,Actor/Actress,Illinois,United States,38,Eliminated Week 3,12,True,1,3,11,0,Belinda Carlisle,1,0,21.0
8,Gilles Marini,2,27.0,3,Cheryl Burke,Actor/Actress,,France,33,2nd Place,2,True,1,11,11,0,Belinda Carlisle,1,0,27.0
8,Holly Madison,2,18.0,3,Dmitry Chaplin,TV Personality,Oregon,United States,30,Eliminated Week 4,11,True,1,4,11,0,Belinda Carlisle,1,0,18.0
8,Lawrence Taylor,2,20.0,3,Edyta Sliwinska,Athlete,Virginia,United States,50,Eliminated Week 7,7,True,1,7,11,0,Belinda Carlisle,1,0,20.0
8,Lil' Kim,2,23.0,3,Derek Hough,Singer/Rapper,New York,United States,34,Eliminated Week 9,5,True,1,9,11,0,Belinda Carlisle,1,0,23.0
8,Melissa Rycroft,2,26.0,3,Tony Dovolani,TV Personality,Texas,United States,26,3rd Place,3,True,1,11,11,0,Belinda Carlisle,1,0,26.0
8,Shawn Johnson,2,24.0,3,Mark Ballas,Athlete,Iowa,United States,17,1st Place,1,True,1,11,11,0,Belinda Carlisle,1,0,24.0
8,Steve Wozniak,2,17.0,3,Karina Smirnoff,Entrepreneur,California,United States,58,Eliminated Week 4,10,True,1,4,11,0,Belinda Carlisle,1,0,17.0
8,Steve-O,2,14.0,3,Lacey Schwimmer,TV Personality,,England,34,Eliminated Week 6,8,True,1,6,11,0,Belinda Carlisle,1,0,14.0
8,Ty Murray,2,20.0,3,Chelsie Hightower,Athlete,Arizona,United States,39,Eliminated Week 10,4,True,1,10,11,0,Belinda Carlisle,1,0,20.0
8,Belinda Carlisle,3,0.0,3,Jonathan Roberts,Singer/Rapper,California,United States,50,Eliminated Week 2,13,True,0,2,11,0,Denise Richards,1,0,
8,Chuck Wicks,3,23.0,3,Julianne Hough,Singer/Rapper,Delaware,United States,29,Eliminated Week 8,6,True,1,8,11,0,Denise Richards,1,0,23.0
8,David Alan Grier,3,24.0,3,Kym Johnson,Actor/Actress,Michigan,United States,52,Eliminated Week 5,9,True,1,5,11,0,Denise Richards,1,0,24.0
8,Denise Richards,3,16.0,3,Maksim Chmerkoskiy,Actor/Actress,Illinois,United States,38,Eliminated Week 3,12,True,1,3,11,1,Denise Richards,1,0,16.0
8,Gilles Marini,3,27.0,3,Cheryl Burke,Actor/Actress,,France,33,2nd Place,2,True,1,11,11,0,Denise Richards,1,0,27.0
8,Holly Madison,3,17.0,3,Dmitry Chaplin,TV Personality,Oregon,United States,30,Eliminated Week 4,11,True,1,4,11,0,Denise Richards,1,0,17.0
8,Lawrence Taylor,3,20.0,3,Edyta Sliwinska,Athlete,Virginia,United States,50,Eliminated Week 7,7,True,1,7,11,0,Denise Richards,1,0,20.0
8,Lil' Kim,3,25.0,3,Derek Hough,Singer/Rapper,New York,United States,34,Eliminated Week 9,5,True,1,9,11,0,Denise Richards,1,0,25.0
8,Melissa Rycroft,3,27.0,3,Tony Dovolani,TV Personality,Texas,United States,26,3rd Place,3,True,1,11,11,0,Denise Richards,1,0,27.0
8,Shawn Johnson,3,27.0,3,Mark Ballas,Athlete,Iowa,United States,17,1st Place,1,True,1,11,11,0,Denise Richards,1,0,27.0
8,Steve Wozniak,3,10.0,3,Karina Smirnoff,Entrepreneur,California,United States,58,Eliminated Week 4,10,True,1,4,11,0,Denise Richards,1,0,10.0
8,Steve-O,3,15.0,3,Lacey Schwimmer,TV Personality,,England,34,Eliminated Week 6,8,True,1,6,11,0,Denise Richards,1,0,15.0
8,Ty Murray,3,23.0,3,Chelsie Hightower,Athlete,Arizona,United States,39,Eliminated Week 10,4,True,1,10,11,0,Denise Richards,1,0,23.0
8,Belinda Carlisle,4,0.0,3,Jonathan Roberts,Singer/Rapper,California,United States,50,Eliminated Week 2,13,True,0,2,11,0,Holly Madison; Steve Wozniak,1,0,
8,Chuck Wicks,4,22.0,3,Julianne Hough,Singer/Rapper,Delaware,United States,29,Eliminated Week 8,6,True,1,8,11,0,Holly Madison; Steve Wozniak,1,0,22.0
8,David Alan Grier,4,22.0,3,Kym Johnson,Actor/Actress,Michigan,United States,52,Eliminated Week 5,9,True,1,5,11,0,Holly Madison; Steve Wozniak,1,0,22.0
8,Denise Richards,4,0.0,3,Maksim Chmerkoskiy,Actor/Actress,Illinois,United States,38,Eliminated Week 3,12,True,0,3,11,0,Holly Madison; Steve Wozniak,1,0,
8,Gilles Marini,4,30.0,3,Cheryl Burke,Actor/Actress,,France,33,2nd Place,2,True,1,11,11,0,Holly Madison; Steve Wozniak,1,0,30.0
8,Holly Madison,4,16.0,3,Dmitry Chaplin,TV Personality,Oregon,United States,30,Eliminated Week 4,11,True,1,4,11,1,Holly Madison; Steve Wozniak,1,0,16.0
8,Lawrence Taylor,4,19.0,3,Edyta Sliwinska,Athlete,Virginia,United States,50,Eliminated Week 7,7,True,1,7,11,0,Holly Madison; Steve Wozniak,1,0,19.0
8,Lil' Kim,4,27.0,3,Derek Hough,Singer/Rapper,New York,United States,34,Eliminated Week 9,5,True,1,9,11,0,Holly Madison; Steve Wozniak,1,0,27.0
8,Melissa Rycroft,4,29.0,3,Tony Dovolani,TV Personality,Texas,United States,26,3rd Place,3,True,1,11,11,0,Holly Madison; Steve Wozniak,1,0,29.0
8,Shawn Johnson,4,25.0,3,Mark Ballas,Athlete,Iowa,United States,17,1st Place,1,True,1,11,11,0,Holly Madison; Steve Wozniak,1,0,25.0
8,Steve Wozniak,4,12.0,3,Karina Smirnoff,Entrepreneur,California,United States,58,Eliminated Week 4,10,True,1,4,11,1,Holly Madison; Steve Wozniak,1,0,12.0
8,Steve-O,4,15.0,3,Lacey Schwimmer,TV Personality,,England,34,Eliminated Week 6,8,True,1,6,11,0,Holly Madison; Steve Wozniak,1,0,15.0
8,Ty Murray,4,25.0,3,Chelsie Hightower,Athlete,Arizona,United States,39,Eliminated Week 10,4,True,1,10,11,0,Holly Madison; Steve Wozniak,1,0,25.0
8,Belinda Carlisle,5,0.0,3,Jonathan Roberts,Singer/Rapper,California,United States,50,Eliminated Week 2,13,True,0,2,11,0,David Alan Grier,1,0,
8,Chuck Wicks,5,23.0,3,Julianne Hough,Singer/Rapper,Delaware,United States,29,Eliminated Week 8,6,True,1,8,11,0,David Alan Grier,1,0,23.0
8,David Alan Grier,5,22.0,3,Kym Johnson,Actor/Actress,Michigan,United States,52,Eliminated Week 5,9,True,1,5,11,1,David Alan Grier,1,0,22.0
8,Denise Richards,5,0.0,3,Maksim Chmerkoskiy,Actor/Actress,Illinois,United States,38,Eliminated Week 3,12,True,0,3,11,0,David Alan Grier,1,0,
8,Gilles Marini,5,29.0,3,Cheryl Burke,Actor/Actress,,France,33,2nd Place,2,True,1,11,11,0,David Alan Grier,1,0,29.0
8,Holly Madison,5,0.0,3,Dmitry Chaplin,TV Personality,Oregon,United States,30,Eliminated Week 4,11,True,0,4,11,0,David Alan Grier,1,0,
8,Lawrence Taylor,5,20.0,3,Edyta Sliwinska,Athlete,Virginia,United States,50,Eliminated Week 7,7,True,1,7,11,0,David Alan Grier,1,0,20.0
8,Lil' Kim,5,26.0,3,Derek Hough,Singer/Rapper,New York,United States,34,Eliminated Week 9,5,True,1,9,11,0,David Alan Grier,1,0,26.0
8,Melissa Rycroft,5,25.0,3,Tony Dovolani,TV Personality,Texas,United States,26,3rd Place,3,True,1,11,11,0,David Alan Grier,1,0,25.0
8,Shawn Johnson,5,26.0,3,Mark Ballas,Athlete,Iowa,United States,17,1st Place,1,True,1,11,11,0,David Alan Grier,1,0,26.0
8,Steve Wozniak,5,0.0,3,Karina Smirnoff,Entrepreneur,California,United States,58,Eliminated Week 4,10,True,0,4,11,0,David Alan Grier,1,0,
8,Steve-O,5,18.0,3,Lacey Schwimmer,TV Personality,,England,34,Eliminated Week 6,8,True,1,6,11,0,David Alan Grier,1,0,18.0
8,Ty Murray,5,21.0,3,Chelsie Hightower,Athlete,Arizona,United States,39,Eliminated Week 10,4,True,1,10,11,0,David Alan Grier,1,0,21.0
8,Belinda Carlisle,6,0.0,3,Jonathan Roberts,Singer/Rapper,California,United States,50,Eliminated Week 2,13,True,0,2,11,0,Steve-O,1,0,
8,Chuck Wicks,6,23.0,3,Julianne Hough,Singer/Rapper,Delaware,United States,29,Eliminated Week 8,6,True,1,8,11,0,Steve-O,1,0,23.0
8,David Alan Grier,6,0.0,3,Kym Johnson,Actor/Actress,Michigan,United States,52,Eliminated Week 5,9,True,0,5,11,0,Steve-O,1,0,
8,Denise Richards,6,0.0,3,Maksim Chmerkoskiy,Actor/Actress,Illinois,United States,38,Eliminated Week 3,12,True,0,3,11,0,Steve-O,1,0,
8,Gilles Marini,6,26.0,3,Cheryl Burke,Actor/Actress,,France,33,2nd Place,2,True,1,11,11,0,Steve-O,1,0,26.0
8,Holly Madison,6,0.0,3,Dmitry Chaplin,TV Personality,Oregon,United States,30,Eliminated Week 4,11,True,0,4,11,0,Steve-O,1,0,
8,Lawrence Taylor,6,22.0,3,Edyta Sliwinska,Athlete,Virginia,United States,50,Eliminated Week 7,7,True,1,7,11,0,Steve-O,1,0,22.0
8,Lil' Kim,6,28.0,3,Derek Hough,Singer/Rapper,New York,United States,34,Eliminated Week 9,5,True,1,9,11,0,Steve-O,1,0,28.0
8,Melissa Rycroft,6,27.0,3,Tony Dovolani,TV Personality,Texas,United States,26,3rd Place,3,True,1,11,11,0,Steve-O,1,0,27.0
8,Shawn Johnson,6,26.0,3,Mark Ballas,Athlete,Iowa,United States,17,1st Place,1,True,1,11,11,0,Steve-O,1,0,26.0
8,Steve Wozniak,6,0.0,3,Karina Smirnoff,Entrepreneur,California,United States,58,Eliminated Week 4,10,True,0,4,11,0,Steve-O,1,0,
8,Steve-O,6,16.0,3,Lacey Schwimmer,TV Personality,,England,34,Eliminated Week 6,8,True,1,6,11,1,Steve-O,1,0,16.0
8,Ty Murray,6,18.0,3,Chelsie Hightower,Athlete,Arizona,United States,39,Eliminated Week 10,4,True,1,10,11,0,Steve-O,1,0,18.0
8,Belinda Carlisle,7,0.0,3,Jonathan Roberts,Singer/Rapper,California,United States,50,Eliminated Week 2,13,True,0,2,11,0,Lawrence Taylor,1,0,
8,Chuck Wicks,7,27.0,3,Julianne Hough,Singer/Rapper,Delaware,United States,29,Eliminated Week 8,6,True,1,8,11,0,Lawrence Taylor,1,0,27.0
8,David Alan Grier,7,0.0,3,Kym Johnson,Actor/Actress,Michigan,United States,52,Eliminated Week 5,9,True,0,5,11,0,Lawrence Taylor,1,0,
8,Denise Richards,7,0.0,3,Maksim Chmerkoskiy,Actor/Actress,Illinois,United States,38,Eliminated Week 3,12,True,0,3,11,0,Lawrence Taylor,1,0,
8,Gilles Marini,7,27.0,3,Cheryl Burke,Actor/Actress,,France,33,2nd Place,2,True,1,11,11,0,Lawrence Taylor,1,0,27.0
8,Holly Madison,7,0.0,3,Dmitry Chaplin,TV Personality,Oregon,United States,30,Eliminated Week 4,11,True,0,4,11,0,Lawrence Taylor,1,0,
8,Lawrence Taylor,7,21.0,3,Edyta Sliwinska,Athlete,Virginia,United States,50,Eliminated Week 7,7,True,1,7,11,1,Lawrence Taylor,1,0,21.0
8,Lil' Kim,7,26.0,3,Derek Hough,Singer/Rapper,New York,United States,34,Eliminated Week 9,5,True,1,9,11,0,Lawrence Taylor,1,0,26.0
8,Melissa Rycroft,7,29.0,3,Tony Dovolani,TV Personality,Texas,United States,26,3rd Place,3,True,1,11,11,0,Lawrence Taylor,1,0,29.0
8,Shawn Johnson,7,28.0,3,Mark Ballas,Athlete,Iowa,United States,17,1st Place,1,True,1,11,11,0,Lawrence Taylor,1,0,28.0
8,Steve Wozniak,7,0.0,3,Karina Smirnoff,Entrepreneur,California,United States,58,Eliminated Week 4,10,True,0,4,11,0,Lawrence Taylor,1,0,
8,Steve-O,7,0.0,3,Lacey Schwimmer,TV Personality,,England,34,Eliminated Week 6,8,True,0,6,11,0,Lawrence Taylor,1,0,
8,Ty Murray,7,24.0,3,Chelsie Hightower,Athlete,Arizona,United States,39,Eliminated Week 10,4,True,1,10,11,0,Lawrence Taylor,1,0,24.0
8,Belinda Carlisle,8,0.0,3,Jonathan Roberts,Singer/Rapper,California,United States,50,Eliminated Week 2,13,True,0,2,11,0,Chuck Wicks,1,0,
8,Chuck Wicks,8,25.5,3,Julianne Hough,Singer/Rapper,Delaware,United States,29,Eliminated Week 8,6,True,1,8,11,1,Chuck Wicks,1,0,25.5
8,David Alan Grier,8,0.0,3,Kym Johnson,Actor/Actress,Michigan,United States,52,Eliminated Week 5,9,True,0,5,11,0,Chuck Wicks,1,0,
8,Denise Richards,8,0.0,3,Maksim Chmerkoskiy,Actor/Actress,Illinois,United States,38,Eliminated Week 3,12,True,0,3,11,0,Chuck Wicks,1,0,
8,Gilles Marini,8,27.5,3,Cheryl Burke,Actor/Actress,,France,33,2nd Place,2,True,1,11,11,0,Chuck Wicks,1,0,27.5
8,Holly Madison,8,0.0,3,Dmitry Chaplin,TV Personality,Oregon,United States,30,Eliminated Week 4,11,True,0,4,11,0,Chuck Wicks,1,0,
8,Lawrence Taylor,8,0.0,3,Edyta Sliwinska,Athlete,Virginia,United States,50,Eliminated Week 7,7,True,0,7,11,0,Chuck Wicks,1,0,
8,Lil' Kim,8,28.0,3,Derek Hough,Singer/Rapper,New York,United States,34,Eliminated Week 9,5,True,1,9,11,0,Chuck Wicks,1,0,28.0
8,Melissa Rycroft,8,23.0,3,Tony Dovolani,TV Personality,Texas,United States,26,3rd Place,3,True,1,11,11,0,Chuck Wicks,1,0,23.0
8,Shawn Johnson,8,26.0,3,Mark Ballas,Athlete,Iowa,United States,17,1st Place,1,True,1,11,11,0,Chuck Wicks,1,0,26.0
8,Steve Wozniak,8,0.0,3,Karina Smirnoff,Entrepreneur,California,United States,58,Eliminated Week 4,10,True,0,4,11,0,Chuck Wicks,1,0,
8,Steve-O,8,0.0,3,Lacey Schwimmer,TV Personality,,England,34,Eliminated Week 6,8,True,0,6,11,0,Chuck Wicks,1,0,
8,Ty Murray,8,26.0,3,Chelsie Hightower,Athlete,Arizona,United States,39,Eliminated Week 10,4,True,1,10,11,0,Chuck Wicks,1,0,26.0
8,Belinda Carlisle,9,0.0,3,Jonathan Roberts,Singer/Rapper,California,United States,50,Eliminated Week 2,13,True,0,2,11,0,Lil' Kim,1,0,
8,Chuck Wicks,9,0.0,3,Julianne Hough,Singer/Rapper,Delaware,United States,29,Eliminated Week 8,6,True,0,8,11,0,Lil' Kim,1,0,
8,David Alan Grier,9,0.0,3,Kym Johnson,Actor/Actress,Michigan,United States,52,Eliminated Week 5,9,True,0,5,11,0,Lil' Kim,1,0,
8,Denise Richards,9,0.0,3,Maksim Chmerkoskiy,Actor/Actress,Illinois,United States,38,Eliminated Week 3,12,True,0,3,11,0,Lil' Kim,1,0,
8,Gilles Marini,9,28.0,3,Cheryl Burke,Actor/Actress,,France,33,2nd Place,2,True,1,11,11,0,Lil' Kim,1,0,28.0
8,Holly Madison,9,0.0,3,Dmitry Chaplin,TV Personality,Oregon,United States,30,Eliminated Week 4,11,True,0,4,11,0,Lil' Kim,1,0,
8,Lawrence Taylor,9,0.0,3,Edyta Sliwinska,Athlete,Virginia,United States,50,Eliminated Week 7,7,True,0,7,11,0,Lil' Kim,1,0,
8,Lil' Kim,9,26.0,3,Derek Hough,Singer/Rapper,New York,United States,34,Eliminated Week 9,5,True,1,9,11,1,Lil' Kim,1,0,26.0
8,Melissa Rycroft,9,28.5,3,Tony Dovolani,TV Personality,Texas,United States,26,3rd Place,3,True,1,11,11,0,Lil' Kim,1,0,28.5
8,Shawn Johnson,9,28.0,3,Mark Ballas,Athlete,Iowa,United States,17,1st Place,1,True,1,11,11,0,Lil' Kim,1,0,28.0
8,Steve Wozniak,9,0.0,3,Karina Smirnoff,Entrepreneur,California,United States,58,Eliminated Week 4,10,True,0,4,11,0,Lil' Kim,1,0,
8,Steve-O,9,0.0,3,Lacey Schwimmer,TV Personality,,England,34,Eliminated Week 6,8,True,0,6,11,0,Lil' Kim,1,0,
8,Ty Murray,9,23.0,3,Chelsie Hightower,Athlete,Arizona,United States,39,Eliminated Week 10,4,True,1,10,11,0,Lil' Kim,1,0,23.0
8,Belinda Carlisle,10,0.0,3,Jonathan Roberts,Singer/Rapper,California,United States,50,Eliminated Week 2,13,True,0,2,11,0,Ty Murray,1,0,
8,Chuck Wicks,10,0.0,3,Julianne Hough,Singer/Rapper,Delaware,United States,29,Eliminated Week 8,6,True,0,8,11,0,Ty Murray,1,0,
8,David Alan Grier,10,0.0,3,Kym Johnson,Actor/Actress,Michigan,United States,52,Eliminated Week 5,9,True,0,5,11,0,Ty Murray,1,0,
8,Denise Richards,10,0.0,3,Maksim Chmerkoskiy,Actor/Actress,Illinois,United States,38,Eliminated Week 3,12,True,0,3,11,0,Ty Murray,1,0,
8,Gilles Marini,10,30.0,3,Cheryl Burke,Actor/Actress,,France,33,2nd Place,2,True,1,11,11,0,Ty Murray,1,0,30.0
8,Holly Madison,10,0.0,3,Dmitry Chaplin,TV Personality,Oregon,United States,30,Eliminated Week 4,11,True,0,4,11,0,Ty Murray,1,0,
8,Lawrence Taylor,10,0.0,3,Edyta Sliwinska,Athlete,Virginia,United States,50,Eliminated Week 7,7,True,0,7,11,0,Ty Murray,1,0,
8,Lil' Kim,10,0.0,3,Derek Hough,Singer/Rapper,New York,United States,34,Eliminated Week 9,5,True,0,9,11,0,Ty Murray,1,0,
8,Melissa Rycroft,10,27.5,3,Tony Dovolani,TV Personality,Texas,United States,26,3rd Place,3,True,1,11,11,0,Ty Murray,1,0,27.5
8,Shawn Johnson,10,28.0,3,Mark Ballas,Athlete,Iowa,United States,17,1st Place,1,True,1,11,11,0,Ty Murray,1,0,28.0
8,Steve Wozniak,10,0.0,3,Karina Smirnoff,Entrepreneur,California,United States,58,Eliminated Week 4,10,True,0,4,11,0,Ty Murray,1,0,
8,Steve-O,10,0.0,3,Lacey Schwimmer,TV Personality,,England,34,Eliminated Week 6,8,True,0,6,11,0,Ty Murray,1,0,
8,Ty Murray,10,24.0,3,Chelsie Hightower,Athlete,Arizona,United States,39,Eliminated Week 10,4,True,1,10,11,1,Ty Murray,1,0,24.0
8,Belinda Carlisle,11,0.0,3,Jonathan Roberts,Singer/Rapper,California,United States,50,Eliminated Week 2,13,True,0,2,11,0,,0,1,
8,Chuck Wicks,11,0.0,3,Julianne Hough,Singer/Rapper,Delaware,United States,29,Eliminated Week 8,6,True,0,8,11,0,,0,1,
8,David Alan Grier,11,0.0,3,Kym Johnson,Actor/Actress,Michigan,United States,52,Eliminated Week 5,9,True,0,5,11,0,,0,1,
8,Denise Richards,11,0.0,3,Maksim Chmerkoskiy,Actor/Actress,Illinois,United States,38,Eliminated Week 3,12,True,0,3,11,0,,0,1,
8,Gilles Marini,11,29.0,3,Cheryl Burke,Actor/Actress,,France,33,2nd Place,2,True,1,11,11,0,,0,1,29.0
8,Holly Madison,11,0.0,3,Dmitry Chaplin,TV Personality,Oregon,United States,30,Eliminated Week 4,11,True,0,4,11,0,,0,1,
8,Lawrence Taylor,11,0.0,3,Edyta Sliwinska,Athlete,Virginia,United States,50,Eliminated Week 7,7,True,0,7,11,0,,0,1,
8,Lil' Kim,11,0.0,3,Derek Hough,Singer/Rapper,New York,United States,34,Eliminated Week 9,5,True,0,9,11,0,,0,1,
8,Melissa Rycroft,11,28.5,3,Tony Dovolani,TV Personality,Texas,United States,26,3rd Place,3,True,1,11,11,0,,0,1,28.5
8,Shawn Johnson,11,30.0,3,Mark Ballas,Athlete,Iowa,United States,17,1st Place,1,True,1,11,11,0,,0,1,30.0
8,Steve Wozniak,11,0.0,3,Karina Smirnoff,Entrepreneur,California,United States,58,Eliminated Week 4,10,True,0,4,11,0,,0,1,
8,Steve-O,11,0.0,3,Lacey Schwimmer,TV Personality,,England,34,Eliminated Week 6,8,True,0,6,11,0,,0,1,
8,Ty Murray,11,0.0,3,Chelsie Hightower,Athlete,Arizona,United States,39,Eliminated Week 10,4,True,0,10,11,0,,0,1,
9,Aaron Carter,1,31.999899999999997,3,Karina Smirnoff,Singer/Rapper,Florida,United States,21,Eliminated Week 8,5,True,1,8,10,0,Ashley Hamiliton; Macy Gray,1,0,31.999899999999997
9,Ashley Hamiliton,1,18.9999,3,Edyta Sliwinska,Actor/Actress,California,United States,34,Eliminated Week 1,16,True,1,1,10,1,Ashley Hamiliton; Macy Gray,1,0,18.9999
9,Chuck Liddell,1,22.0,3,Anna Trebunskaya,Athlete,California,United States,39,Eliminated Week 4,11,True,1,4,10,0,Ashley Hamiliton; Macy Gray,1,0,22.0
9,Debi Mazar,1,22.0,3,Maksim Chmerkoskiy,Actor/Actress,New York,United States,45,Eliminated Week 3,12,True,1,3,10,0,Ashley Hamiliton; Macy Gray,1,0,22.0
9,Donny Osmond,1,29.999899999999997,3,Kym Johnson,Singer/Rapper,Utah,United States,51,1st Place,1,True,1,10,10,0,Ashley Hamiliton; Macy Gray,1,0,29.999899999999997
9,Joanna Krupa,1,33.9999,3,Derek Hough,Model,,Poland,30,Eliminated Week 9,4,True,1,9,10,0,Ashley Hamiliton; Macy Gray,1,0,33.9999
9,Kathy Ireland,1,19.9999,3,Tony Dovolani,Model,California,United States,46,Eliminated Week 2,14,True,1,2,10,0,Ashley Hamiliton; Macy Gray,1,0,19.9999
9,Kelly Osbourne,1,30.9998,3,Louis van Amstel,TV Personality,,England,24,3rd Place,3,True,1,10,10,0,Ashley Hamiliton; Macy Gray,1,0,30.9998
9,Louie Vito,1,26.9998,3,Chelsie Hightower,Athlete,Ohio,United States,21,Eliminated Week 6,8,True,1,6,10,0,Ashley Hamiliton; Macy Gray,1,0,26.9998
9,Macy Gray,1,18.9999,3,Jonathan Roberts,Singer/Rapper,Ohio,United States,42,Eliminated Week 1,15,True,1,1,10,1,Ashley Hamiliton; Macy Gray,1,0,18.9999
9,Mark Dacascos,1,28.9998,3,Lacey Schwimmer,Actor/Actress,Hawaii,United States,45,Eliminated Week 7,6,True,1,7,10,0,Ashley Hamiliton; Macy Gray,1,0,28.9998
9,Melissa Joan Hart,1,24.0,3,Mark Ballas,Actor/Actress,New York,United States,33,Eliminated Week 6,9,True,1,6,10,0,Ashley Hamiliton; Macy Gray,1,0,24.0
9,Michael Irvin,1,19.0,3,Anna Demidova,Athlete,Florida,United States,43,Eliminated Week 7,7,True,1,7,10,0,Ashley Hamiliton; Macy Gray,1,0,19.0
9,Mya,1,30.999899999999997,3,Dmitry Chaplin,Singer/Rapper,Washington D.C.,United States,29,2nd Place,2,True,1,10,10,0,Ashley Hamiliton; Macy Gray,1,0,30.999899999999997
9,Natalie Coughlin,1,26.9998,3,Alec Mazo,Athlete,California,United States,27,Eliminated Week 5,10,True,1,5,10,0,Ashley Hamiliton; Macy Gray,1,0,26.9998
9,Tom DeLay,1,19.9999,3,Cheryl Burke,Politician,Texas,United States,62,Withdrew,13,True,1,3,10,0,Ashley Hamiliton; Macy Gray,1,0,19.9999
9,Aaron Carter,2,27.0,3,Karina Smirnoff,Singer/Rapper,Florida,United States,21,Eliminated Week 8,5,True,1,8,10,0,Kathy Ireland,1,0,27.0
9,Ashley Hamiliton,2,0.0,3,Edyta Sliwinska,Actor/Actress,California,United States,34,Eliminated Week 1,16,True,0,1,10,0,Kathy Ireland,1,0,
9,Chuck Liddell,2,19.0,3,Anna Trebunskaya,Athlete,California,United States,39,Eliminated Week 4,11,True,1,4,10,0,Kathy Ireland,1,0,19.0
9,Debi Mazar,2,21.0,3,Maksim Chmerkoskiy,Actor/Actress,New York,United States,45,Eliminated Week 3,12,True,1,3,10,0,Kathy Ireland,1,0,21.0
9,Donny Osmond,2,25.0,3,Kym Johnson,Singer/Rapper,Utah,United States,51,1st Place,1,True,1,10,10,0,Kathy Ireland,1,0,25.0
9,Joanna Krupa,2,20.0,3,Derek Hough,Model,,Poland,30,Eliminated Week 9,4,True,1,9,10,0,Kathy Ireland,1,0,20.0
9,Kathy Ireland,2,18.0,3,Tony Dovolani,Model,California,United States,46,Eliminated Week 2,14,True,1,2,10,1,Kathy Ireland,1,0,18.0
9,Kelly Osbourne,2,19.0,3,Louis van Amstel,TV Personality,,England,24,3rd Place,3,True,1,10,10,0,Kathy Ireland,1,0,19.0
9,Louie Vito,2,19.0,3,Chelsie Hightower,Athlete,Ohio,United States,21,Eliminated Week 6,8,True,1,6,10,0,Kathy Ireland,1,0,19.0
9,Macy Gray,2,0.0,3,Jonathan Roberts,Singer/Rapper,Ohio,United States,42,Eliminated Week 1,15,True,0,1,10,0,Kathy Ireland,1,0,
9,Mark Dacascos,2,21.0,3,Lacey Schwimmer,Actor/Actress,Hawaii,United States,45,Eliminated Week 7,6,True,1,7,10,0,Kathy Ireland,1,0,21.0
9,Melissa Joan Hart,2,19.0,3,Mark Ballas,Actor/Actress,New York,United States,33,Eliminated Week 6,9,True,1,6,10,0,Kathy Ireland,1,0,19.0
9,Michael Irvin,2,20.0,3,Anna Demidova,Athlete,Florida,United States,43,Eliminated Week 7,7,True,1,7,10,0,Kathy Ireland,1,0,20.0
9,Mya,2,27.0,3,Dmitry Chaplin,Singer/Rapper,Washington D.C.,United States,29,2nd Place,2,True,1,10,10,0,Kathy Ireland,1,0,27.0
9,Natalie Coughlin,2,21.0,3,Alec Mazo,Athlete,California,United States,27,Eliminated Week 5,10,True,1,5,10,0,Kathy Ireland,1,0,21.0
9,Tom DeLay,2,18.0,3,Cheryl Burke,Politician,Texas,United States,62,Withdrew,13,True,1,3,10,0,Kathy Ireland,1,0,18.0
9,Aaron Carter,3,21.0,3,Karina Smirnoff,Singer/Rapper,Florida,United States,21,Eliminated Week 8,5,True,1,8,10,0,Debi Mazar; Tom DeLay,1,0,21.0
9,Ashley Hamiliton,3,0.0,3,Edyta Sliwinska,Actor/Actress,California,United States,34,Eliminated Week 1,16,True,0,1,10,0,Debi Mazar; Tom DeLay,1,0,
9,Chuck Liddell,3,17.0,3,Anna Trebunskaya,Athlete,California,United States,39,Eliminated Week 4,11,True,1,4,10,0,Debi Mazar; Tom DeLay,1,0,17.0
9,Debi Mazar,3,17.0,3,Maksim Chmerkoskiy,Actor/Actress,New York,United States,45,Eliminated Week 3,12,True,1,3,10,1,Debi Mazar; Tom DeLay,1,0,17.0
9,Donny Osmond,3,21.0,3,Kym Johnson,Singer/Rapper,Utah,United States,51,1st Place,1,True,1,10,10,0,Debi Mazar; Tom DeLay,1,0,21.0
9,Joanna Krupa,3,23.0,3,Derek Hough,Model,,Poland,30,Eliminated Week 9,4,True,1,9,10,0,Debi Mazar; Tom DeLay,1,0,23.0
9,Kathy Ireland,3,0.0,3,Tony Dovolani,Model,California,United States,46,Eliminated Week 2,14,True,0,2,10,0,Debi Mazar; Tom DeLay,1,0,
9,Kelly Osbourne,3,20.0,3,Louis van Amstel,TV Personality,,England,24,3rd Place,3,True,1,10,10,0,Debi Mazar; Tom DeLay,1,0,20.0
9,Louie Vito,3,20.0,3,Chelsie Hightower,Athlete,Ohio,United States,21,Eliminated Week 6,8,True,1,6,10,0,Debi Mazar; Tom DeLay,1,0,20.0
9,Macy Gray,3,0.0,3,Jonathan Roberts,Singer/Rapper,Ohio,United States,42,Eliminated Week 1,15,True,0,1,10,0,Debi Mazar; Tom DeLay,1,0,
9,Mark Dacascos,3,18.0,3,Lacey Schwimmer,Actor/Actress,Hawaii,United States,45,Eliminated Week 7,6,True,1,7,10,0,Debi Mazar; Tom DeLay,1,0,18.0
9,Melissa Joan Hart,3,19.0,3,Mark Ballas,Actor/Actress,New York,United States,33,Eliminated Week 6,9,True,1,6,10,0,Debi Mazar; Tom DeLay,1,0,19.0
9,Michael Irvin,3,14.0,3,Anna Demidova,Athlete,Florida,United States,43,Eliminated Week 7,7,True,1,7,10,0,Debi Mazar; Tom DeLay,1,0,14.0
9,Mya,3,27.0,3,Dmitry Chaplin,Singer/Rapper,Washington D.C.,United States,29,2nd Place,2,True,1,10,10,0,Debi Mazar; Tom DeLay,1,0,27.0
9,Natalie Coughlin,3,26.0,3,Alec Mazo,Athlete,California,United States,27,Eliminated Week 5,10,True,1,5,10,0,Debi Mazar; Tom DeLay,1,0,26.0
9,Tom DeLay,3,15.0,3,Cheryl Burke,Politician,Texas,United States,62,Withdrew,13,True,1,3,10,1,Debi Mazar; Tom DeLay,1,0,15.0
9,Aaron Carter,4,18.0,3,Karina Smirnoff,Singer/Rapper,Florida,United States,21,Eliminated Week 8,5,True,1,8,10,0,Chuck Liddell,1,0,18.0
9,Ashley Hamiliton,4,0.0,3,Edyta Sliwinska,Actor/Actress,California,United States,34,Eliminated Week 1,16,True,0,1,10,0,Chuck Liddell,1,0,
9,Chuck Liddell,4,17.0,3,Anna Trebunskaya,Athlete,California,United States,39,Eliminated Week 4,11,True,1,4,10,1,Chuck Liddell,1,0,17.0
9,Debi Mazar,4,0.0,3,Maksim Chmerkoskiy,Actor/Actress,New York,United States,45,Eliminated Week 3,12,True,0,3,10,0,Chuck Liddell,1,0,
9,Donny Osmond,4,24.0,3,Kym Johnson,Singer/Rapper,Utah,United States,51,1st Place,1,True,1,10,10,0,Chuck Liddell,1,0,24.0
9,Joanna Krupa,4,26.0,3,Derek Hough,Model,,Poland,30,Eliminated Week 9,4,True,1,9,10,0,Chuck Liddell,1,0,26.0
9,Kathy Ireland,4,0.0,3,Tony Dovolani,Model,California,United States,46,Eliminated Week 2,14,True,0,2,10,0,Chuck Liddell,1,0,
9,Kelly Osbourne,4,23.0,3,Louis van Amstel,TV Personality,,England,24,3rd Place,3,True,1,10,10,0,Chuck Liddell,1,0,23.0
9,Louie Vito,4,16.0,3,Chelsie Hightower,Athlete,Ohio,United States,21,Eliminated Week 6,8,True,1,6,10,0,Chuck Liddell,1,0,16.0
9,Macy Gray,4,0.0,3,Jonathan Roberts,Singer/Rapper,Ohio,United States,42,Eliminated Week 1,15,True,0,1,10,0,Chuck Liddell,1,0,
9,Mark Dacascos,4,22.0,3,Lacey Schwimmer,Actor/Actress,Hawaii,United States,45,Eliminated Week 7,6,True,1,7,10,0,Chuck Liddell,1,0,22.0
9,Melissa Joan Hart,4,28.0,3,Mark Ballas,Actor/Actress,New York,United States,33,Eliminated Week 6,9,True,1,6,10,0,Chuck Liddell,1,0,28.0
9,Michael Irvin,4,16.0,3,Anna Demidova,Athlete,Florida,United States,43,Eliminated Week 7,7,True,1,7,10,0,Chuck Liddell,1,0,16.0
9,Mya,4,28.0,3,Dmitry Chaplin,Singer/Rapper,Washington D.C.,United States,29,2nd Place,2,True,1,10,10,0,Chuck Liddell,1,0,28.0
9,Natalie Coughlin,4,24.0,3,Alec Mazo,Athlete,California,United States,27,Eliminated Week 5,10,True,1,5,10,0,Chuck Liddell,1,0,24.0
9,Tom DeLay,4,0.0,3,Cheryl Burke,Politician,Texas,United States,62,Withdrew,13,True,0,3,10,0,Chuck Liddell,1,0,
9,Aaron Carter,5,24.0,3,Karina Smirnoff,Singer/Rapper,Florida,United States,21,Eliminated Week 8,5,True,1,8,10,0,Natalie Coughlin,1,0,24.0
9,Ashley Hamiliton,5,0.0,3,Edyta Sliwinska,Actor/Actress,California,United States,34,Eliminated Week 1,16,True,0,1,10,0,Natalie Coughlin,1,0,
9,Chuck Liddell,5,0.0,3,Anna Trebunskaya,Athlete,California,United States,39,Eliminated Week 4,11,True,0,4,10,0,Natalie Coughlin,1,0,
9,Debi Mazar,5,0.0,3,Maksim Chmerkoskiy,Actor/Actress,New York,United States,45,Eliminated Week 3,12,True,0,3,10,0,Natalie Coughlin,1,0,
9,Donny Osmond,5,29.0,3,Kym Johnson,Singer/Rapper,Utah,United States,51,1st Place,1,True,1,10,10,0,Natalie Coughlin,1,0,29.0
9,Joanna Krupa,5,24.0,3,Derek Hough,Model,,Poland,30,Eliminated Week 9,4,True,1,9,10,0,Natalie Coughlin,1,0,24.0
9,Kathy Ireland,5,0.0,3,Tony Dovolani,Model,California,United States,46,Eliminated Week 2,14,True,0,2,10,0,Natalie Coughlin,1,0,
9,Kelly Osbourne,5,24.0,3,Louis van Amstel,TV Personality,,England,24,3rd Place,3,True,1,10,10,0,Natalie Coughlin,1,0,24.0
9,Louie Vito,5,22.0,3,Chelsie Hightower,Athlete,Ohio,United States,21,Eliminated Week 6,8,True,1,6,10,0,Natalie Coughlin,1,0,22.0
9,Macy Gray,5,0.0,3,Jonathan Roberts,Singer/Rapper,Ohio,United States,42,Eliminated Week 1,15,True,0,1,10,0,Natalie Coughlin,1,0,
9,Mark Dacascos,5,26.0,3,Lacey Schwimmer,Actor/Actress,Hawaii,United States,45,Eliminated Week 7,6,True,1,7,10,0,Natalie Coughlin,1,0,26.0
9,Melissa Joan Hart,5,23.0,3,Mark Ballas,Actor/Actress,New York,United States,33,Eliminated Week 6,9,True,1,6,10,0,Natalie Coughlin,1,0,23.0
9,Michael Irvin,5,21.0,3,Anna Demidova,Athlete,Florida,United States,43,Eliminated Week 7,7,True,1,7,10,0,Natalie Coughlin,1,0,21.0
9,Mya,5,27.0,3,Dmitry Chaplin,Singer/Rapper,Washington D.C.,United States,29,2nd Place,2,True,1,10,10,0,Natalie Coughlin,1,0,27.0
9,Natalie Coughlin,5,22.0,3,Alec Mazo,Athlete,California,United States,27,Eliminated Week 5,10,True,1,5,10,1,Natalie Coughlin,1,0,22.0
9,Tom DeLay,5,0.0,3,Cheryl Burke,Politician,Texas,United States,62,Withdrew,13,True,0,3,10,0,Natalie Coughlin,1,0,
9,Aaron Carter,6,32.9998,3,Karina Smirnoff,Singer/Rapper,Florida,United States,21,Eliminated Week 8,5,True,1,8,10,0,Louie Vito; Melissa Joan Hart,1,0,32.9998
9,Ashley Hamiliton,6,0.0,3,Edyta Sliwinska,Actor/Actress,California,United States,34,Eliminated Week 1,16,True,0,1,10,0,Louie Vito; Melissa Joan Hart,1,0,
9,Chuck Liddell,6,0.0,3,Anna Trebunskaya,Athlete,California,United States,39,Eliminated Week 4,11,True,0,4,10,0,Louie Vito; Melissa Joan Hart,1,0,
9,Debi Mazar,6,0.0,3,Maksim Chmerkoskiy,Actor/Actress,New York,United States,45,Eliminated Week 3,12,True,0,3,10,0,Louie Vito; Melissa Joan Hart,1,0,
9,Donny Osmond,6,30.999899999999997,3,Kym Johnson,Singer/Rapper,Utah,United States,51,1st Place,1,True,1,10,10,0,Louie Vito; Melissa Joan Hart,1,0,30.999899999999997
9,Joanna Krupa,6,35.9999,3,Derek Hough,Model,,Poland,30,Eliminated Week 9,4,True,1,9,10,0,Louie Vito; Melissa Joan Hart,1,0,35.9999
9,Kathy Ireland,6,0.0,3,Tony Dovolani,Model,California,United States,46,Eliminated Week 2,14,True,0,2,10,0,Louie Vito; Melissa Joan Hart,1,0,
9,Kelly Osbourne,6,24.9998,3,Louis van Amstel,TV Personality,,England,24,3rd Place,3,True,1,10,10,0,Louie Vito; Melissa Joan Hart,1,0,24.9998
9,Louie Vito,6,24.0,3,Chelsie Hightower,Athlete,Ohio,United States,21,Eliminated Week 6,8,True,1,6,10,1,Louie Vito; Melissa Joan Hart,1,0,24.0
9,Macy Gray,6,0.0,3,Jonathan Roberts,Singer/Rapper,Ohio,United States,42,Eliminated Week 1,15,True,0,1,10,0,Louie Vito; Melissa Joan Hart,1,0,
9,Mark Dacascos,6,32.0,3,Lacey Schwimmer,Actor/Actress,Hawaii,United States,45,Eliminated Week 7,6,True,1,7,10,0,Louie Vito; Melissa Joan Hart,1,0,32.0
9,Melissa Joan Hart,6,23.9999,3,Mark Ballas,Actor/Actress,New York,United States,33,Eliminated Week 6,9,True,1,6,10,1,Louie Vito; Melissa Joan Hart,1,0,23.9999
9,Michael Irvin,6,21.9998,3,Anna Demidova,Athlete,Florida,United States,43,Eliminated Week 7,7,True,1,7,10,0,Louie Vito; Melissa Joan Hart,1,0,21.9998
9,Mya,6,33.0,3,Dmitry Chaplin,Singer/Rapper,Washington D.C.,United States,29,2nd Place,2,True,1,10,10,0,Louie Vito; Melissa Joan Hart,1,0,33.0
9,Natalie Coughlin,6,0.0,3,Alec Mazo,Athlete,California,United States,27,Eliminated Week 5,10,True,0,5,10,0,Louie Vito; Melissa Joan Hart,1,0,
9,Tom DeLay,6,0.0,3,Cheryl Burke,Politician,Texas,United States,62,Withdrew,13,True,0,3,10,0,Louie Vito; Melissa Joan Hart,1,0,
9,Aaron Carter,7,26.5,3,Karina Smirnoff,Singer/Rapper,Florida,United States,21,Eliminated Week 8,5,True,1,8,10,0,Mark Dacascos; Michael Irvin,1,0,26.5
9,Ashley Hamiliton,7,0.0,3,Edyta Sliwinska,Actor/Actress,California,United States,34,Eliminated Week 1,16,True,0,1,10,0,Mark Dacascos; Michael Irvin,1,0,
9,Chuck Liddell,7,0.0,3,Anna Trebunskaya,Athlete,California,United States,39,Eliminated Week 4,11,True,0,4,10,0,Mark Dacascos; Michael Irvin,1,0,
9,Debi Mazar,7,0.0,3,Maksim Chmerkoskiy,Actor/Actress,New York,United States,45,Eliminated Week 3,12,True,0,3,10,0,Mark Dacascos; Michael Irvin,1,0,
9,Donny Osmond,7,26.0,3,Kym Johnson,Singer/Rapper,Utah,United States,51,1st Place,1,True,1,10,10,0,Mark Dacascos; Michael Irvin,1,0,26.0
9,Joanna Krupa,7,27.5,3,Derek Hough,Model,,Poland,30,Eliminated Week 9,4,True,1,9,10,0,Mark Dacascos; Michael Irvin,1,0,27.5
9,Kathy Ireland,7,0.0,3,Tony Dovolani,Model,California,United States,46,Eliminated Week 2,14,True,0,2,10,0,Mark Dacascos; Michael Irvin,1,0,
9,Kelly Osbourne,7,26.0,3,Louis van Amstel,TV Personality,,England,24,3rd Place,3,True,1,10,10,0,Mark Dacascos; Michael Irvin,1,0,26.0
9,Louie Vito,7,0.0,3,Chelsie Hightower,Athlete,Ohio,United States,21,Eliminated Week 6,8,True,0,6,10,0,Mark Dacascos; Michael Irvin,1,0,
9,Macy Gray,7,0.0,3,Jonathan Roberts,Singer/Rapper,Ohio,United States,42,Eliminated Week 1,15,True,0,1,10,0,Mark Dacascos; Michael Irvin,1,0,
9,Mark Dacascos,7,21.5,3,Lacey Schwimmer,Actor/Actress,Hawaii,United States,45,Eliminated Week 7,6,True,1,7,10,1,Mark Dacascos; Michael Irvin,1,0,21.5
9,Melissa Joan Hart,7,0.0,3,Mark Ballas,Actor/Actress,New York,United States,33,Eliminated Week 6,9,True,0,6,10,0,Mark Dacascos; Michael Irvin,1,0,
9,Michael Irvin,7,23.5,3,Anna Demidova,Athlete,Florida,United States,43,Eliminated Week 7,7,True,1,7,10,1,Mark Dacascos; Michael Irvin,1,0,23.5
9,Mya,7,24.5,3,Dmitry Chaplin,Singer/Rapper,Washington D.C.,United States,29,2nd Place,2,True,1,10,10,0,Mark Dacascos; Michael Irvin,1,0,24.5
9,Natalie Coughlin,7,0.0,3,Alec Mazo,Athlete,California,United States,27,Eliminated Week 5,10,True,0,5,10,0,Mark Dacascos; Michael Irvin,1,0,
9,Tom DeLay,7,0.0,3,Cheryl Burke,Politician,Texas,United States,62,Withdrew,13,True,0,3,10,0,Mark Dacascos; Michael Irvin,1,0,
9,Aaron Carter,8,25.0,3,Karina Smirnoff,Singer/Rapper,Florida,United States,21,Eliminated Week 8,5,True,1,8,10,1,Aaron Carter,1,0,25.0
9,Ashley Hamiliton,8,0.0,3,Edyta Sliwinska,Actor/Actress,California,United States,34,Eliminated Week 1,16,True,0,1,10,0,Aaron Carter,1,0,
9,Chuck Liddell,8,0.0,3,Anna Trebunskaya,Athlete,California,United States,39,Eliminated Week 4,11,True,0,4,10,0,Aaron Carter,1,0,
9,Debi Mazar,8,0.0,3,Maksim Chmerkoskiy,Actor/Actress,New York,United States,45,Eliminated Week 3,12,True,0,3,10,0,Aaron Carter,1,0,
9,Donny Osmond,8,25.0,3,Kym Johnson,Singer/Rapper,Utah,United States,51,1st Place,1,True,1,10,10,0,Aaron Carter,1,0,25.0
9,Joanna Krupa,8,26.0,3,Derek Hough,Model,,Poland,30,Eliminated Week 9,4,True,1,9,10,0,Aaron Carter,1,0,26.0
9,Kathy Ireland,8,0.0,3,Tony Dovolani,Model,California,United States,46,Eliminated Week 2,14,True,0,2,10,0,Aaron Carter,1,0,
9,Kelly Osbourne,8,25.5,3,Louis van Amstel,TV Personality,,England,24,3rd Place,3,True,1,10,10,0,Aaron Carter,1,0,25.5
9,Louie Vito,8,0.0,3,Chelsie Hightower,Athlete,Ohio,United States,21,Eliminated Week 6,8,True,0,6,10,0,Aaron Carter,1,0,
9,Macy Gray,8,0.0,3,Jonathan Roberts,Singer/Rapper,Ohio,United States,42,Eliminated Week 1,15,True,0,1,10,0,Aaron Carter,1,0,
9,Mark Dacascos,8,0.0,3,Lacey Schwimmer,Actor/Actress,Hawaii,United States,45,Eliminated Week 7,6,True,0,7,10,0,Aaron Carter,1,0,
9,Melissa Joan Hart,8,0.0,3,Mark Ballas,Actor/Actress,New York,United States,33,Eliminated Week 6,9,True,0,6,10,0,Aaron Carter,1,0,
9,Michael Irvin,8,0.0,3,Anna Demidova,Athlete,Florida,United States,43,Eliminated Week 7,7,True,0,7,10,0,Aaron Carter,1,0,
9,Mya,8,29.5,3,Dmitry Chaplin,Singer/Rapper,Washington D.C.,United States,29,2nd Place,2,True,1,10,10,0,Aaron Carter,1,0,29.5
9,Natalie Coughlin,8,0.0,3,Alec Mazo,Athlete,California,United States,27,Eliminated Week 5,10,True,0,5,10,0,Aaron Carter,1,0,
9,Tom DeLay,8,0.0,3,Cheryl Burke,Politician,Texas,United States,62,Withdrew,13,True,0,3,10,0,Aaron Carter,1,0,
9,Aaron Carter,9,0.0,3,Karina Smirnoff,Singer/Rapper,Florida,United States,21,Eliminated Week 8,5,True,0,8,10,0,Joanna Krupa,1,0,
9,Ashley Hamiliton,9,0.0,3,Edyta Sliwinska,Actor/Actress,California,United States,34,Eliminated Week 1,16,True,0,1,10,0,Joanna Krupa,1,0,
9,Chuck Liddell,9,0.0,3,Anna Trebunskaya,Athlete,California,United States,39,Eliminated Week 4,11,True,0,4,10,0,Joanna Krupa,1,0,
9,Debi Mazar,9,0.0,3,Maksim Chmerkoskiy,Actor/Actress,New York,United States,45,Eliminated Week 3,12,True,0,3,10,0,Joanna Krupa,1,0,
9,Donny Osmond,9,24.666600000000003,3,Kym Johnson,Singer/Rapper,Utah,United States,51,1st Place,1,True,1,10,10,0,Joanna Krupa,1,0,24.666600000000003
9,Joanna Krupa,9,27.0,3,Derek Hough,Model,,Poland,30,Eliminated Week 9,4,True,1,9,10,1,Joanna Krupa,1,0,27.0
9,Kathy Ireland,9,0.0,3,Tony Dovolani,Model,California,United States,46,Eliminated Week 2,14,True,0,2,10,0,Joanna Krupa,1,0,
9,Kelly Osbourne,9,25.9998,3,Louis van Amstel,TV Personality,,England,24,3rd Place,3,True,1,10,10,0,Joanna Krupa,1,0,25.9998
9,Louie Vito,9,0.0,3,Chelsie Hightower,Athlete,Ohio,United States,21,Eliminated Week 6,8,True,0,6,10,0,Joanna Krupa,1,0,
9,Macy Gray,9,0.0,3,Jonathan Roberts,Singer/Rapper,Ohio,United States,42,Eliminated Week 1,15,True,0,1,10,0,Joanna Krupa,1,0,
9,Mark Dacascos,9,0.0,3,Lacey Schwimmer,Actor/Actress,Hawaii,United States,45,Eliminated Week 7,6,True,0,7,10,0,Joanna Krupa,1,0,
9,Melissa Joan Hart,9,0.0,3,Mark Ballas,Actor/Actress,New York,United States,33,Eliminated Week 6,9,True,0,6,10,0,Joanna Krupa,1,0,
9,Michael Irvin,9,0.0,3,Anna Demidova,Athlete,Florida,United States,43,Eliminated Week 7,7,True,0,7,10,0,Joanna Krupa,1,0,
9,Mya,9,28.9999,3,Dmitry Chaplin,Singer/Rapper,Washington D.C.,United States,29,2nd Place,2,True,1,10,10,0,Joanna Krupa,1,0,28.9999
9,Natalie Coughlin,9,0.0,3,Alec Mazo,Athlete,California,United States,27,Eliminated Week 5,10,True,0,5,10,0,Joanna Krupa,1,0,
9,Tom DeLay,9,0.0,3,Cheryl Burke,Politician,Texas,United States,62,Withdrew,13,True,0,3,10,0,Joanna Krupa,1,0,
9,Aaron Carter,10,0.0,3,Karina Smirnoff,Singer/Rapper,Florida,United States,21,Eliminated Week 8,5,True,0,8,10,0,,0,1,
9,Ashley Hamiliton,10,0.0,3,Edyta Sliwinska,Actor/Actress,California,United States,34,Eliminated Week 1,16,True,0,1,10,0,,0,1,
9,Chuck Liddell,10,0.0,3,Anna Trebunskaya,Athlete,California,United States,39,Eliminated Week 4,11,True,0,4,10,0,,0,1,
9,Debi Mazar,10,0.0,3,Maksim Chmerkoskiy,Actor/Actress,New York,United States,45,Eliminated Week 3,12,True,0,3,10,0,,0,1,
9,Donny Osmond,10,28.9998,3,Kym Johnson,Singer/Rapper,Utah,United States,51,1st Place,1,True,1,10,10,0,,0,1,28.9998
9,Joanna Krupa,10,0.0,3,Derek Hough,Model,,Poland,30,Eliminated Week 9,4,True,0,9,10,0,,0,1,
9,Kathy Ireland,10,0.0,3,Tony Dovolani,Model,California,United States,46,Eliminated Week 2,14,True,0,2,10,0,,0,1,
9,Kelly Osbourne,10,25.2222,3,Louis van Amstel,TV Personality,,England,24,3rd Place,3,True,1,10,10,0,,0,1,25.2222
9,Louie Vito,10,0.0,3,Chelsie Hightower,Athlete,Ohio,United States,21,Eliminated Week 6,8,True,0,6,10,0,,0,1,
9,Macy Gray,10,0.0,3,Jonathan Roberts,Singer/Rapper,Ohio,United States,42,Eliminated Week 1,15,True,0,1,10,0,,0,1,
9,Mark Dacascos,10,0.0,3,Lacey Schwimmer,Actor/Actress,Hawaii,United States,45,Eliminated Week 7,6,True,0,7,10,0,,0,1,
9,Melissa Joan Hart,10,0.0,3,Mark Ballas,Actor/Actress,New York,United States,33,Eliminated Week 6,9,True,0,6,10,0,,0,1,
9,Michael Irvin,10,0.0,3,Anna Demidova,Athlete,Florida,United States,43,Eliminated Week 7,7,True,0,7,10,0,,0,1,
9,Mya,10,28.333199999999998,3,Dmitry Chaplin,Singer/Rapper,Washington D.C.,United States,29,2nd Place,2,True,1,10,10,0,,0,1,28.333199999999998
9,Natalie Coughlin,10,0.0,3,Alec Mazo,Athlete,California,United States,27,Eliminated Week 5,10,True,0,5,10,0,,0,1,
9,Tom DeLay,10,0.0,3,Cheryl Burke,Politician,Texas,United States,62,Withdrew,13,True,0,3,10,0,,0,1,
9,Aaron Carter,11,,0,Karina Smirnoff,Singer/Rapper,Florida,United States,21,Eliminated Week 8,5,False,0,8,10,0,,0,0,
9,Ashley Hamiliton,11,,0,Edyta Sliwinska,Actor/Actress,California,United States,34,Eliminated Week 1,16,False,0,1,10,0,,0,0,
9,Chuck Liddell,11,,0,Anna Trebunskaya,Athlete,California,United States,39,Eliminated Week 4,11,False,0,4,10,0,,0,0,
9,Debi Mazar,11,,0,Maksim Chmerkoskiy,Actor/Actress,New York,United States,45,Eliminated Week 3,12,False,0,3,10,0,,0,0,
9,Donny Osmond,11,,0,Kym Johnson,Singer/Rapper,Utah,United States,51,1st Place,1,False,0,10,10,0,,0,0,
9,Joanna Krupa,11,,0,Derek Hough,Model,,Poland,30,Eliminated Week 9,4,False,0,9,10,0,,0,0,
9,Kathy Ireland,11,,0,Tony Dovolani,Model,California,United States,46,Eliminated Week 2,14,False,0,2,10,0,,0,0,
9,Kelly Osbourne,11,,0,Louis van Amstel,TV Personality,,England,24,3rd Place,3,False,0,10,10,0,,0,0,
9,Louie Vito,11,,0,Chelsie Hightower,Athlete,Ohio,United States,21,Eliminated Week 6,8,False,0,6,10,0,,0,0,
9,Macy Gray,11,,0,Jonathan Roberts,Singer/Rapper,Ohio,United States,42,Eliminated Week 1,15,False,0,1,10,0,,0,0,
9,Mark Dacascos,11,,0,Lacey Schwimmer,Actor/Actress,Hawaii,United States,45,Eliminated Week 7,6,False,0,7,10,0,,0,0,
9,Melissa Joan Hart,11,,0,Mark Ballas,Actor/Actress,New York,United States,33,Eliminated Week 6,9,False,0,6,10,0,,0,0,
9,Michael Irvin,11,,0,Anna Demidova,Athlete,Florida,United States,43,Eliminated Week 7,7,False,0,7,10,0,,0,0,
9,Mya,11,,0,Dmitry Chaplin,Singer/Rapper,Washington D.C.,United States,29,2nd Place,2,False,0,10,10,0,,0,0,
9,Natalie Coughlin,11,,0,Alec Mazo,Athlete,California,United States,27,Eliminated Week 5,10,False,0,5,10,0,,0,0,
9,Tom DeLay,11,,0,Cheryl Burke,Politician,Texas,United States,62,Withdrew,13,False,0,3,10,0,,0,0,
10,Aiden Turner,1,15.0,3,Edyta Sliwinska,Actor/Actress,,England,32,Eliminated Week 4,9,True,1,4,10,0,,0,1,15.0
10,Buzz Aldrin,1,14.0,3,Ashly DelGrosso,Astronaut,New Jersey,United States,80,Eliminated Week 3,10,True,1,3,10,0,,0,1,14.0
10,Chad Ochocinco,1,18.0,3,Cheryl Burke,Athlete,Florida,United States,32,Eliminated Week 9,4,True,1,9,10,0,,0,1,18.0
10,Erin Andrews,1,21.0,3,Maksim Chmerkoskiy,Sports Broadcaster,Maine,United States,32,3rd Place,3,True,1,10,10,0,,0,1,21.0
10,Evan Lysacek,1,23.0,3,Anna Trebunskaya,Athlete,Illinois,United States,24,2nd Place,2,True,1,10,10,0,,0,1,23.0
10,Jake Pavelka,1,20.0,3,Chelsie Hightower,TV Personality,Texas,United States,32,Eliminated Week 6,7,True,1,6,10,0,,0,1,20.0
10,Kate Gosselin,1,16.0,3,Tony Dovolani,TV Personality,Pennsylvania,United States,35,Eliminated Week 5,8,True,1,5,10,0,,0,1,16.0
10,Nicole Scherzinger,1,25.0,3,Derek Hough,Singer/Rapper,Hawaii,United States,31,1st Place,1,True,1,10,10,0,,0,1,25.0
10,Niecy Nash,1,18.0,3,Louis van Amstel,Actor/Actress,California,United States,40,Eliminated Week 8,5,True,1,8,10,0,,0,1,18.0
10,Pamela Anderson,1,21.0,3,Damian Whitewood,Model,,Canada,42,Eliminated Week 7,6,True,1,7,10,0,,0,1,21.0
10,Shannen Doherty,1,18.0,3,Mark Ballas,Actor/Actress,Tennessee,United States,38,Eliminated Week 2,11,True,1,2,10,0,,0,1,18.0
10,Aiden Turner,2,19.0,3,Edyta Sliwinska,Actor/Actress,,England,32,Eliminated Week 4,9,True,1,4,10,0,Shannen Doherty,1,0,19.0
10,Buzz Aldrin,2,12.0,3,Ashly DelGrosso,Astronaut,New Jersey,United States,80,Eliminated Week 3,10,True,1,3,10,0,Shannen Doherty,1,0,12.0
10,Chad Ochocinco,2,16.0,3,Cheryl Burke,Athlete,Florida,United States,32,Eliminated Week 9,4,True,1,9,10,0,Shannen Doherty,1,0,16.0
10,Erin Andrews,2,23.0,3,Maksim Chmerkoskiy,Sports Broadcaster,Maine,United States,32,3rd Place,3,True,1,10,10,0,Shannen Doherty,1,0,23.0
10,Evan Lysacek,2,24.0,3,Anna Trebunskaya,Athlete,Illinois,United States,24,2nd Place,2,True,1,10,10,0,Shannen Doherty,1,0,24.0
10,Jake Pavelka,2,20.0,3,Chelsie Hightower,TV Personality,Texas,United States,32,Eliminated Week 6,7,True,1,6,10,0,Shannen Doherty,1,0,20.0
10,Kate Gosselin,2,15.0,3,Tony Dovolani,TV Personality,Pennsylvania,United States,35,Eliminated Week 5,8,True,1,5,10,0,Shannen Doherty,1,0,15.0
10,Nicole Scherzinger,2,28.0,3,Derek Hough,Singer/Rapper,Hawaii,United States,31,1st Place,1,True,1,10,10,0,Shannen Doherty,1,0,28.0
10,Niecy Nash,2,21.0,3,Louis van Amstel,Actor/Actress,California,United States,40,Eliminated Week 8,5,True,1,8,10,0,Shannen Doherty,1,0,21.0
10,Pamela Anderson,2,22.0,3,Damian Whitewood,Model,,Canada,42,Eliminated Week 7,6,True,1,7,10,0,Shannen Doherty,1,0,22.0
10,Shannen Doherty,2,20.0,3,Mark Ballas,Actor/Actress,Tennessee,United States,38,Eliminated Week 2,11,True,1,2,10,1,Shannen Doherty,1,0,20.0
10,Aiden Turner,3,20.0,3,Edyta Sliwinska,Actor/Actress,,England,32,Eliminated Week 4,9,True,1,4,10,0,Buzz Aldrin,1,0,20.0
10,Buzz Aldrin,3,13.0,3,Ashly DelGrosso,Astronaut,New Jersey,United States,80,Eliminated Week 3,10,True,1,3,10,1,Buzz Aldrin,1,0,13.0
10,Chad Ochocinco,3,20.0,3,Cheryl Burke,Athlete,Florida,United States,32,Eliminated Week 9,4,True,1,9,10,0,Buzz Aldrin,1,0,20.0
10,Erin Andrews,3,23.0,3,Maksim Chmerkoskiy,Sports Broadcaster,Maine,United States,32,3rd Place,3,True,1,10,10,0,Buzz Aldrin,1,0,23.0
10,Evan Lysacek,3,26.0,3,Anna Trebunskaya,Athlete,Illinois,United States,24,2nd Place,2,True,1,10,10,0,Buzz Aldrin,1,0,26.0
10,Jake Pavelka,3,21.0,3,Chelsie Hightower,TV Personality,Texas,United States,32,Eliminated Week 6,7,True,1,6,10,0,Buzz Aldrin,1,0,21.0
10,Kate Gosselin,3,15.0,3,Tony Dovolani,TV Personality,Pennsylvania,United States,35,Eliminated Week 5,8,True,1,5,10,0,Buzz Aldrin,1,0,15.0
10,Nicole Scherzinger,3,23.0,3,Derek Hough,Singer/Rapper,Hawaii,United States,31,1st Place,1,True,1,10,10,0,Buzz Aldrin,1,0,23.0
10,Niecy Nash,3,21.0,3,Louis van Amstel,Actor/Actress,California,United States,40,Eliminated Week 8,5,True,1,8,10,0,Buzz Aldrin,1,0,21.0
10,Pamela Anderson,3,21.0,3,Damian Whitewood,Model,,Canada,42,Eliminated Week 7,6,True,1,7,10,0,Buzz Aldrin,1,0,21.0
10,Shannen Doherty,3,0.0,3,Mark Ballas,Actor/Actress,Tennessee,United States,38,Eliminated Week 2,11,True,0,2,10,0,Buzz Aldrin,1,0,
10,Aiden Turner,4,16.5,3,Edyta Sliwinska,Actor/Actress,,England,32,Eliminated Week 4,9,True,1,4,10,1,Aiden Turner,1,0,16.5
10,Buzz Aldrin,4,0.0,3,Ashly DelGrosso,Astronaut,New Jersey,United States,80,Eliminated Week 3,10,True,0,3,10,0,Aiden Turner,1,0,
10,Chad Ochocinco,4,22.0,3,Cheryl Burke,Athlete,Florida,United States,32,Eliminated Week 9,4,True,1,9,10,0,Aiden Turner,1,0,22.0
10,Erin Andrews,4,19.5,3,Maksim Chmerkoskiy,Sports Broadcaster,Maine,United States,32,3rd Place,3,True,1,10,10,0,Aiden Turner,1,0,19.5
10,Evan Lysacek,4,26.0,3,Anna Trebunskaya,Athlete,Illinois,United States,24,2nd Place,2,True,1,10,10,0,Aiden Turner,1,0,26.0
10,Jake Pavelka,4,19.0,3,Chelsie Hightower,TV Personality,Texas,United States,32,Eliminated Week 6,7,True,1,6,10,0,Aiden Turner,1,0,19.0
10,Kate Gosselin,4,16.0,3,Tony Dovolani,TV Personality,Pennsylvania,United States,35,Eliminated Week 5,8,True,1,5,10,0,Aiden Turner,1,0,16.0
10,Nicole Scherzinger,4,25.0,3,Derek Hough,Singer/Rapper,Hawaii,United States,31,1st Place,1,True,1,10,10,0,Aiden Turner,1,0,25.0
10,Niecy Nash,4,18.0,3,Louis van Amstel,Actor/Actress,California,United States,40,Eliminated Week 8,5,True,1,8,10,0,Aiden Turner,1,0,18.0
10,Pamela Anderson,4,23.5,3,Damian Whitewood,Model,,Canada,42,Eliminated Week 7,6,True,1,7,10,0,Aiden Turner,1,0,23.5
10,Shannen Doherty,4,0.0,3,Mark Ballas,Actor/Actress,Tennessee,United States,38,Eliminated Week 2,11,True,0,2,10,0,Aiden Turner,1,0,
10,Aiden Turner,5,0.0,3,Edyta Sliwinska,Actor/Actress,,England,32,Eliminated Week 4,9,True,0,4,10,0,Kate Gosselin,1,0,
10,Buzz Aldrin,5,0.0,3,Ashly DelGrosso,Astronaut,New Jersey,United States,80,Eliminated Week 3,10,True,0,3,10,0,Kate Gosselin,1,0,
10,Chad Ochocinco,5,18.0,3,Cheryl Burke,Athlete,Florida,United States,32,Eliminated Week 9,4,True,1,9,10,0,Kate Gosselin,1,0,18.0
10,Erin Andrews,5,22.0,3,Maksim Chmerkoskiy,Sports Broadcaster,Maine,United States,32,3rd Place,3,True,1,10,10,0,Kate Gosselin,1,0,22.0
10,Evan Lysacek,5,27.0,3,Anna Trebunskaya,Athlete,Illinois,United States,24,2nd Place,2,True,1,10,10,0,Kate Gosselin,1,0,27.0
10,Jake Pavelka,5,23.0,3,Chelsie Hightower,TV Personality,Texas,United States,32,Eliminated Week 6,7,True,1,6,10,0,Kate Gosselin,1,0,23.0
10,Kate Gosselin,5,15.0,3,Tony Dovolani,TV Personality,Pennsylvania,United States,35,Eliminated Week 5,8,True,1,5,10,1,Kate Gosselin,1,0,15.0
10,Nicole Scherzinger,5,29.0,3,Derek Hough,Singer/Rapper,Hawaii,United States,31,1st Place,1,True,1,10,10,0,Kate Gosselin,1,0,29.0
10,Niecy Nash,5,18.0,3,Louis van Amstel,Actor/Actress,California,United States,40,Eliminated Week 8,5,True,1,8,10,0,Kate Gosselin,1,0,18.0
10,Pamela Anderson,5,21.0,3,Damian Whitewood,Model,,Canada,42,Eliminated Week 7,6,True,1,7,10,0,Kate Gosselin,1,0,21.0
10,Shannen Doherty,5,0.0,3,Mark Ballas,Actor/Actress,Tennessee,United States,38,Eliminated Week 2,11,True,0,2,10,0,Kate Gosselin,1,0,
10,Aiden Turner,6,0.0,3,Edyta Sliwinska,Actor/Actress,,England,32,Eliminated Week 4,9,True,0,4,10,0,Jake Pavelka,1,0,
10,Buzz Aldrin,6,0.0,3,Ashly DelGrosso,Astronaut,New Jersey,United States,80,Eliminated Week 3,10,True,0,3,10,0,Jake Pavelka,1,0,
10,Chad Ochocinco,6,30.999899999999997,3,Cheryl Burke,Athlete,Florida,United States,32,Eliminated Week 9,4,True,1,9,10,0,Jake Pavelka,1,0,30.999899999999997
10,Erin Andrews,6,34.0,3,Maksim Chmerkoskiy,Sports Broadcaster,Maine,United States,32,3rd Place,3,True,1,10,10,0,Jake Pavelka,1,0,34.0
10,Evan Lysacek,6,27.0,3,Anna Trebunskaya,Athlete,Illinois,United States,24,2nd Place,2,True,1,10,10,0,Jake Pavelka,1,0,27.0
10,Jake Pavelka,6,24.999899999999997,3,Chelsie Hightower,TV Personality,Texas,United States,32,Eliminated Week 6,7,True,1,6,10,1,Jake Pavelka,1,0,24.999899999999997
10,Kate Gosselin,6,0.0,3,Tony Dovolani,TV Personality,Pennsylvania,United States,35,Eliminated Week 5,8,True,0,5,10,0,Jake Pavelka,1,0,
10,Nicole Scherzinger,6,35.9999,3,Derek Hough,Singer/Rapper,Hawaii,United States,31,1st Place,1,True,1,10,10,0,Jake Pavelka,1,0,35.9999
10,Niecy Nash,6,25.9998,3,Louis van Amstel,Actor/Actress,California,United States,40,Eliminated Week 8,5,True,1,8,10,0,Jake Pavelka,1,0,25.9998
10,Pamela Anderson,6,29.9998,3,Damian Whitewood,Model,,Canada,42,Eliminated Week 7,6,True,1,7,10,0,Jake Pavelka,1,0,29.9998
10,Shannen Doherty,6,0.0,3,Mark Ballas,Actor/Actress,Tennessee,United States,38,Eliminated Week 2,11,True,0,2,10,0,Jake Pavelka,1,0,
10,Aiden Turner,7,0.0,3,Edyta Sliwinska,Actor/Actress,,England,32,Eliminated Week 4,9,True,0,4,10,0,Pamela Anderson,1,0,
10,Buzz Aldrin,7,0.0,3,Ashly DelGrosso,Astronaut,New Jersey,United States,80,Eliminated Week 3,10,True,0,3,10,0,Pamela Anderson,1,0,
10,Chad Ochocinco,7,26.0,3,Cheryl Burke,Athlete,Florida,United States,32,Eliminated Week 9,4,True,1,9,10,0,Pamela Anderson,1,0,26.0
10,Erin Andrews,7,25.5,3,Maksim Chmerkoskiy,Sports Broadcaster,Maine,United States,32,3rd Place,3,True,1,10,10,0,Pamela Anderson,1,0,25.5
10,Evan Lysacek,7,27.0,3,Anna Trebunskaya,Athlete,Illinois,United States,24,2nd Place,2,True,1,10,10,0,Pamela Anderson,1,0,27.0
10,Jake Pavelka,7,0.0,3,Chelsie Hightower,TV Personality,Texas,United States,32,Eliminated Week 6,7,True,0,6,10,0,Pamela Anderson,1,0,
10,Kate Gosselin,7,0.0,3,Tony Dovolani,TV Personality,Pennsylvania,United States,35,Eliminated Week 5,8,True,0,5,10,0,Pamela Anderson,1,0,
10,Nicole Scherzinger,7,27.0,3,Derek Hough,Singer/Rapper,Hawaii,United States,31,1st Place,1,True,1,10,10,0,Pamela Anderson,1,0,27.0
10,Niecy Nash,7,24.5,3,Louis van Amstel,Actor/Actress,California,United States,40,Eliminated Week 8,5,True,1,8,10,0,Pamela Anderson,1,0,24.5
10,Pamela Anderson,7,25.5,3,Damian Whitewood,Model,,Canada,42,Eliminated Week 7,6,True,1,7,10,1,Pamela Anderson,1,0,25.5
10,Shannen Doherty,7,0.0,3,Mark Ballas,Actor/Actress,Tennessee,United States,38,Eliminated Week 2,11,True,0,2,10,0,Pamela Anderson,1,0,
10,Aiden Turner,8,0.0,3,Edyta Sliwinska,Actor/Actress,,England,32,Eliminated Week 4,9,True,0,4,10,0,Niecy Nash,1,0,
10,Buzz Aldrin,8,0.0,3,Ashly DelGrosso,Astronaut,New Jersey,United States,80,Eliminated Week 3,10,True,0,3,10,0,Niecy Nash,1,0,
10,Chad Ochocinco,8,22.5,3,Cheryl Burke,Athlete,Florida,United States,32,Eliminated Week 9,4,True,1,9,10,0,Niecy Nash,1,0,22.5
10,Erin Andrews,8,26.5,3,Maksim Chmerkoskiy,Sports Broadcaster,Maine,United States,32,3rd Place,3,True,1,10,10,0,Niecy Nash,1,0,26.5
10,Evan Lysacek,8,26.5,3,Anna Trebunskaya,Athlete,Illinois,United States,24,2nd Place,2,True,1,10,10,0,Niecy Nash,1,0,26.5
10,Jake Pavelka,8,0.0,3,Chelsie Hightower,TV Personality,Texas,United States,32,Eliminated Week 6,7,True,0,6,10,0,Niecy Nash,1,0,
10,Kate Gosselin,8,0.0,3,Tony Dovolani,TV Personality,Pennsylvania,United States,35,Eliminated Week 5,8,True,0,5,10,0,Niecy Nash,1,0,
10,Nicole Scherzinger,8,29.5,3,Derek Hough,Singer/Rapper,Hawaii,United States,31,1st Place,1,True,1,10,10,0,Niecy Nash,1,0,29.5
10,Niecy Nash,8,21.5,3,Louis van Amstel,Actor/Actress,California,United States,40,Eliminated Week 8,5,True,1,8,10,1,Niecy Nash,1,0,21.5
10,Pamela Anderson,8,0.0,3,Damian Whitewood,Model,,Canada,42,Eliminated Week 7,6,True,0,7,10,0,Niecy Nash,1,0,
10,Shannen Doherty,8,0.0,3,Mark Ballas,Actor/Actress,Tennessee,United States,38,Eliminated Week 2,11,True,0,2,10,0,Niecy Nash,1,0,
10,Aiden Turner,9,0.0,3,Edyta Sliwinska,Actor/Actress,,England,32,Eliminated Week 4,9,True,0,4,10,0,Chad Ochocinco,1,0,
10,Buzz Aldrin,9,0.0,3,Ashly DelGrosso,Astronaut,New Jersey,United States,80,Eliminated Week 3,10,True,0,3,10,0,Chad Ochocinco,1,0,
10,Chad Ochocinco,9,26.0,3,Cheryl Burke,Athlete,Florida,United States,32,Eliminated Week 9,4,True,1,9,10,1,Chad Ochocinco,1,0,26.0
10,Erin Andrews,9,28.0,3,Maksim Chmerkoskiy,Sports Broadcaster,Maine,United States,32,3rd Place,3,True,1,10,10,0,Chad Ochocinco,1,0,28.0
10,Evan Lysacek,9,29.5,3,Anna Trebunskaya,Athlete,Illinois,United States,24,2nd Place,2,True,1,10,10,0,Chad Ochocinco,1,0,29.5
10,Jake Pavelka,9,0.0,3,Chelsie Hightower,TV Personality,Texas,United States,32,Eliminated Week 6,7,True,0,6,10,0,Chad Ochocinco,1,0,
10,Kate Gosselin,9,0.0,3,Tony Dovolani,TV Personality,Pennsylvania,United States,35,Eliminated Week 5,8,True,0,5,10,0,Chad Ochocinco,1,0,
10,Nicole Scherzinger,9,29.5,3,Derek Hough,Singer/Rapper,Hawaii,United States,31,1st Place,1,True,1,10,10,0,Chad Ochocinco,1,0,29.5
10,Niecy Nash,9,0.0,3,Louis van Amstel,Actor/Actress,California,United States,40,Eliminated Week 8,5,True,0,8,10,0,Chad Ochocinco,1,0,
10,Pamela Anderson,9,0.0,3,Damian Whitewood,Model,,Canada,42,Eliminated Week 7,6,True,0,7,10,0,Chad Ochocinco,1,0,
10,Shannen Doherty,9,0.0,3,Mark Ballas,Actor/Actress,Tennessee,United States,38,Eliminated Week 2,11,True,0,2,10,0,Chad Ochocinco,1,0,
10,Aiden Turner,10,0.0,3,Edyta Sliwinska,Actor/Actress,,England,32,Eliminated Week 4,9,True,0,4,10,0,,0,1,
10,Buzz Aldrin,10,0.0,3,Ashly DelGrosso,Astronaut,New Jersey,United States,80,Eliminated Week 3,10,True,0,3,10,0,,0,1,
10,Chad Ochocinco,10,0.0,3,Cheryl Burke,Athlete,Florida,United States,32,Eliminated Week 9,4,True,0,9,10,0,,0,1,
10,Erin Andrews,10,26.9998,3,Maksim Chmerkoskiy,Sports Broadcaster,Maine,United States,32,3rd Place,3,True,1,10,10,0,,0,1,26.9998
10,Evan Lysacek,10,26.888699999999996,3,Anna Trebunskaya,Athlete,Illinois,United States,24,2nd Place,2,True,1,10,10,0,,0,1,26.888699999999996
10,Jake Pavelka,10,0.0,3,Chelsie Hightower,TV Personality,Texas,United States,32,Eliminated Week 6,7,True,0,6,10,0,,0,1,
10,Kate Gosselin,10,0.0,3,Tony Dovolani,TV Personality,Pennsylvania,United States,35,Eliminated Week 5,8,True,0,5,10,0,,0,1,
10,Nicole Scherzinger,10,28.7777,3,Derek Hough,Singer/Rapper,Hawaii,United States,31,1st Place,1,True,1,10,10,0,,0,1,28.7777
10,Niecy Nash,10,0.0,3,Louis van Amstel,Actor/Actress,California,United States,40,Eliminated Week 8,5,True,0,8,10,0,,0,1,
10,Pamela Anderson,10,0.0,3,Damian Whitewood,Model,,Canada,42,Eliminated Week 7,6,True,0,7,10,0,,0,1,
10,Shannen Doherty,10,0.0,3,Mark Ballas,Actor/Actress,Tennessee,United States,38,Eliminated Week 2,11,True,0,2,10,0,,0,1,
10,Aiden Turner,11,,0,Edyta Sliwinska,Actor/Actress,,England,32,Eliminated Week 4,9,False,0,4,10,0,,0,0,
10,Buzz Aldrin,11,,0,Ashly DelGrosso,Astronaut,New Jersey,United States,80,Eliminated Week 3,10,False,0,3,10,0,,0,0,
10,Chad Ochocinco,11,,0,Cheryl Burke,Athlete,Florida,United States,32,Eliminated Week 9,4,False,0,9,10,0,,0,0,
10,Erin Andrews,11,,0,Maksim Chmerkoskiy,Sports Broadcaster,Maine,United States,32,3rd Place,3,False,0,10,10,0,,0,0,
10,Evan Lysacek,11,,0,Anna Trebunskaya,Athlete,Illinois,United States,24,2nd Place,2,False,0,10,10,0,,0,0,
10,Jake Pavelka,11,,0,Chelsie Hightower,TV Personality,Texas,United States,32,Eliminated Week 6,7,False,0,6,10,0,,0,0,
10,Kate Gosselin,11,,0,Tony Dovolani,TV Personality,Pennsylvania,United States,35,Eliminated Week 5,8,False,0,5,10,0,,0,0,
10,Nicole Scherzinger,11,,0,Derek Hough,Singer/Rapper,Hawaii,United States,31,1st Place,1,False,0,10,10,0,,0,0,
10,Niecy Nash,11,,0,Louis van Amstel,Actor/Actress,California,United States,40,Eliminated Week 8,5,False,0,8,10,0,,0,0,
10,Pamela Anderson,11,,0,Damian Whitewood,Model,,Canada,42,Eliminated Week 7,6,False,0,7,10,0,,0,0,
10,Shannen Doherty,11,,0,Mark Ballas,Actor/Actress,Tennessee,United States,38,Eliminated Week 2,11,False,0,2,10,0,,0,0,
11,Audrina Patridge,1,19.0,3,Tony Dovolani,TV Personality,California,United States,25,Eliminated Week 6,7,True,1,6,10,0,David Hasselhoff,1,0,19.0
11,Brandy,1,23.0,3,Maksim Chmerkoskiy,Singer/Rapper,Mississippi,United States,31,Eliminated Week 9,4,True,1,9,10,0,David Hasselhoff,1,0,23.0
11,Bristol Palin,1,18.0,3,Mark Ballas,TV Personality,Alaska,United States,19,3rd Place,3,True,1,10,10,0,David Hasselhoff,1,0,18.0
11,David Hasselhoff,1,15.0,3,Kym Johnson,Actor/Actress,Maryland,United States,58,Eliminated Week 1,12,True,1,1,10,1,David Hasselhoff,1,0,15.0
11,Florence Henderson,1,18.0,3,Corky Ballas,Actor/Actress,Indiana,United States,76,Eliminated Week 5,8,True,1,5,10,0,David Hasselhoff,1,0,18.0
11,Jennifer Grey,1,24.0,3,Derek Hough,Actor/Actress,New York,United States,50,1st Place,1,True,1,10,10,0,David Hasselhoff,1,0,24.0
11,Kurt Warner,1,19.0,3,Anna Trebunskaya,Athlete,Iowa,United States,39,Eliminated Week 8,5,True,1,8,10,0,David Hasselhoff,1,0,19.0
11,Kyle Massey,1,23.0,3,Lacey Schwimmer,Actor/Actress,Georgia,United States,19,2nd Place,2,True,1,10,10,0,David Hasselhoff,1,0,23.0
11,Margaret Cho,1,15.0,3,Louis van Amstel,Comedian,California,United States,41,Eliminated Week 3,10,True,1,3,10,0,David Hasselhoff,1,0,15.0
11,Michael Bolton,1,16.0,3,Chelsie Hightower,Singer/Rapper,Connecticut,United States,57,Eliminated Week 2,11,True,1,2,10,0,David Hasselhoff,1,0,16.0
11,Rick Fox,1,22.0,3,Cheryl Burke,Athlete,,Canada,41,Eliminated Week 7,6,True,1,7,10,0,David Hasselhoff,1,0,22.0
11,The Situation,1,15.0,3,Karina Smirnoff,TV Personality,New York,United States,28,Eliminated Week 4,9,True,1,4,10,0,David Hasselhoff,1,0,15.0
11,Audrina Patridge,2,23.0,3,Tony Dovolani,TV Personality,California,United States,25,Eliminated Week 6,7,True,1,6,10,0,Michael Bolton,1,0,23.0
11,Brandy,2,21.0,3,Maksim Chmerkoskiy,Singer/Rapper,Mississippi,United States,31,Eliminated Week 9,4,True,1,9,10,0,Michael Bolton,1,0,21.0
11,Bristol Palin,2,22.0,3,Mark Ballas,TV Personality,Alaska,United States,19,3rd Place,3,True,1,10,10,0,Michael Bolton,1,0,22.0
11,David Hasselhoff,2,0.0,3,Kym Johnson,Actor/Actress,Maryland,United States,58,Eliminated Week 1,12,True,0,1,10,0,Michael Bolton,1,0,
11,Florence Henderson,2,19.0,3,Corky Ballas,Actor/Actress,Indiana,United States,76,Eliminated Week 5,8,True,1,5,10,0,Michael Bolton,1,0,19.0
11,Jennifer Grey,2,24.0,3,Derek Hough,Actor/Actress,New York,United States,50,1st Place,1,True,1,10,10,0,Michael Bolton,1,0,24.0
11,Kurt Warner,2,21.0,3,Anna Trebunskaya,Athlete,Iowa,United States,39,Eliminated Week 8,5,True,1,8,10,0,Michael Bolton,1,0,21.0
11,Kyle Massey,2,22.0,3,Lacey Schwimmer,Actor/Actress,Georgia,United States,19,2nd Place,2,True,1,10,10,0,Michael Bolton,1,0,22.0
11,Margaret Cho,2,18.0,3,Louis van Amstel,Comedian,California,United States,41,Eliminated Week 3,10,True,1,3,10,0,Michael Bolton,1,0,18.0
11,Michael Bolton,2,12.0,3,Chelsie Hightower,Singer/Rapper,Connecticut,United States,57,Eliminated Week 2,11,True,1,2,10,1,Michael Bolton,1,0,12.0
11,Rick Fox,2,21.0,3,Cheryl Burke,Athlete,,Canada,41,Eliminated Week 7,6,True,1,7,10,0,Michael Bolton,1,0,21.0
11,The Situation,2,18.0,3,Karina Smirnoff,TV Personality,New York,United States,28,Eliminated Week 4,9,True,1,4,10,0,Michael Bolton,1,0,18.0
11,Audrina Patridge,3,26.0,3,Tony Dovolani,TV Personality,California,United States,25,Eliminated Week 6,7,True,1,6,10,0,Margaret Cho,1,0,26.0
11,Brandy,3,24.0,3,Maksim Chmerkoskiy,Singer/Rapper,Mississippi,United States,31,Eliminated Week 9,4,True,1,9,10,0,Margaret Cho,1,0,24.0
11,Bristol Palin,3,19.0,3,Mark Ballas,TV Personality,Alaska,United States,19,3rd Place,3,True,1,10,10,0,Margaret Cho,1,0,19.0
11,David Hasselhoff,3,0.0,3,Kym Johnson,Actor/Actress,Maryland,United States,58,Eliminated Week 1,12,True,0,1,10,0,Margaret Cho,1,0,
11,Florence Henderson,3,20.0,3,Corky Ballas,Actor/Actress,Indiana,United States,76,Eliminated Week 5,8,True,1,5,10,0,Margaret Cho,1,0,20.0
11,Jennifer Grey,3,24.0,3,Derek Hough,Actor/Actress,New York,United States,50,1st Place,1,True,1,10,10,0,Margaret Cho,1,0,24.0
11,Kurt Warner,3,23.0,3,Anna Trebunskaya,Athlete,Iowa,United States,39,Eliminated Week 8,5,True,1,8,10,0,Margaret Cho,1,0,23.0
11,Kyle Massey,3,23.0,3,Lacey Schwimmer,Actor/Actress,Georgia,United States,19,2nd Place,2,True,1,10,10,0,Margaret Cho,1,0,23.0
11,Margaret Cho,3,18.0,3,Louis van Amstel,Comedian,California,United States,41,Eliminated Week 3,10,True,1,3,10,1,Margaret Cho,1,0,18.0
11,Michael Bolton,3,0.0,3,Chelsie Hightower,Singer/Rapper,Connecticut,United States,57,Eliminated Week 2,11,True,0,2,10,0,Margaret Cho,1,0,
11,Rick Fox,3,24.0,3,Cheryl Burke,Athlete,,Canada,41,Eliminated Week 7,6,True,1,7,10,0,Margaret Cho,1,0,24.0
11,The Situation,3,20.0,3,Karina Smirnoff,TV Personality,New York,United States,28,Eliminated Week 4,9,True,1,4,10,0,Margaret Cho,1,0,20.0
11,Audrina Patridge,4,23.0,3,Tony Dovolani,TV Personality,California,United States,25,Eliminated Week 6,7,True,1,6,10,0,The Situation,1,0,23.0
11,Brandy,4,24.0,3,Maksim Chmerkoskiy,Singer/Rapper,Mississippi,United States,31,Eliminated Week 9,4,True,1,9,10,0,The Situation,1,0,24.0
11,Bristol Palin,4,16.0,3,Mark Ballas,TV Personality,Alaska,United States,19,3rd Place,3,True,1,10,10,0,The Situation,1,0,16.0
11,David Hasselhoff,4,0.0,3,Kym Johnson,Actor/Actress,Maryland,United States,58,Eliminated Week 1,12,True,0,1,10,0,The Situation,1,0,
11,Florence Henderson,4,17.5,3,Corky Ballas,Actor/Actress,Indiana,United States,76,Eliminated Week 5,8,True,1,5,10,0,The Situation,1,0,17.5
11,Jennifer Grey,4,28.0,3,Derek Hough,Actor/Actress,New York,United States,50,1st Place,1,True,1,10,10,0,The Situation,1,0,28.0
11,Kurt Warner,4,17.0,3,Anna Trebunskaya,Athlete,Iowa,United States,39,Eliminated Week 8,5,True,1,8,10,0,The Situation,1,0,17.0
11,Kyle Massey,4,20.0,3,Lacey Schwimmer,Actor/Actress,Georgia,United States,19,2nd Place,2,True,1,10,10,0,The Situation,1,0,20.0
11,Margaret Cho,4,0.0,3,Louis van Amstel,Comedian,California,United States,41,Eliminated Week 3,10,True,0,3,10,0,The Situation,1,0,
11,Michael Bolton,4,0.0,3,Chelsie Hightower,Singer/Rapper,Connecticut,United States,57,Eliminated Week 2,11,True,0,2,10,0,The Situation,1,0,
11,Rick Fox,4,19.5,3,Cheryl Burke,Athlete,,Canada,41,Eliminated Week 7,6,True,1,7,10,0,The Situation,1,0,19.5
11,The Situation,4,14.0,3,Karina Smirnoff,TV Personality,New York,United States,28,Eliminated Week 4,9,True,1,4,10,1,The Situation,1,0,14.0
11,Audrina Patridge,5,23.0,3,Tony Dovolani,TV Personality,California,United States,25,Eliminated Week 6,7,True,1,6,10,0,Florence Henderson,1,0,23.0
11,Brandy,5,27.0,3,Maksim Chmerkoskiy,Singer/Rapper,Mississippi,United States,31,Eliminated Week 9,4,True,1,9,10,0,Florence Henderson,1,0,27.0
11,Bristol Palin,5,18.0,3,Mark Ballas,TV Personality,Alaska,United States,19,3rd Place,3,True,1,10,10,0,Florence Henderson,1,0,18.0
11,David Hasselhoff,5,0.0,3,Kym Johnson,Actor/Actress,Maryland,United States,58,Eliminated Week 1,12,True,0,1,10,0,Florence Henderson,1,0,
11,Florence Henderson,5,21.0,3,Corky Ballas,Actor/Actress,Indiana,United States,76,Eliminated Week 5,8,True,1,5,10,1,Florence Henderson,1,0,21.0
11,Jennifer Grey,5,25.0,3,Derek Hough,Actor/Actress,New York,United States,50,1st Place,1,True,1,10,10,0,Florence Henderson,1,0,25.0
11,Kurt Warner,5,24.0,3,Anna Trebunskaya,Athlete,Iowa,United States,39,Eliminated Week 8,5,True,1,8,10,0,Florence Henderson,1,0,24.0
11,Kyle Massey,5,20.0,3,Lacey Schwimmer,Actor/Actress,Georgia,United States,19,2nd Place,2,True,1,10,10,0,Florence Henderson,1,0,20.0
11,Margaret Cho,5,0.0,3,Louis van Amstel,Comedian,California,United States,41,Eliminated Week 3,10,True,0,3,10,0,Florence Henderson,1,0,
11,Michael Bolton,5,0.0,3,Chelsie Hightower,Singer/Rapper,Connecticut,United States,57,Eliminated Week 2,11,True,0,2,10,0,Florence Henderson,1,0,
11,Rick Fox,5,24.0,3,Cheryl Burke,Athlete,,Canada,41,Eliminated Week 7,6,True,1,7,10,0,Florence Henderson,1,0,24.0
11,The Situation,5,0.0,3,Karina Smirnoff,TV Personality,New York,United States,28,Eliminated Week 4,9,True,0,4,10,0,Florence Henderson,1,0,
11,Audrina Patridge,6,31.9998,3,Tony Dovolani,TV Personality,California,United States,25,Eliminated Week 6,7,True,1,6,10,1,Audrina Patridge,1,0,31.9998
11,Brandy,6,35.9999,3,Maksim Chmerkoskiy,Singer/Rapper,Mississippi,United States,31,Eliminated Week 9,4,True,1,9,10,0,Audrina Patridge,1,0,35.9999
11,Bristol Palin,6,27.9998,3,Mark Ballas,TV Personality,Alaska,United States,19,3rd Place,3,True,1,10,10,0,Audrina Patridge,1,0,27.9998
11,David Hasselhoff,6,0.0,3,Kym Johnson,Actor/Actress,Maryland,United States,58,Eliminated Week 1,12,True,0,1,10,0,Audrina Patridge,1,0,
11,Florence Henderson,6,0.0,3,Corky Ballas,Actor/Actress,Indiana,United States,76,Eliminated Week 5,8,True,0,5,10,0,Audrina Patridge,1,0,
11,Jennifer Grey,6,29.0,3,Derek Hough,Actor/Actress,New York,United States,50,1st Place,1,True,1,10,10,0,Audrina Patridge,1,0,29.0
11,Kurt Warner,6,21.9999,3,Anna Trebunskaya,Athlete,Iowa,United States,39,Eliminated Week 8,5,True,1,8,10,0,Audrina Patridge,1,0,21.9999
11,Kyle Massey,6,29.999899999999997,3,Lacey Schwimmer,Actor/Actress,Georgia,United States,19,2nd Place,2,True,1,10,10,0,Audrina Patridge,1,0,29.999899999999997
11,Margaret Cho,6,0.0,3,Louis van Amstel,Comedian,California,United States,41,Eliminated Week 3,10,True,0,3,10,0,Audrina Patridge,1,0,
11,Michael Bolton,6,0.0,3,Chelsie Hightower,Singer/Rapper,Connecticut,United States,57,Eliminated Week 2,11,True,0,2,10,0,Audrina Patridge,1,0,
11,Rick Fox,6,30.0,3,Cheryl Burke,Athlete,,Canada,41,Eliminated Week 7,6,True,1,7,10,0,Audrina Patridge,1,0,30.0
11,The Situation,6,0.0,3,Karina Smirnoff,TV Personality,New York,United States,28,Eliminated Week 4,9,True,0,4,10,0,Audrina Patridge,1,0,
11,Audrina Patridge,7,0.0,4,Tony Dovolani,TV Personality,California,United States,25,Eliminated Week 6,7,True,0,6,10,0,Rick Fox,1,0,
11,Brandy,7,36.5,4,Maksim Chmerkoskiy,Singer/Rapper,Mississippi,United States,31,Eliminated Week 9,4,True,1,9,10,0,Rick Fox,1,0,36.5
11,Bristol Palin,7,32.5,4,Mark Ballas,TV Personality,Alaska,United States,19,3rd Place,3,True,1,10,10,0,Rick Fox,1,0,32.5
11,David Hasselhoff,7,0.0,4,Kym Johnson,Actor/Actress,Maryland,United States,58,Eliminated Week 1,12,True,0,1,10,0,Rick Fox,1,0,
11,Florence Henderson,7,0.0,4,Corky Ballas,Actor/Actress,Indiana,United States,76,Eliminated Week 5,8,True,0,5,10,0,Rick Fox,1,0,
11,Jennifer Grey,7,36.5,4,Derek Hough,Actor/Actress,New York,United States,50,1st Place,1,True,1,10,10,0,Rick Fox,1,0,36.5
11,Kurt Warner,7,35.0,4,Anna Trebunskaya,Athlete,Iowa,United States,39,Eliminated Week 8,5,True,1,8,10,0,Rick Fox,1,0,35.0
11,Kyle Massey,7,33.5,4,Lacey Schwimmer,Actor/Actress,Georgia,United States,19,2nd Place,2,True,1,10,10,0,Rick Fox,1,0,33.5
11,Margaret Cho,7,0.0,4,Louis van Amstel,Comedian,California,United States,41,Eliminated Week 3,10,True,0,3,10,0,Rick Fox,1,0,
11,Michael Bolton,7,0.0,4,Chelsie Hightower,Singer/Rapper,Connecticut,United States,57,Eliminated Week 2,11,True,0,2,10,0,Rick Fox,1,0,
11,Rick Fox,7,34.5,4,Cheryl Burke,Athlete,,Canada,41,Eliminated Week 7,6,True,1,7,10,1,Rick Fox,1,0,34.5
11,The Situation,7,0.0,4,Karina Smirnoff,TV Personality,New York,United States,28,Eliminated Week 4,9,True,0,4,10,0,Rick Fox,1,0,
11,Audrina Patridge,8,0.0,3,Tony Dovolani,TV Personality,California,United States,25,Eliminated Week 6,7,True,0,6,10,0,Kurt Warner,1,0,
11,Brandy,8,28.5,3,Maksim Chmerkoskiy,Singer/Rapper,Mississippi,United States,31,Eliminated Week 9,4,True,1,9,10,0,Kurt Warner,1,0,28.5
11,Bristol Palin,8,23.5,3,Mark Ballas,TV Personality,Alaska,United States,19,3rd Place,3,True,1,10,10,0,Kurt Warner,1,0,23.5
11,David Hasselhoff,8,0.0,3,Kym Johnson,Actor/Actress,Maryland,United States,58,Eliminated Week 1,12,True,0,1,10,0,Kurt Warner,1,0,
11,Florence Henderson,8,0.0,3,Corky Ballas,Actor/Actress,Indiana,United States,76,Eliminated Week 5,8,True,0,5,10,0,Kurt Warner,1,0,
11,Jennifer Grey,8,28.5,3,Derek Hough,Actor/Actress,New York,United States,50,1st Place,1,True,1,10,10,0,Kurt Warner,1,0,28.5
11,Kurt Warner,8,24.0,3,Anna Trebunskaya,Athlete,Iowa,United States,39,Eliminated Week 8,5,True,1,8,10,1,Kurt Warner,1,0,24.0
11,Kyle Massey,8,28.0,3,Lacey Schwimmer,Actor/Actress,Georgia,United States,19,2nd Place,2,True,1,10,10,0,Kurt Warner,1,0,28.0
11,Margaret Cho,8,0.0,3,Louis van Amstel,Comedian,California,United States,41,Eliminated Week 3,10,True,0,3,10,0,Kurt Warner,1,0,
11,Michael Bolton,8,0.0,3,Chelsie Hightower,Singer/Rapper,Connecticut,United States,57,Eliminated Week 2,11,True,0,2,10,0,Kurt Warner,1,0,
11,Rick Fox,8,0.0,3,Cheryl Burke,Athlete,,Canada,41,Eliminated Week 7,6,True,0,7,10,0,Kurt Warner,1,0,
11,The Situation,8,0.0,3,Karina Smirnoff,TV Personality,New York,United States,28,Eliminated Week 4,9,True,0,4,10,0,Kurt Warner,1,0,
11,Audrina Patridge,9,0.0,3,Tony Dovolani,TV Personality,California,United States,25,Eliminated Week 6,7,True,0,6,10,0,Brandy,1,0,
11,Brandy,9,28.5,3,Maksim Chmerkoskiy,Singer/Rapper,Mississippi,United States,31,Eliminated Week 9,4,True,1,9,10,1,Brandy,1,0,28.5
11,Bristol Palin,9,26.5,3,Mark Ballas,TV Personality,Alaska,United States,19,3rd Place,3,True,1,10,10,0,Brandy,1,0,26.5
11,David Hasselhoff,9,0.0,3,Kym Johnson,Actor/Actress,Maryland,United States,58,Eliminated Week 1,12,True,0,1,10,0,Brandy,1,0,
11,Florence Henderson,9,0.0,3,Corky Ballas,Actor/Actress,Indiana,United States,76,Eliminated Week 5,8,True,0,5,10,0,Brandy,1,0,
11,Jennifer Grey,9,30.0,3,Derek Hough,Actor/Actress,New York,United States,50,1st Place,1,True,1,10,10,0,Brandy,1,0,30.0
11,Kurt Warner,9,0.0,3,Anna Trebunskaya,Athlete,Iowa,United States,39,Eliminated Week 8,5,True,0,8,10,0,Brandy,1,0,
11,Kyle Massey,9,29.0,3,Lacey Schwimmer,Actor/Actress,Georgia,United States,19,2nd Place,2,True,1,10,10,0,Brandy,1,0,29.0
11,Margaret Cho,9,0.0,3,Louis van Amstel,Comedian,California,United States,41,Eliminated Week 3,10,True,0,3,10,0,Brandy,1,0,
11,Michael Bolton,9,0.0,3,Chelsie Hightower,Singer/Rapper,Connecticut,United States,57,Eliminated Week 2,11,True,0,2,10,0,Brandy,1,0,
11,Rick Fox,9,0.0,3,Cheryl Burke,Athlete,,Canada,41,Eliminated Week 7,6,True,0,7,10,0,Brandy,1,0,
11,The Situation,9,0.0,3,Karina Smirnoff,TV Personality,New York,United States,28,Eliminated Week 4,9,True,0,4,10,0,Brandy,1,0,
11,Audrina Patridge,10,0.0,3,Tony Dovolani,TV Personality,California,United States,25,Eliminated Week 6,7,True,0,6,10,0,,0,1,
11,Brandy,10,0.0,3,Maksim Chmerkoskiy,Singer/Rapper,Mississippi,United States,31,Eliminated Week 9,4,True,0,9,10,0,,0,1,
11,Bristol Palin,10,25.666600000000003,3,Mark Ballas,TV Personality,Alaska,United States,19,3rd Place,3,True,1,10,10,0,,0,1,25.666600000000003
11,David Hasselhoff,10,0.0,3,Kym Johnson,Actor/Actress,Maryland,United States,58,Eliminated Week 1,12,True,0,1,10,0,,0,1,
11,Florence Henderson,10,0.0,3,Corky Ballas,Actor/Actress,Indiana,United States,76,Eliminated Week 5,8,True,0,5,10,0,,0,1,
11,Jennifer Grey,10,30.0,3,Derek Hough,Actor/Actress,New York,United States,50,1st Place,1,True,1,10,10,0,,0,1,30.0
11,Kurt Warner,10,0.0,3,Anna Trebunskaya,Athlete,Iowa,United States,39,Eliminated Week 8,5,True,0,8,10,0,,0,1,
11,Kyle Massey,10,27.333199999999998,3,Lacey Schwimmer,Actor/Actress,Georgia,United States,19,2nd Place,2,True,1,10,10,0,,0,1,27.333199999999998
11,Margaret Cho,10,0.0,3,Louis van Amstel,Comedian,California,United States,41,Eliminated Week 3,10,True,0,3,10,0,,0,1,
11,Michael Bolton,10,0.0,3,Chelsie Hightower,Singer/Rapper,Connecticut,United States,57,Eliminated Week 2,11,True,0,2,10,0,,0,1,
11,Rick Fox,10,0.0,3,Cheryl Burke,Athlete,,Canada,41,Eliminated Week 7,6,True,0,7,10,0,,0,1,
11,The Situation,10,0.0,3,Karina Smirnoff,TV Personality,New York,United States,28,Eliminated Week 4,9,True,0,4,10,0,,0,1,
11,Audrina Patridge,11,,0,Tony Dovolani,TV Personality,California,United States,25,Eliminated Week 6,7,False,0,6,10,0,,0,0,
11,Brandy,11,,0,Maksim Chmerkoskiy,Singer/Rapper,Mississippi,United States,31,Eliminated Week 9,4,False,0,9,10,0,,0,0,
11,Bristol Palin,11,,0,Mark Ballas,TV Personality,Alaska,United States,19,3rd Place,3,False,0,10,10,0,,0,0,
11,David Hasselhoff,11,,0,Kym Johnson,Actor/Actress,Maryland,United States,58,Eliminated Week 1,12,False,0,1,10,0,,0,0,
11,Florence Henderson,11,,0,Corky Ballas,Actor/Actress,Indiana,United States,76,Eliminated Week 5,8,False,0,5,10,0,,0,0,
11,Jennifer Grey,11,,0,Derek Hough,Actor/Actress,New York,United States,50,1st Place,1,False,0,10,10,0,,0,0,
11,Kurt Warner,11,,0,Anna Trebunskaya,Athlete,Iowa,United States,39,Eliminated Week 8,5,False,0,8,10,0,,0,0,
11,Kyle Massey,11,,0,Lacey Schwimmer,Actor/Actress,Georgia,United States,19,2nd Place,2,False,0,10,10,0,,0,0,
11,Margaret Cho,11,,0,Louis van Amstel,Comedian,California,United States,41,Eliminated Week 3,10,False,0,3,10,0,,0,0,
11,Michael Bolton,11,,0,Chelsie Hightower,Singer/Rapper,Connecticut,United States,57,Eliminated Week 2,11,False,0,2,10,0,,0,0,
11,Rick Fox,11,,0,Cheryl Burke,Athlete,,Canada,41,Eliminated Week 7,6,False,0,7,10,0,,0,0,
11,The Situation,11,,0,Karina Smirnoff,TV Personality,New York,United States,28,Eliminated Week 4,9,False,0,4,10,0,,0,0,
12,Chelsea Kane,1,21.0,3,Mark Ballas,Actor/Actress,Arizona,United States,22,3rd Place,3,True,1,10,10,0,,0,1,21.0
12,Chris Jericho,1,19.0,3,Cheryl Burke,Athlete,New York,United States,40,Eliminated Week 6,7,True,1,6,10,0,,0,1,19.0
12,Hines Ward,1,21.0,3,Kym Johnson,Athlete,,South Korea,35,1st Place,1,True,1,10,10,0,,0,1,21.0
12,Kendra Wilkinson,1,18.0,3,Louis van Amstel,TV Personality,California,United States,25,Eliminated Week 7,6,True,1,7,10,0,,0,1,18.0
12,Kirstie Alley,1,23.0,3,Maksim Chmerkoskiy,Actor/Actress,Kansas,United States,60,2nd Place,2,True,1,10,10,0,,0,1,23.0
12,Mike Catherwood,1,13.0,3,Lacey Schwimmer,Radio Personality,California,United States,32,Eliminated Week 2,11,True,1,2,10,0,,0,1,13.0
12,Petra Nemcova,1,18.0,3,Dmitry Chaplin,Model,,Czechoslovakia,31,Eliminated Week 5,8,True,1,5,10,0,,0,1,18.0
12,Ralph Macchio,1,24.0,3,Karina Smirnoff,Actor/Actress,New York,United States,49,Eliminated Week 9,4,True,1,9,10,0,,0,1,24.0
12,Romeo,1,19.0,3,Chelsie Hightower,Singer/Rapper,Louisiana,United States,21,Eliminated Week 8,5,True,1,8,10,0,,0,1,19.0
12,Sugar Ray Leonard,1,17.0,3,Anna Trebunskaya,Athlete,North Carolina,United States,54,Eliminated Week 4,9,True,1,4,10,0,,0,1,17.0
12,Wendy Williams,1,14.0,3,Tony Dovolani,TV Personality,New Jersey,United States,46,Eliminated Week 3,10,True,1,3,10,0,,0,1,14.0
12,Chelsea Kane,2,18.0,3,Mark Ballas,Actor/Actress,Arizona,United States,22,3rd Place,3,True,1,10,10,0,Mike Catherwood,1,0,18.0
12,Chris Jericho,2,23.0,3,Cheryl Burke,Athlete,New York,United States,40,Eliminated Week 6,7,True,1,6,10,0,Mike Catherwood,1,0,23.0
12,Hines Ward,2,23.0,3,Kym Johnson,Athlete,,South Korea,35,1st Place,1,True,1,10,10,0,Mike Catherwood,1,0,23.0
12,Kendra Wilkinson,2,19.0,3,Louis van Amstel,TV Personality,California,United States,25,Eliminated Week 7,6,True,1,7,10,0,Mike Catherwood,1,0,19.0
12,Kirstie Alley,2,20.0,3,Maksim Chmerkoskiy,Actor/Actress,Kansas,United States,60,2nd Place,2,True,1,10,10,0,Mike Catherwood,1,0,20.0
12,Mike Catherwood,2,17.0,3,Lacey Schwimmer,Radio Personality,California,United States,32,Eliminated Week 2,11,True,1,2,10,1,Mike Catherwood,1,0,17.0
12,Petra Nemcova,2,18.0,3,Dmitry Chaplin,Model,,Czechoslovakia,31,Eliminated Week 5,8,True,1,5,10,0,Mike Catherwood,1,0,18.0
12,Ralph Macchio,2,21.0,3,Karina Smirnoff,Actor/Actress,New York,United States,49,Eliminated Week 9,4,True,1,9,10,0,Mike Catherwood,1,0,21.0
12,Romeo,2,23.0,3,Chelsie Hightower,Singer/Rapper,Louisiana,United States,21,Eliminated Week 8,5,True,1,8,10,0,Mike Catherwood,1,0,23.0
12,Sugar Ray Leonard,2,17.0,3,Anna Trebunskaya,Athlete,North Carolina,United States,54,Eliminated Week 4,9,True,1,4,10,0,Mike Catherwood,1,0,17.0
12,Wendy Williams,2,17.0,3,Tony Dovolani,TV Personality,New Jersey,United States,46,Eliminated Week 3,10,True,1,3,10,0,Mike Catherwood,1,0,17.0
12,Chelsea Kane,3,23.0,3,Mark Ballas,Actor/Actress,Arizona,United States,22,3rd Place,3,True,1,10,10,0,Wendy Williams,1,0,23.0
12,Chris Jericho,3,21.0,3,Cheryl Burke,Athlete,New York,United States,40,Eliminated Week 6,7,True,1,6,10,0,Wendy Williams,1,0,21.0
12,Hines Ward,3,25.0,3,Kym Johnson,Athlete,,South Korea,35,1st Place,1,True,1,10,10,0,Wendy Williams,1,0,25.0
12,Kendra Wilkinson,3,23.0,3,Louis van Amstel,TV Personality,California,United States,25,Eliminated Week 7,6,True,1,7,10,0,Wendy Williams,1,0,23.0
12,Kirstie Alley,3,21.0,3,Maksim Chmerkoskiy,Actor/Actress,Kansas,United States,60,2nd Place,2,True,1,10,10,0,Wendy Williams,1,0,21.0
12,Mike Catherwood,3,0.0,3,Lacey Schwimmer,Radio Personality,California,United States,32,Eliminated Week 2,11,True,0,2,10,0,Wendy Williams,1,0,
12,Petra Nemcova,3,25.0,3,Dmitry Chaplin,Model,,Czechoslovakia,31,Eliminated Week 5,8,True,1,5,10,0,Wendy Williams,1,0,25.0
12,Ralph Macchio,3,21.0,3,Karina Smirnoff,Actor/Actress,New York,United States,49,Eliminated Week 9,4,True,1,9,10,0,Wendy Williams,1,0,21.0
12,Romeo,3,20.0,3,Chelsie Hightower,Singer/Rapper,Louisiana,United States,21,Eliminated Week 8,5,True,1,8,10,0,Wendy Williams,1,0,20.0
12,Sugar Ray Leonard,3,20.0,3,Anna Trebunskaya,Athlete,North Carolina,United States,54,Eliminated Week 4,9,True,1,4,10,0,Wendy Williams,1,0,20.0
12,Wendy Williams,3,15.0,3,Tony Dovolani,TV Personality,New Jersey,United States,46,Eliminated Week 3,10,True,1,3,10,1,Wendy Williams,1,0,15.0
12,Chelsea Kane,4,26.0,3,Mark Ballas,Actor/Actress,Arizona,United States,22,3rd Place,3,True,1,10,10,0,Sugar Ray Leonard,1,0,26.0
12,Chris Jericho,4,23.0,3,Cheryl Burke,Athlete,New York,United States,40,Eliminated Week 6,7,True,1,6,10,0,Sugar Ray Leonard,1,0,23.0
12,Hines Ward,4,25.0,3,Kym Johnson,Athlete,,South Korea,35,1st Place,1,True,1,10,10,0,Sugar Ray Leonard,1,0,25.0
12,Kendra Wilkinson,4,18.0,3,Louis van Amstel,TV Personality,California,United States,25,Eliminated Week 7,6,True,1,7,10,0,Sugar Ray Leonard,1,0,18.0
12,Kirstie Alley,4,22.0,3,Maksim Chmerkoskiy,Actor/Actress,Kansas,United States,60,2nd Place,2,True,1,10,10,0,Sugar Ray Leonard,1,0,22.0
12,Mike Catherwood,4,0.0,3,Lacey Schwimmer,Radio Personality,California,United States,32,Eliminated Week 2,11,True,0,2,10,0,Sugar Ray Leonard,1,0,
12,Petra Nemcova,4,23.0,3,Dmitry Chaplin,Model,,Czechoslovakia,31,Eliminated Week 5,8,True,1,5,10,0,Sugar Ray Leonard,1,0,23.0
12,Ralph Macchio,4,25.0,3,Karina Smirnoff,Actor/Actress,New York,United States,49,Eliminated Week 9,4,True,1,9,10,0,Sugar Ray Leonard,1,0,25.0
12,Romeo,4,23.0,3,Chelsie Hightower,Singer/Rapper,Louisiana,United States,21,Eliminated Week 8,5,True,1,8,10,0,Sugar Ray Leonard,1,0,23.0
12,Sugar Ray Leonard,4,21.0,3,Anna Trebunskaya,Athlete,North Carolina,United States,54,Eliminated Week 4,9,True,1,4,10,1,Sugar Ray Leonard,1,0,21.0
12,Wendy Williams,4,0.0,3,Tony Dovolani,TV Personality,New Jersey,United States,46,Eliminated Week 3,10,True,0,3,10,0,Sugar Ray Leonard,1,0,
12,Chelsea Kane,5,26.0,3,Mark Ballas,Actor/Actress,Arizona,United States,22,3rd Place,3,True,1,10,10,0,Petra Nemcova,1,0,26.0
12,Chris Jericho,5,26.0,3,Cheryl Burke,Athlete,New York,United States,40,Eliminated Week 6,7,True,1,6,10,0,Petra Nemcova,1,0,26.0
12,Hines Ward,5,27.0,3,Kym Johnson,Athlete,,South Korea,35,1st Place,1,True,1,10,10,0,Petra Nemcova,1,0,27.0
12,Kendra Wilkinson,5,22.0,3,Louis van Amstel,TV Personality,California,United States,25,Eliminated Week 7,6,True,1,7,10,0,Petra Nemcova,1,0,22.0
12,Kirstie Alley,5,23.0,3,Maksim Chmerkoskiy,Actor/Actress,Kansas,United States,60,2nd Place,2,True,1,10,10,0,Petra Nemcova,1,0,23.0
12,Mike Catherwood,5,0.0,3,Lacey Schwimmer,Radio Personality,California,United States,32,Eliminated Week 2,11,True,0,2,10,0,Petra Nemcova,1,0,
12,Petra Nemcova,5,22.0,3,Dmitry Chaplin,Model,,Czechoslovakia,31,Eliminated Week 5,8,True,1,5,10,1,Petra Nemcova,1,0,22.0
12,Ralph Macchio,5,22.0,3,Karina Smirnoff,Actor/Actress,New York,United States,49,Eliminated Week 9,4,True,1,9,10,0,Petra Nemcova,1,0,22.0
12,Romeo,5,26.0,3,Chelsie Hightower,Singer/Rapper,Louisiana,United States,21,Eliminated Week 8,5,True,1,8,10,0,Petra Nemcova,1,0,26.0
12,Sugar Ray Leonard,5,0.0,3,Anna Trebunskaya,Athlete,North Carolina,United States,54,Eliminated Week 4,9,True,0,4,10,0,Petra Nemcova,1,0,
12,Wendy Williams,5,0.0,3,Tony Dovolani,TV Personality,New Jersey,United States,46,Eliminated Week 3,10,True,0,3,10,0,Petra Nemcova,1,0,
12,Chelsea Kane,6,28.0,3,Mark Ballas,Actor/Actress,Arizona,United States,22,3rd Place,3,True,1,10,10,0,Chris Jericho,1,0,28.0
12,Chris Jericho,6,22.0,3,Cheryl Burke,Athlete,New York,United States,40,Eliminated Week 6,7,True,1,6,10,1,Chris Jericho,1,0,22.0
12,Hines Ward,6,27.0,3,Kym Johnson,Athlete,,South Korea,35,1st Place,1,True,1,10,10,0,Chris Jericho,1,0,27.0
12,Kendra Wilkinson,6,25.0,3,Louis van Amstel,TV Personality,California,United States,25,Eliminated Week 7,6,True,1,7,10,0,Chris Jericho,1,0,25.0
12,Kirstie Alley,6,26.0,3,Maksim Chmerkoskiy,Actor/Actress,Kansas,United States,60,2nd Place,2,True,1,10,10,0,Chris Jericho,1,0,26.0
12,Mike Catherwood,6,0.0,3,Lacey Schwimmer,Radio Personality,California,United States,32,Eliminated Week 2,11,True,0,2,10,0,Chris Jericho,1,0,
12,Petra Nemcova,6,0.0,3,Dmitry Chaplin,Model,,Czechoslovakia,31,Eliminated Week 5,8,True,0,5,10,0,Chris Jericho,1,0,
12,Ralph Macchio,6,24.0,3,Karina Smirnoff,Actor/Actress,New York,United States,49,Eliminated Week 9,4,True,1,9,10,0,Chris Jericho,1,0,24.0
12,Romeo,6,28.0,3,Chelsie Hightower,Singer/Rapper,Louisiana,United States,21,Eliminated Week 8,5,True,1,8,10,0,Chris Jericho,1,0,28.0
12,Sugar Ray Leonard,6,0.0,3,Anna Trebunskaya,Athlete,North Carolina,United States,54,Eliminated Week 4,9,True,0,4,10,0,Chris Jericho,1,0,
12,Wendy Williams,6,0.0,3,Tony Dovolani,TV Personality,New Jersey,United States,46,Eliminated Week 3,10,True,0,3,10,0,Chris Jericho,1,0,
12,Chelsea Kane,7,32.0,4,Mark Ballas,Actor/Actress,Arizona,United States,22,3rd Place,3,True,1,10,10,0,Kendra Wilkinson,1,0,32.0
12,Chris Jericho,7,0.0,4,Cheryl Burke,Athlete,New York,United States,40,Eliminated Week 6,7,True,0,6,10,0,Kendra Wilkinson,1,0,
12,Hines Ward,7,33.0,4,Kym Johnson,Athlete,,South Korea,35,1st Place,1,True,1,10,10,0,Kendra Wilkinson,1,0,33.0
12,Kendra Wilkinson,7,30.5,4,Louis van Amstel,TV Personality,California,United States,25,Eliminated Week 7,6,True,1,7,10,1,Kendra Wilkinson,1,0,30.5
12,Kirstie Alley,7,30.0,4,Maksim Chmerkoskiy,Actor/Actress,Kansas,United States,60,2nd Place,2,True,1,10,10,0,Kendra Wilkinson,1,0,30.0
12,Mike Catherwood,7,0.0,4,Lacey Schwimmer,Radio Personality,California,United States,32,Eliminated Week 2,11,True,0,2,10,0,Kendra Wilkinson,1,0,
12,Petra Nemcova,7,0.0,4,Dmitry Chaplin,Model,,Czechoslovakia,31,Eliminated Week 5,8,True,0,5,10,0,Kendra Wilkinson,1,0,
12,Ralph Macchio,7,33.0,4,Karina Smirnoff,Actor/Actress,New York,United States,49,Eliminated Week 9,4,True,1,9,10,0,Kendra Wilkinson,1,0,33.0
12,Romeo,7,30.0,4,Chelsie Hightower,Singer/Rapper,Louisiana,United States,21,Eliminated Week 8,5,True,1,8,10,0,Kendra Wilkinson,1,0,30.0
12,Sugar Ray Leonard,7,0.0,4,Anna Trebunskaya,Athlete,North Carolina,United States,54,Eliminated Week 4,9,True,0,4,10,0,Kendra Wilkinson,1,0,
12,Wendy Williams,7,0.0,4,Tony Dovolani,TV Personality,New Jersey,United States,46,Eliminated Week 3,10,True,0,3,10,0,Kendra Wilkinson,1,0,
12,Chelsea Kane,8,27.5,3,Mark Ballas,Actor/Actress,Arizona,United States,22,3rd Place,3,True,1,10,10,0,Romeo,1,0,27.5
12,Chris Jericho,8,0.0,3,Cheryl Burke,Athlete,New York,United States,40,Eliminated Week 6,7,True,0,6,10,0,Romeo,1,0,
12,Hines Ward,8,27.0,3,Kym Johnson,Athlete,,South Korea,35,1st Place,1,True,1,10,10,0,Romeo,1,0,27.0
12,Kendra Wilkinson,8,0.0,3,Louis van Amstel,TV Personality,California,United States,25,Eliminated Week 7,6,True,0,7,10,0,Romeo,1,0,
12,Kirstie Alley,8,26.5,3,Maksim Chmerkoskiy,Actor/Actress,Kansas,United States,60,2nd Place,2,True,1,10,10,0,Romeo,1,0,26.5
12,Mike Catherwood,8,0.0,3,Lacey Schwimmer,Radio Personality,California,United States,32,Eliminated Week 2,11,True,0,2,10,0,Romeo,1,0,
12,Petra Nemcova,8,0.0,3,Dmitry Chaplin,Model,,Czechoslovakia,31,Eliminated Week 5,8,True,0,5,10,0,Romeo,1,0,
12,Ralph Macchio,8,23.0,3,Karina Smirnoff,Actor/Actress,New York,United States,49,Eliminated Week 9,4,True,1,9,10,0,Romeo,1,0,23.0
12,Romeo,8,26.0,3,Chelsie Hightower,Singer/Rapper,Louisiana,United States,21,Eliminated Week 8,5,True,1,8,10,1,Romeo,1,0,26.0
12,Sugar Ray Leonard,8,0.0,3,Anna Trebunskaya,Athlete,North Carolina,United States,54,Eliminated Week 4,9,True,0,4,10,0,Romeo,1,0,
12,Wendy Williams,8,0.0,3,Tony Dovolani,TV Personality,New Jersey,United States,46,Eliminated Week 3,10,True,0,3,10,0,Romeo,1,0,
12,Chelsea Kane,9,36.5,3,Mark Ballas,Actor/Actress,Arizona,United States,22,3rd Place,3,True,1,10,10,0,Ralph Macchio,1,0,36.5
12,Chris Jericho,9,0.0,3,Cheryl Burke,Athlete,New York,United States,40,Eliminated Week 6,7,True,0,6,10,0,Ralph Macchio,1,0,
12,Hines Ward,9,30.0,3,Kym Johnson,Athlete,,South Korea,35,1st Place,1,True,1,10,10,0,Ralph Macchio,1,0,30.0
12,Kendra Wilkinson,9,0.0,3,Louis van Amstel,TV Personality,California,United States,25,Eliminated Week 7,6,True,0,7,10,0,Ralph Macchio,1,0,
12,Kirstie Alley,9,27.0,3,Maksim Chmerkoskiy,Actor/Actress,Kansas,United States,60,2nd Place,2,True,1,10,10,0,Ralph Macchio,1,0,27.0
12,Mike Catherwood,9,0.0,3,Lacey Schwimmer,Radio Personality,California,United States,32,Eliminated Week 2,11,True,0,2,10,0,Ralph Macchio,1,0,
12,Petra Nemcova,9,0.0,3,Dmitry Chaplin,Model,,Czechoslovakia,31,Eliminated Week 5,8,True,0,5,10,0,Ralph Macchio,1,0,
12,Ralph Macchio,9,24.0,3,Karina Smirnoff,Actor/Actress,New York,United States,49,Eliminated Week 9,4,True,1,9,10,1,Ralph Macchio,1,0,24.0
12,Romeo,9,0.0,3,Chelsie Hightower,Singer/Rapper,Louisiana,United States,21,Eliminated Week 8,5,True,0,8,10,0,Ralph Macchio,1,0,
12,Sugar Ray Leonard,9,0.0,3,Anna Trebunskaya,Athlete,North Carolina,United States,54,Eliminated Week 4,9,True,0,4,10,0,Ralph Macchio,1,0,
12,Wendy Williams,9,0.0,3,Tony Dovolani,TV Personality,New Jersey,United States,46,Eliminated Week 3,10,True,0,3,10,0,Ralph Macchio,1,0,
12,Chelsea Kane,10,29.666600000000003,3,Mark Ballas,Actor/Actress,Arizona,United States,22,3rd Place,3,True,1,10,10,0,,0,1,29.666600000000003
12,Chris Jericho,10,0.0,3,Cheryl Burke,Athlete,New York,United States,40,Eliminated Week 6,7,True,0,6,10,0,,0,1,
12,Hines Ward,10,29.666600000000003,3,Kym Johnson,Athlete,,South Korea,35,1st Place,1,True,1,10,10,0,,0,1,29.666600000000003
12,Kendra Wilkinson,10,0.0,3,Louis van Amstel,TV Personality,California,United States,25,Eliminated Week 7,6,True,0,7,10,0,,0,1,
12,Kirstie Alley,10,27.999899999999997,3,Maksim Chmerkoskiy,Actor/Actress,Kansas,United States,60,2nd Place,2,True,1,10,10,0,,0,1,27.999899999999997
12,Mike Catherwood,10,0.0,3,Lacey Schwimmer,Radio Personality,California,United States,32,Eliminated Week 2,11,True,0,2,10,0,,0,1,
12,Petra Nemcova,10,0.0,3,Dmitry Chaplin,Model,,Czechoslovakia,31,Eliminated Week 5,8,True,0,5,10,0,,0,1,
12,Ralph Macchio,10,0.0,3,Karina Smirnoff,Actor/Actress,New York,United States,49,Eliminated Week 9,4,True,0,9,10,0,,0,1,
12,Romeo,10,0.0,3,Chelsie Hightower,Singer/Rapper,Louisiana,United States,21,Eliminated Week 8,5,True,0,8,10,0,,0,1,
12,Sugar Ray Leonard,10,0.0,3,Anna Trebunskaya,Athlete,North Carolina,United States,54,Eliminated Week 4,9,True,0,4,10,0,,0,1,
12,Wendy Williams,10,0.0,3,Tony Dovolani,TV Personality,New Jersey,United States,46,Eliminated Week 3,10,True,0,3,10,0,,0,1,
12,Chelsea Kane,11,,0,Mark Ballas,Actor/Actress,Arizona,United States,22,3rd Place,3,False,0,10,10,0,,0,0,
12,Chris Jericho,11,,0,Cheryl Burke,Athlete,New York,United States,40,Eliminated Week 6,7,False,0,6,10,0,,0,0,
12,Hines Ward,11,,0,Kym Johnson,Athlete,,South Korea,35,1st Place,1,False,0,10,10,0,,0,0,
12,Kendra Wilkinson,11,,0,Louis van Amstel,TV Personality,California,United States,25,Eliminated Week 7,6,False,0,7,10,0,,0,0,
12,Kirstie Alley,11,,0,Maksim Chmerkoskiy,Actor/Actress,Kansas,United States,60,2nd Place,2,False,0,10,10,0,,0,0,
12,Mike Catherwood,11,,0,Lacey Schwimmer,Radio Personality,California,United States,32,Eliminated Week 2,11,False,0,2,10,0,,0,0,
12,Petra Nemcova,11,,0,Dmitry Chaplin,Model,,Czechoslovakia,31,Eliminated Week 5,8,False,0,5,10,0,,0,0,
12,Ralph Macchio,11,,0,Karina Smirnoff,Actor/Actress,New York,United States,49,Eliminated Week 9,4,False,0,9,10,0,,0,0,
12,Romeo,11,,0,Chelsie Hightower,Singer/Rapper,Louisiana,United States,21,Eliminated Week 8,5,False,0,8,10,0,,0,0,
12,Sugar Ray Leonard,11,,0,Anna Trebunskaya,Athlete,North Carolina,United States,54,Eliminated Week 4,9,False,0,4,10,0,,0,0,
12,Wendy Williams,11,,0,Tony Dovolani,TV Personality,New Jersey,United States,46,Eliminated Week 3,10,False,0,3,10,0,,0,0,
13,Carson Kressley,1,17.0,3,Anna Trebunskaya,TV Personality,Pennsylvania,United States,41,Eliminated Week 5,8,True,1,5,10,0,Metta World Peace (Ron),1,0,17.0
13,Chaz Bono,1,17.0,3,Lacey Schwimmer,TV Personality,California,United States,42,Eliminated Week 6,7,True,1,6,10,0,Metta World Peace (Ron),1,0,17.0
13,Chynna Phillips,1,22.0,3,Tony Dovolani,Singer/Rapper,California,United States,43,Eliminated Week 4,9,True,1,4,10,0,Metta World Peace (Ron),1,0,22.0
13,David Arquette,1,18.0,3,Kym Johnson,Actor/Actress,Virginia,United States,40,Eliminated Week 7,6,True,1,7,10,0,Metta World Peace (Ron),1,0,18.0
13,Elisabetta Canalis,1,15.0,3,Valentin Chmerkovskiy,Actor/Actress,,Italy,33,Eliminated Week 2,11,True,1,2,10,0,Metta World Peace (Ron),1,0,15.0
13,Hope Solo,1,21.0,3,Maksim Chmerkoskiy,Athlete,Washington,United States,30,Eliminated Week 9,4,True,1,9,10,0,Metta World Peace (Ron),1,0,21.0
13,J.R. Martinez,1,22.0,3,Karina Smirnoff,Actor/Actress,Louisiana,United States,28,1st Place,1,True,1,10,10,0,Metta World Peace (Ron),1,0,22.0
13,Kristin Cavallari,1,19.0,3,Mark Ballas,TV Personality,Colorado,United States,24,Eliminated Week 3,10,True,1,3,10,0,Metta World Peace (Ron),1,0,19.0
13,Metta World Peace (Ron),1,14.0,3,Peta Murgatroyd,Athlete,New York,United States,31,Eliminated Week 1,12,True,1,1,10,1,Metta World Peace (Ron),1,0,14.0
13,Nancy Grace,1,16.0,3,Tristan MacManus,TV Personality,Georgia,United States,51,Eliminated Week 8,5,True,1,8,10,0,Metta World Peace (Ron),1,0,16.0
13,Ricki Lake,1,20.0,3,Derek Hough,Actor/Actress,New York,United States,42,3rd Place,3,True,1,10,10,0,Metta World Peace (Ron),1,0,20.0
13,Rob Kardashian,1,16.0,3,Cheryl Burke,TV Personality,California,United States,24,2nd Place,2,True,1,10,10,0,Metta World Peace (Ron),1,0,16.0
13,Carson Kressley,2,18.0,3,Anna Trebunskaya,TV Personality,Pennsylvania,United States,41,Eliminated Week 5,8,True,1,5,10,0,Elisabetta Canalis,1,0,18.0
13,Chaz Bono,2,17.0,3,Lacey Schwimmer,TV Personality,California,United States,42,Eliminated Week 6,7,True,1,6,10,0,Elisabetta Canalis,1,0,17.0
13,Chynna Phillips,2,21.0,3,Tony Dovolani,Singer/Rapper,California,United States,43,Eliminated Week 4,9,True,1,4,10,0,Elisabetta Canalis,1,0,21.0
13,David Arquette,2,18.0,3,Kym Johnson,Actor/Actress,Virginia,United States,40,Eliminated Week 7,6,True,1,7,10,0,Elisabetta Canalis,1,0,18.0
13,Elisabetta Canalis,2,21.0,3,Valentin Chmerkovskiy,Actor/Actress,,Italy,33,Eliminated Week 2,11,True,1,2,10,1,Elisabetta Canalis,1,0,21.0
13,Hope Solo,2,19.0,3,Maksim Chmerkoskiy,Athlete,Washington,United States,30,Eliminated Week 9,4,True,1,9,10,0,Elisabetta Canalis,1,0,19.0
13,J.R. Martinez,2,22.0,3,Karina Smirnoff,Actor/Actress,Louisiana,United States,28,1st Place,1,True,1,10,10,0,Elisabetta Canalis,1,0,22.0
13,Kristin Cavallari,2,22.0,3,Mark Ballas,TV Personality,Colorado,United States,24,Eliminated Week 3,10,True,1,3,10,0,Elisabetta Canalis,1,0,22.0
13,Metta World Peace (Ron),2,0.0,3,Peta Murgatroyd,Athlete,New York,United States,31,Eliminated Week 1,12,True,0,1,10,0,Elisabetta Canalis,1,0,
13,Nancy Grace,2,21.0,3,Tristan MacManus,TV Personality,Georgia,United States,51,Eliminated Week 8,5,True,1,8,10,0,Elisabetta Canalis,1,0,21.0
13,Ricki Lake,2,23.0,3,Derek Hough,Actor/Actress,New York,United States,42,3rd Place,3,True,1,10,10,0,Elisabetta Canalis,1,0,23.0
13,Rob Kardashian,2,21.0,3,Cheryl Burke,TV Personality,California,United States,24,2nd Place,2,True,1,10,10,0,Elisabetta Canalis,1,0,21.0
13,Carson Kressley,3,23.0,3,Anna Trebunskaya,TV Personality,Pennsylvania,United States,41,Eliminated Week 5,8,True,1,5,10,0,Kristin Cavallari,1,0,23.0
13,Chaz Bono,3,18.0,3,Lacey Schwimmer,TV Personality,California,United States,42,Eliminated Week 6,7,True,1,6,10,0,Kristin Cavallari,1,0,18.0
13,Chynna Phillips,3,26.0,3,Tony Dovolani,Singer/Rapper,California,United States,43,Eliminated Week 4,9,True,1,4,10,0,Kristin Cavallari,1,0,26.0
13,David Arquette,3,24.0,3,Kym Johnson,Actor/Actress,Virginia,United States,40,Eliminated Week 7,6,True,1,7,10,0,Kristin Cavallari,1,0,24.0
13,Elisabetta Canalis,3,0.0,3,Valentin Chmerkovskiy,Actor/Actress,,Italy,33,Eliminated Week 2,11,True,0,2,10,0,Kristin Cavallari,1,0,
13,Hope Solo,3,24.0,3,Maksim Chmerkoskiy,Athlete,Washington,United States,30,Eliminated Week 9,4,True,1,9,10,0,Kristin Cavallari,1,0,24.0
13,J.R. Martinez,3,26.0,3,Karina Smirnoff,Actor/Actress,Louisiana,United States,28,1st Place,1,True,1,10,10,0,Kristin Cavallari,1,0,26.0
13,Kristin Cavallari,3,24.0,3,Mark Ballas,TV Personality,Colorado,United States,24,Eliminated Week 3,10,True,1,3,10,1,Kristin Cavallari,1,0,24.0
13,Metta World Peace (Ron),3,0.0,3,Peta Murgatroyd,Athlete,New York,United States,31,Eliminated Week 1,12,True,0,1,10,0,Kristin Cavallari,1,0,
13,Nancy Grace,3,21.0,3,Tristan MacManus,TV Personality,Georgia,United States,51,Eliminated Week 8,5,True,1,8,10,0,Kristin Cavallari,1,0,21.0
13,Ricki Lake,3,27.0,3,Derek Hough,Actor/Actress,New York,United States,42,3rd Place,3,True,1,10,10,0,Kristin Cavallari,1,0,27.0
13,Rob Kardashian,3,24.0,3,Cheryl Burke,TV Personality,California,United States,24,2nd Place,2,True,1,10,10,0,Kristin Cavallari,1,0,24.0
13,Carson Kressley,4,20.0,3,Anna Trebunskaya,TV Personality,Pennsylvania,United States,41,Eliminated Week 5,8,True,1,5,10,0,Chynna Phillips,1,0,20.0
13,Chaz Bono,4,21.0,3,Lacey Schwimmer,TV Personality,California,United States,42,Eliminated Week 6,7,True,1,6,10,0,Chynna Phillips,1,0,21.0
13,Chynna Phillips,4,21.0,3,Tony Dovolani,Singer/Rapper,California,United States,43,Eliminated Week 4,9,True,1,4,10,1,Chynna Phillips,1,0,21.0
13,David Arquette,4,23.0,3,Kym Johnson,Actor/Actress,Virginia,United States,40,Eliminated Week 7,6,True,1,7,10,0,Chynna Phillips,1,0,23.0
13,Elisabetta Canalis,4,0.0,3,Valentin Chmerkovskiy,Actor/Actress,,Italy,33,Eliminated Week 2,11,True,0,2,10,0,Chynna Phillips,1,0,
13,Hope Solo,4,24.0,3,Maksim Chmerkoskiy,Athlete,Washington,United States,30,Eliminated Week 9,4,True,1,9,10,0,Chynna Phillips,1,0,24.0
13,J.R. Martinez,4,26.0,3,Karina Smirnoff,Actor/Actress,Louisiana,United States,28,1st Place,1,True,1,10,10,0,Chynna Phillips,1,0,26.0
13,Kristin Cavallari,4,0.0,3,Mark Ballas,TV Personality,Colorado,United States,24,Eliminated Week 3,10,True,0,3,10,0,Chynna Phillips,1,0,
13,Metta World Peace (Ron),4,0.0,3,Peta Murgatroyd,Athlete,New York,United States,31,Eliminated Week 1,12,True,0,1,10,0,Chynna Phillips,1,0,
13,Nancy Grace,4,21.0,3,Tristan MacManus,TV Personality,Georgia,United States,51,Eliminated Week 8,5,True,1,8,10,0,Chynna Phillips,1,0,21.0
13,Ricki Lake,4,29.0,3,Derek Hough,Actor/Actress,New York,United States,42,3rd Place,3,True,1,10,10,0,Chynna Phillips,1,0,29.0
13,Rob Kardashian,4,24.0,3,Cheryl Burke,TV Personality,California,United States,24,2nd Place,2,True,1,10,10,0,Chynna Phillips,1,0,24.0
13,Carson Kressley,5,19.0,3,Anna Trebunskaya,TV Personality,Pennsylvania,United States,41,Eliminated Week 5,8,True,1,5,10,1,Carson Kressley,1,0,19.0
13,Chaz Bono,5,21.0,3,Lacey Schwimmer,TV Personality,California,United States,42,Eliminated Week 6,7,True,1,6,10,0,Carson Kressley,1,0,21.0
13,Chynna Phillips,5,0.0,3,Tony Dovolani,Singer/Rapper,California,United States,43,Eliminated Week 4,9,True,0,4,10,0,Carson Kressley,1,0,
13,David Arquette,5,25.0,3,Kym Johnson,Actor/Actress,Virginia,United States,40,Eliminated Week 7,6,True,1,7,10,0,Carson Kressley,1,0,25.0
13,Elisabetta Canalis,5,0.0,3,Valentin Chmerkovskiy,Actor/Actress,,Italy,33,Eliminated Week 2,11,True,0,2,10,0,Carson Kressley,1,0,
13,Hope Solo,5,24.0,3,Maksim Chmerkoskiy,Athlete,Washington,United States,30,Eliminated Week 9,4,True,1,9,10,0,Carson Kressley,1,0,24.0
13,J.R. Martinez,5,28.0,3,Karina Smirnoff,Actor/Actress,Louisiana,United States,28,1st Place,1,True,1,10,10,0,Carson Kressley,1,0,28.0
13,Kristin Cavallari,5,0.0,3,Mark Ballas,TV Personality,Colorado,United States,24,Eliminated Week 3,10,True,0,3,10,0,Carson Kressley,1,0,
13,Metta World Peace (Ron),5,0.0,3,Peta Murgatroyd,Athlete,New York,United States,31,Eliminated Week 1,12,True,0,1,10,0,Carson Kressley,1,0,
13,Nancy Grace,5,22.0,3,Tristan MacManus,TV Personality,Georgia,United States,51,Eliminated Week 8,5,True,1,8,10,0,Carson Kressley,1,0,22.0
13,Ricki Lake,5,24.0,3,Derek Hough,Actor/Actress,New York,United States,42,3rd Place,3,True,1,10,10,0,Carson Kressley,1,0,24.0
13,Rob Kardashian,5,25.0,3,Cheryl Burke,TV Personality,California,United States,24,2nd Place,2,True,1,10,10,0,Carson Kressley,1,0,25.0
13,Carson Kressley,6,0.0,3,Anna Trebunskaya,TV Personality,Pennsylvania,United States,41,Eliminated Week 5,8,True,0,5,10,0,Chaz Bono,1,0,
13,Chaz Bono,6,19.0,3,Lacey Schwimmer,TV Personality,California,United States,42,Eliminated Week 6,7,True,1,6,10,1,Chaz Bono,1,0,19.0
13,Chynna Phillips,6,0.0,3,Tony Dovolani,Singer/Rapper,California,United States,43,Eliminated Week 4,9,True,0,4,10,0,Chaz Bono,1,0,
13,David Arquette,6,23.0,3,Kym Johnson,Actor/Actress,Virginia,United States,40,Eliminated Week 7,6,True,1,7,10,0,Chaz Bono,1,0,23.0
13,Elisabetta Canalis,6,0.0,3,Valentin Chmerkovskiy,Actor/Actress,,Italy,33,Eliminated Week 2,11,True,0,2,10,0,Chaz Bono,1,0,
13,Hope Solo,6,20.0,3,Maksim Chmerkoskiy,Athlete,Washington,United States,30,Eliminated Week 9,4,True,1,9,10,0,Chaz Bono,1,0,20.0
13,J.R. Martinez,6,29.0,3,Karina Smirnoff,Actor/Actress,Louisiana,United States,28,1st Place,1,True,1,10,10,0,Chaz Bono,1,0,29.0
13,Kristin Cavallari,6,0.0,3,Mark Ballas,TV Personality,Colorado,United States,24,Eliminated Week 3,10,True,0,3,10,0,Chaz Bono,1,0,
13,Metta World Peace (Ron),6,0.0,3,Peta Murgatroyd,Athlete,New York,United States,31,Eliminated Week 1,12,True,0,1,10,0,Chaz Bono,1,0,
13,Nancy Grace,6,24.0,3,Tristan MacManus,TV Personality,Georgia,United States,51,Eliminated Week 8,5,True,1,8,10,0,Chaz Bono,1,0,24.0
13,Ricki Lake,6,29.0,3,Derek Hough,Actor/Actress,New York,United States,42,3rd Place,3,True,1,10,10,0,Chaz Bono,1,0,29.0
13,Rob Kardashian,6,22.0,3,Cheryl Burke,TV Personality,California,United States,24,2nd Place,2,True,1,10,10,0,Chaz Bono,1,0,22.0
13,Carson Kressley,7,0.0,3,Anna Trebunskaya,TV Personality,Pennsylvania,United States,41,Eliminated Week 5,8,True,0,5,10,0,David Arquette,1,0,
13,Chaz Bono,7,0.0,3,Lacey Schwimmer,TV Personality,California,United States,42,Eliminated Week 6,7,True,0,6,10,0,David Arquette,1,0,
13,Chynna Phillips,7,0.0,3,Tony Dovolani,Singer/Rapper,California,United States,43,Eliminated Week 4,9,True,0,4,10,0,David Arquette,1,0,
13,David Arquette,7,23.5,3,Kym Johnson,Actor/Actress,Virginia,United States,40,Eliminated Week 7,6,True,1,7,10,1,David Arquette,1,0,23.5
13,Elisabetta Canalis,7,0.0,3,Valentin Chmerkovskiy,Actor/Actress,,Italy,33,Eliminated Week 2,11,True,0,2,10,0,David Arquette,1,0,
13,Hope Solo,7,25.0,3,Maksim Chmerkoskiy,Athlete,Washington,United States,30,Eliminated Week 9,4,True,1,9,10,0,David Arquette,1,0,25.0
13,J.R. Martinez,7,24.0,3,Karina Smirnoff,Actor/Actress,Louisiana,United States,28,1st Place,1,True,1,10,10,0,David Arquette,1,0,24.0
13,Kristin Cavallari,7,0.0,3,Mark Ballas,TV Personality,Colorado,United States,24,Eliminated Week 3,10,True,0,3,10,0,David Arquette,1,0,
13,Metta World Peace (Ron),7,0.0,3,Peta Murgatroyd,Athlete,New York,United States,31,Eliminated Week 1,12,True,0,1,10,0,David Arquette,1,0,
13,Nancy Grace,7,22.0,3,Tristan MacManus,TV Personality,Georgia,United States,51,Eliminated Week 8,5,True,1,8,10,0,David Arquette,1,0,22.0
13,Ricki Lake,7,26.5,3,Derek Hough,Actor/Actress,New York,United States,42,3rd Place,3,True,1,10,10,0,David Arquette,1,0,26.5
13,Rob Kardashian,7,25.5,3,Cheryl Burke,TV Personality,California,United States,24,2nd Place,2,True,1,10,10,0,David Arquette,1,0,25.5
13,Carson Kressley,8,0.0,3,Anna Trebunskaya,TV Personality,Pennsylvania,United States,41,Eliminated Week 5,8,True,0,5,10,0,Nancy Grace,1,0,
13,Chaz Bono,8,0.0,3,Lacey Schwimmer,TV Personality,California,United States,42,Eliminated Week 6,7,True,0,6,10,0,Nancy Grace,1,0,
13,Chynna Phillips,8,0.0,3,Tony Dovolani,Singer/Rapper,California,United States,43,Eliminated Week 4,9,True,0,4,10,0,Nancy Grace,1,0,
13,David Arquette,8,0.0,3,Kym Johnson,Actor/Actress,Virginia,United States,40,Eliminated Week 7,6,True,0,7,10,0,Nancy Grace,1,0,
13,Elisabetta Canalis,8,0.0,3,Valentin Chmerkovskiy,Actor/Actress,,Italy,33,Eliminated Week 2,11,True,0,2,10,0,Nancy Grace,1,0,
13,Hope Solo,8,26.0,3,Maksim Chmerkoskiy,Athlete,Washington,United States,30,Eliminated Week 9,4,True,1,9,10,0,Nancy Grace,1,0,26.0
13,J.R. Martinez,8,30.0,3,Karina Smirnoff,Actor/Actress,Louisiana,United States,28,1st Place,1,True,1,10,10,0,Nancy Grace,1,0,30.0
13,Kristin Cavallari,8,0.0,3,Mark Ballas,TV Personality,Colorado,United States,24,Eliminated Week 3,10,True,0,3,10,0,Nancy Grace,1,0,
13,Metta World Peace (Ron),8,0.0,3,Peta Murgatroyd,Athlete,New York,United States,31,Eliminated Week 1,12,True,0,1,10,0,Nancy Grace,1,0,
13,Nancy Grace,8,22.0,3,Tristan MacManus,TV Personality,Georgia,United States,51,Eliminated Week 8,5,True,1,8,10,1,Nancy Grace,1,0,22.0
13,Ricki Lake,8,26.0,3,Derek Hough,Actor/Actress,New York,United States,42,3rd Place,3,True,1,10,10,0,Nancy Grace,1,0,26.0
13,Rob Kardashian,8,25.5,3,Cheryl Burke,TV Personality,California,United States,24,2nd Place,2,True,1,10,10,0,Nancy Grace,1,0,25.5
13,Carson Kressley,9,0.0,3,Anna Trebunskaya,TV Personality,Pennsylvania,United States,41,Eliminated Week 5,8,True,0,5,10,0,Hope Solo,1,0,
13,Chaz Bono,9,0.0,3,Lacey Schwimmer,TV Personality,California,United States,42,Eliminated Week 6,7,True,0,6,10,0,Hope Solo,1,0,
13,Chynna Phillips,9,0.0,3,Tony Dovolani,Singer/Rapper,California,United States,43,Eliminated Week 4,9,True,0,4,10,0,Hope Solo,1,0,
13,David Arquette,9,0.0,3,Kym Johnson,Actor/Actress,Virginia,United States,40,Eliminated Week 7,6,True,0,7,10,0,Hope Solo,1,0,
13,Elisabetta Canalis,9,0.0,3,Valentin Chmerkovskiy,Actor/Actress,,Italy,33,Eliminated Week 2,11,True,0,2,10,0,Hope Solo,1,0,
13,Hope Solo,9,24.4998,3,Maksim Chmerkoskiy,Athlete,Washington,United States,30,Eliminated Week 9,4,True,1,9,10,1,Hope Solo,1,0,24.4998
13,J.R. Martinez,9,28.0,3,Karina Smirnoff,Actor/Actress,Louisiana,United States,28,1st Place,1,True,1,10,10,0,Hope Solo,1,0,28.0
13,Kristin Cavallari,9,0.0,3,Mark Ballas,TV Personality,Colorado,United States,24,Eliminated Week 3,10,True,0,3,10,0,Hope Solo,1,0,
13,Metta World Peace (Ron),9,0.0,3,Peta Murgatroyd,Athlete,New York,United States,31,Eliminated Week 1,12,True,0,1,10,0,Hope Solo,1,0,
13,Nancy Grace,9,0.0,3,Tristan MacManus,TV Personality,Georgia,United States,51,Eliminated Week 8,5,True,0,8,10,0,Hope Solo,1,0,
13,Ricki Lake,9,33.4999,3,Derek Hough,Actor/Actress,New York,United States,42,3rd Place,3,True,1,10,10,0,Hope Solo,1,0,33.4999
13,Rob Kardashian,9,32.4998,3,Cheryl Burke,TV Personality,California,United States,24,2nd Place,2,True,1,10,10,0,Hope Solo,1,0,32.4998
13,Carson Kressley,10,0.0,3,Anna Trebunskaya,TV Personality,Pennsylvania,United States,41,Eliminated Week 5,8,True,0,5,10,0,,0,1,
13,Chaz Bono,10,0.0,3,Lacey Schwimmer,TV Personality,California,United States,42,Eliminated Week 6,7,True,0,6,10,0,,0,1,
13,Chynna Phillips,10,0.0,3,Tony Dovolani,Singer/Rapper,California,United States,43,Eliminated Week 4,9,True,0,4,10,0,,0,1,
13,David Arquette,10,0.0,3,Kym Johnson,Actor/Actress,Virginia,United States,40,Eliminated Week 7,6,True,0,7,10,0,,0,1,
13,Elisabetta Canalis,10,0.0,3,Valentin Chmerkovskiy,Actor/Actress,,Italy,33,Eliminated Week 2,11,True,0,2,10,0,,0,1,
13,Hope Solo,10,0.0,3,Maksim Chmerkoskiy,Athlete,Washington,United States,30,Eliminated Week 9,4,True,0,9,10,0,,0,1,
13,J.R. Martinez,10,28.1665,3,Karina Smirnoff,Actor/Actress,Louisiana,United States,28,1st Place,1,True,1,10,10,0,,0,1,28.1665
13,Kristin Cavallari,10,0.0,3,Mark Ballas,TV Personality,Colorado,United States,24,Eliminated Week 3,10,True,0,3,10,0,,0,1,
13,Metta World Peace (Ron),10,0.0,3,Peta Murgatroyd,Athlete,New York,United States,31,Eliminated Week 1,12,True,0,1,10,0,,0,1,
13,Nancy Grace,10,0.0,3,Tristan MacManus,TV Personality,Georgia,United States,51,Eliminated Week 8,5,True,0,8,10,0,,0,1,
13,Ricki Lake,10,27.999899999999997,3,Derek Hough,Actor/Actress,New York,United States,42,3rd Place,3,True,1,10,10,0,,0,1,27.999899999999997
13,Rob Kardashian,10,28.333199999999998,3,Cheryl Burke,TV Personality,California,United States,24,2nd Place,2,True,1,10,10,0,,0,1,28.333199999999998
13,Carson Kressley,11,,0,Anna Trebunskaya,TV Personality,Pennsylvania,United States,41,Eliminated Week 5,8,False,0,5,10,0,,0,0,
13,Chaz Bono,11,,0,Lacey Schwimmer,TV Personality,California,United States,42,Eliminated Week 6,7,False,0,6,10,0,,0,0,
13,Chynna Phillips,11,,0,Tony Dovolani,Singer/Rapper,California,United States,43,Eliminated Week 4,9,False,0,4,10,0,,0,0,
13,David Arquette,11,,0,Kym Johnson,Actor/Actress,Virginia,United States,40,Eliminated Week 7,6,False,0,7,10,0,,0,0,
13,Elisabetta Canalis,11,,0,Valentin Chmerkovskiy,Actor/Actress,,Italy,33,Eliminated Week 2,11,False,0,2,10,0,,0,0,
13,Hope Solo,11,,0,Maksim Chmerkoskiy,Athlete,Washington,United States,30,Eliminated Week 9,4,False,0,9,10,0,,0,0,
13,J.R. Martinez,11,,0,Karina Smirnoff,Actor/Actress,Louisiana,United States,28,1st Place,1,False,0,10,10,0,,0,0,
13,Kristin Cavallari,11,,0,Mark Ballas,TV Personality,Colorado,United States,24,Eliminated Week 3,10,False,0,3,10,0,,0,0,
13,Metta World Peace (Ron),11,,0,Peta Murgatroyd,Athlete,New York,United States,31,Eliminated Week 1,12,False,0,1,10,0,,0,0,
13,Nancy Grace,11,,0,Tristan MacManus,TV Personality,Georgia,United States,51,Eliminated Week 8,5,False,0,8,10,0,,0,0,
13,Ricki Lake,11,,0,Derek Hough,Actor/Actress,New York,United States,42,3rd Place,3,False,0,10,10,0,,0,0,
13,Rob Kardashian,11,,0,Cheryl Burke,TV Personality,California,United States,24,2nd Place,2,False,0,10,10,0,,0,0,
14,Donald Driver,1,21.0,3,Peta Murgatroyd,Athlete,Texas,United States,37,1st Place,1,True,1,10,10,0,,0,1,21.0
14,Gavin DeGraw,1,20.0,3,Karina Smirnoff,Singer/Rapper,New York,United States,35,Eliminated Week 5,9,True,1,5,10,0,,0,1,20.0
14,Gladys Knight,1,23.0,3,Tristan MacManus,Singer/Rapper,Georgia,United States,67,Eliminated Week 6,8,True,1,6,10,0,,0,1,23.0
14,Jack Wagner,1,23.0,3,Anna Trebunskaya,Actor/Actress,Missouri,United States,52,Eliminated Week 3,11,True,1,3,10,0,,0,1,23.0
14,Jaleel White,1,26.0,3,Kym Johnson,Actor/Actress,California,United States,35,Eliminated Week 7,7,True,1,7,10,0,,0,1,26.0
14,Katherine Jenkins,1,26.0,3,Mark Ballas,Singer/Rapper,,Wales,31,2nd Place,2,True,1,10,10,0,,0,1,26.0
14,Maria Menounos,1,21.0,3,Derek Hough,TV Personality,Massachusetts,United States,33,Eliminated Week 9,4,True,1,9,10,0,,0,1,21.0
14,Martina Navratilova,1,20.0,3,Tony Dovolani,Athlete,,Czechoslovakia,55,Eliminated Week 2,12,True,1,2,10,0,,0,1,20.0
14,Melissa Gilbert,1,20.0,3,Maksim Chmerkoskiy,Actor/Actress,California,United States,47,Eliminated Week 8,5,True,1,8,10,0,,0,1,20.0
14,Roshon Fegan,1,23.0,3,Chelsie Hightower,Actor/Actress,California,United States,20,Eliminated Week 8,6,True,1,8,10,0,,0,1,23.0
14,Sherri Sheperd,1,23.0,3,Valentin Chmerkovskiy,Actor/Actress,Illinois,United States,44,Eliminated Week 4,10,True,1,4,10,0,,0,1,23.0
14,William Levy,1,24.0,3,Cheryl Burke,Actor/Actress,,Cuba,31,3rd Place,3,True,1,10,10,0,,0,1,24.0
14,Donald Driver,2,24.0,3,Peta Murgatroyd,Athlete,Texas,United States,37,1st Place,1,True,1,10,10,0,Martina Navratilova,1,0,24.0
14,Gavin DeGraw,2,21.0,3,Karina Smirnoff,Singer/Rapper,New York,United States,35,Eliminated Week 5,9,True,1,5,10,0,Martina Navratilova,1,0,21.0
14,Gladys Knight,2,19.0,3,Tristan MacManus,Singer/Rapper,Georgia,United States,67,Eliminated Week 6,8,True,1,6,10,0,Martina Navratilova,1,0,19.0
14,Jack Wagner,2,21.0,3,Anna Trebunskaya,Actor/Actress,Missouri,United States,52,Eliminated Week 3,11,True,1,3,10,0,Martina Navratilova,1,0,21.0
14,Jaleel White,2,22.0,3,Kym Johnson,Actor/Actress,California,United States,35,Eliminated Week 7,7,True,1,7,10,0,Martina Navratilova,1,0,22.0
14,Katherine Jenkins,2,26.0,3,Mark Ballas,Singer/Rapper,,Wales,31,2nd Place,2,True,1,10,10,0,Martina Navratilova,1,0,26.0
14,Maria Menounos,2,25.0,3,Derek Hough,TV Personality,Massachusetts,United States,33,Eliminated Week 9,4,True,1,9,10,0,Martina Navratilova,1,0,25.0
14,Martina Navratilova,2,17.0,3,Tony Dovolani,Athlete,,Czechoslovakia,55,Eliminated Week 2,12,True,1,2,10,1,Martina Navratilova,1,0,17.0
14,Melissa Gilbert,2,20.0,3,Maksim Chmerkoskiy,Actor/Actress,California,United States,47,Eliminated Week 8,5,True,1,8,10,0,Martina Navratilova,1,0,20.0
14,Roshon Fegan,2,26.0,3,Chelsie Hightower,Actor/Actress,California,United States,20,Eliminated Week 8,6,True,1,8,10,0,Martina Navratilova,1,0,26.0
14,Sherri Sheperd,2,23.0,3,Valentin Chmerkovskiy,Actor/Actress,Illinois,United States,44,Eliminated Week 4,10,True,1,4,10,0,Martina Navratilova,1,0,23.0
14,William Levy,2,25.0,3,Cheryl Burke,Actor/Actress,,Cuba,31,3rd Place,3,True,1,10,10,0,Martina Navratilova,1,0,25.0
14,Donald Driver,3,26.0,3,Peta Murgatroyd,Athlete,Texas,United States,37,1st Place,1,True,1,10,10,0,Jack Wagner,1,0,26.0
14,Gavin DeGraw,3,24.0,3,Karina Smirnoff,Singer/Rapper,New York,United States,35,Eliminated Week 5,9,True,1,5,10,0,Jack Wagner,1,0,24.0
14,Gladys Knight,3,24.0,3,Tristan MacManus,Singer/Rapper,Georgia,United States,67,Eliminated Week 6,8,True,1,6,10,0,Jack Wagner,1,0,24.0
14,Jack Wagner,3,24.0,3,Anna Trebunskaya,Actor/Actress,Missouri,United States,52,Eliminated Week 3,11,True,1,3,10,1,Jack Wagner,1,0,24.0
14,Jaleel White,3,25.0,3,Kym Johnson,Actor/Actress,California,United States,35,Eliminated Week 7,7,True,1,7,10,0,Jack Wagner,1,0,25.0
14,Katherine Jenkins,3,29.0,3,Mark Ballas,Singer/Rapper,,Wales,31,2nd Place,2,True,1,10,10,0,Jack Wagner,1,0,29.0
14,Maria Menounos,3,27.0,3,Derek Hough,TV Personality,Massachusetts,United States,33,Eliminated Week 9,4,True,1,9,10,0,Jack Wagner,1,0,27.0
14,Martina Navratilova,3,0.0,3,Tony Dovolani,Athlete,,Czechoslovakia,55,Eliminated Week 2,12,True,0,2,10,0,Jack Wagner,1,0,
14,Melissa Gilbert,3,24.0,3,Maksim Chmerkoskiy,Actor/Actress,California,United States,47,Eliminated Week 8,5,True,1,8,10,0,Jack Wagner,1,0,24.0
14,Roshon Fegan,3,25.0,3,Chelsie Hightower,Actor/Actress,California,United States,20,Eliminated Week 8,6,True,1,8,10,0,Jack Wagner,1,0,25.0
14,Sherri Sheperd,3,24.0,3,Valentin Chmerkovskiy,Actor/Actress,Illinois,United States,44,Eliminated Week 4,10,True,1,4,10,0,Jack Wagner,1,0,24.0
14,William Levy,3,28.0,3,Cheryl Burke,Actor/Actress,,Cuba,31,3rd Place,3,True,1,10,10,0,Jack Wagner,1,0,28.0
14,Donald Driver,4,27.0,3,Peta Murgatroyd,Athlete,Texas,United States,37,1st Place,1,True,1,10,10,0,Sherri Sheperd,1,0,27.0
14,Gavin DeGraw,4,23.0,3,Karina Smirnoff,Singer/Rapper,New York,United States,35,Eliminated Week 5,9,True,1,5,10,0,Sherri Sheperd,1,0,23.0
14,Gladys Knight,4,20.0,3,Tristan MacManus,Singer/Rapper,Georgia,United States,67,Eliminated Week 6,8,True,1,6,10,0,Sherri Sheperd,1,0,20.0
14,Jack Wagner,4,0.0,3,Anna Trebunskaya,Actor/Actress,Missouri,United States,52,Eliminated Week 3,11,True,0,3,10,0,Sherri Sheperd,1,0,
14,Jaleel White,4,22.0,3,Kym Johnson,Actor/Actress,California,United States,35,Eliminated Week 7,7,True,1,7,10,0,Sherri Sheperd,1,0,22.0
14,Katherine Jenkins,4,24.0,3,Mark Ballas,Singer/Rapper,,Wales,31,2nd Place,2,True,1,10,10,0,Sherri Sheperd,1,0,24.0
14,Maria Menounos,4,26.0,3,Derek Hough,TV Personality,Massachusetts,United States,33,Eliminated Week 9,4,True,1,9,10,0,Sherri Sheperd,1,0,26.0
14,Martina Navratilova,4,0.0,3,Tony Dovolani,Athlete,,Czechoslovakia,55,Eliminated Week 2,12,True,0,2,10,0,Sherri Sheperd,1,0,
14,Melissa Gilbert,4,22.0,3,Maksim Chmerkoskiy,Actor/Actress,California,United States,47,Eliminated Week 8,5,True,1,8,10,0,Sherri Sheperd,1,0,22.0
14,Roshon Fegan,4,26.0,3,Chelsie Hightower,Actor/Actress,California,United States,20,Eliminated Week 8,6,True,1,8,10,0,Sherri Sheperd,1,0,26.0
14,Sherri Sheperd,4,21.0,3,Valentin Chmerkovskiy,Actor/Actress,Illinois,United States,44,Eliminated Week 4,10,True,1,4,10,1,Sherri Sheperd,1,0,21.0
14,William Levy,4,22.0,3,Cheryl Burke,Actor/Actress,,Cuba,31,3rd Place,3,True,1,10,10,0,Sherri Sheperd,1,0,22.0
14,Donald Driver,5,27.0,3,Peta Murgatroyd,Athlete,Texas,United States,37,1st Place,1,True,1,10,10,0,Gavin DeGraw,1,0,27.0
14,Gavin DeGraw,5,19.0,3,Karina Smirnoff,Singer/Rapper,New York,United States,35,Eliminated Week 5,9,True,1,5,10,1,Gavin DeGraw,1,0,19.0
14,Gladys Knight,5,22.0,3,Tristan MacManus,Singer/Rapper,Georgia,United States,67,Eliminated Week 6,8,True,1,6,10,0,Gavin DeGraw,1,0,22.0
14,Jack Wagner,5,0.0,3,Anna Trebunskaya,Actor/Actress,Missouri,United States,52,Eliminated Week 3,11,True,0,3,10,0,Gavin DeGraw,1,0,
14,Jaleel White,5,24.0,3,Kym Johnson,Actor/Actress,California,United States,35,Eliminated Week 7,7,True,1,7,10,0,Gavin DeGraw,1,0,24.0
14,Katherine Jenkins,5,29.0,3,Mark Ballas,Singer/Rapper,,Wales,31,2nd Place,2,True,1,10,10,0,Gavin DeGraw,1,0,29.0
14,Maria Menounos,5,27.0,3,Derek Hough,TV Personality,Massachusetts,United States,33,Eliminated Week 9,4,True,1,9,10,0,Gavin DeGraw,1,0,27.0
14,Martina Navratilova,5,0.0,3,Tony Dovolani,Athlete,,Czechoslovakia,55,Eliminated Week 2,12,True,0,2,10,0,Gavin DeGraw,1,0,
14,Melissa Gilbert,5,21.0,3,Maksim Chmerkoskiy,Actor/Actress,California,United States,47,Eliminated Week 8,5,True,1,8,10,0,Gavin DeGraw,1,0,21.0
14,Roshon Fegan,5,26.0,3,Chelsie Hightower,Actor/Actress,California,United States,20,Eliminated Week 8,6,True,1,8,10,0,Gavin DeGraw,1,0,26.0
14,Sherri Sheperd,5,0.0,3,Valentin Chmerkovskiy,Actor/Actress,Illinois,United States,44,Eliminated Week 4,10,True,0,4,10,0,Gavin DeGraw,1,0,
14,William Levy,5,29.0,3,Cheryl Burke,Actor/Actress,,Cuba,31,3rd Place,3,True,1,10,10,0,Gavin DeGraw,1,0,29.0
14,Donald Driver,6,33.9999,3,Peta Murgatroyd,Athlete,Texas,United States,37,1st Place,1,True,1,10,10,0,Gladys Knight,1,0,33.9999
14,Gavin DeGraw,6,0.0,3,Karina Smirnoff,Singer/Rapper,New York,United States,35,Eliminated Week 5,9,True,0,5,10,0,Gladys Knight,1,0,
14,Gladys Knight,6,24.0,3,Tristan MacManus,Singer/Rapper,Georgia,United States,67,Eliminated Week 6,8,True,1,6,10,1,Gladys Knight,1,0,24.0
14,Jack Wagner,6,0.0,3,Anna Trebunskaya,Actor/Actress,Missouri,United States,52,Eliminated Week 3,11,True,0,3,10,0,Gladys Knight,1,0,
14,Jaleel White,6,36.9998,3,Kym Johnson,Actor/Actress,California,United States,35,Eliminated Week 7,7,True,1,7,10,0,Gladys Knight,1,0,36.9998
14,Katherine Jenkins,6,38.9999,3,Mark Ballas,Singer/Rapper,,Wales,31,2nd Place,2,True,1,10,10,0,Gladys Knight,1,0,38.9999
14,Maria Menounos,6,29.999899999999997,3,Derek Hough,TV Personality,Massachusetts,United States,33,Eliminated Week 9,4,True,1,9,10,0,Gladys Knight,1,0,29.999899999999997
14,Martina Navratilova,6,0.0,3,Tony Dovolani,Athlete,,Czechoslovakia,55,Eliminated Week 2,12,True,0,2,10,0,Gladys Knight,1,0,
14,Melissa Gilbert,6,30.0,3,Maksim Chmerkoskiy,Actor/Actress,California,United States,47,Eliminated Week 8,5,True,1,8,10,0,Gladys Knight,1,0,30.0
14,Roshon Fegan,6,27.9998,3,Chelsie Hightower,Actor/Actress,California,United States,20,Eliminated Week 8,6,True,1,8,10,0,Gladys Knight,1,0,27.9998
14,Sherri Sheperd,6,0.0,3,Valentin Chmerkovskiy,Actor/Actress,Illinois,United States,44,Eliminated Week 4,10,True,0,4,10,0,Gladys Knight,1,0,
14,William Levy,6,36.0,3,Cheryl Burke,Actor/Actress,,Cuba,31,3rd Place,3,True,1,10,10,0,Gladys Knight,1,0,36.0
14,Donald Driver,7,26.5,3,Peta Murgatroyd,Athlete,Texas,United States,37,1st Place,1,True,1,10,10,0,Jaleel White,1,0,26.5
14,Gavin DeGraw,7,0.0,3,Karina Smirnoff,Singer/Rapper,New York,United States,35,Eliminated Week 5,9,True,0,5,10,0,Jaleel White,1,0,
14,Gladys Knight,7,0.0,3,Tristan MacManus,Singer/Rapper,Georgia,United States,67,Eliminated Week 6,8,True,0,6,10,0,Jaleel White,1,0,
14,Jack Wagner,7,0.0,3,Anna Trebunskaya,Actor/Actress,Missouri,United States,52,Eliminated Week 3,11,True,0,3,10,0,Jaleel White,1,0,
14,Jaleel White,7,25.5,3,Kym Johnson,Actor/Actress,California,United States,35,Eliminated Week 7,7,True,1,7,10,1,Jaleel White,1,0,25.5
14,Katherine Jenkins,7,27.0,3,Mark Ballas,Singer/Rapper,,Wales,31,2nd Place,2,True,1,10,10,0,Jaleel White,1,0,27.0
14,Maria Menounos,7,28.5,3,Derek Hough,TV Personality,Massachusetts,United States,33,Eliminated Week 9,4,True,1,9,10,0,Jaleel White,1,0,28.5
14,Martina Navratilova,7,0.0,3,Tony Dovolani,Athlete,,Czechoslovakia,55,Eliminated Week 2,12,True,0,2,10,0,Jaleel White,1,0,
14,Melissa Gilbert,7,23.5,3,Maksim Chmerkoskiy,Actor/Actress,California,United States,47,Eliminated Week 8,5,True,1,8,10,0,Jaleel White,1,0,23.5
14,Roshon Fegan,7,26.0,3,Chelsie Hightower,Actor/Actress,California,United States,20,Eliminated Week 8,6,True,1,8,10,0,Jaleel White,1,0,26.0
14,Sherri Sheperd,7,0.0,3,Valentin Chmerkovskiy,Actor/Actress,Illinois,United States,44,Eliminated Week 4,10,True,0,4,10,0,Jaleel White,1,0,
14,William Levy,7,26.5,3,Cheryl Burke,Actor/Actress,,Cuba,31,3rd Place,3,True,1,10,10,0,Jaleel White,1,0,26.5
14,Donald Driver,8,27.5,3,Peta Murgatroyd,Athlete,Texas,United States,37,1st Place,1,True,1,10,10,0,Melissa Gilbert; Roshon Fegan,1,0,27.5
14,Gavin DeGraw,8,0.0,3,Karina Smirnoff,Singer/Rapper,New York,United States,35,Eliminated Week 5,9,True,0,5,10,0,Melissa Gilbert; Roshon Fegan,1,0,
14,Gladys Knight,8,0.0,3,Tristan MacManus,Singer/Rapper,Georgia,United States,67,Eliminated Week 6,8,True,0,6,10,0,Melissa Gilbert; Roshon Fegan,1,0,
14,Jack Wagner,8,0.0,3,Anna Trebunskaya,Actor/Actress,Missouri,United States,52,Eliminated Week 3,11,True,0,3,10,0,Melissa Gilbert; Roshon Fegan,1,0,
14,Jaleel White,8,0.0,3,Kym Johnson,Actor/Actress,California,United States,35,Eliminated Week 7,7,True,0,7,10,0,Melissa Gilbert; Roshon Fegan,1,0,
14,Katherine Jenkins,8,27.5,3,Mark Ballas,Singer/Rapper,,Wales,31,2nd Place,2,True,1,10,10,0,Melissa Gilbert; Roshon Fegan,1,0,27.5
14,Maria Menounos,8,26.5,3,Derek Hough,TV Personality,Massachusetts,United States,33,Eliminated Week 9,4,True,1,9,10,0,Melissa Gilbert; Roshon Fegan,1,0,26.5
14,Martina Navratilova,8,0.0,3,Tony Dovolani,Athlete,,Czechoslovakia,55,Eliminated Week 2,12,True,0,2,10,0,Melissa Gilbert; Roshon Fegan,1,0,
14,Melissa Gilbert,8,25.5,3,Maksim Chmerkoskiy,Actor/Actress,California,United States,47,Eliminated Week 8,5,True,1,8,10,1,Melissa Gilbert; Roshon Fegan,1,0,25.5
14,Roshon Fegan,8,28.0,3,Chelsie Hightower,Actor/Actress,California,United States,20,Eliminated Week 8,6,True,1,8,10,1,Melissa Gilbert; Roshon Fegan,1,0,28.0
14,Sherri Sheperd,8,0.0,3,Valentin Chmerkovskiy,Actor/Actress,Illinois,United States,44,Eliminated Week 4,10,True,0,4,10,0,Melissa Gilbert; Roshon Fegan,1,0,
14,William Levy,8,28.5,3,Cheryl Burke,Actor/Actress,,Cuba,31,3rd Place,3,True,1,10,10,0,Melissa Gilbert; Roshon Fegan,1,0,28.5
14,Donald Driver,9,28.5,3,Peta Murgatroyd,Athlete,Texas,United States,37,1st Place,1,True,1,10,10,0,Maria Menounos,1,0,28.5
14,Gavin DeGraw,9,0.0,3,Karina Smirnoff,Singer/Rapper,New York,United States,35,Eliminated Week 5,9,True,0,5,10,0,Maria Menounos,1,0,
14,Gladys Knight,9,0.0,3,Tristan MacManus,Singer/Rapper,Georgia,United States,67,Eliminated Week 6,8,True,0,6,10,0,Maria Menounos,1,0,
14,Jack Wagner,9,0.0,3,Anna Trebunskaya,Actor/Actress,Missouri,United States,52,Eliminated Week 3,11,True,0,3,10,0,Maria Menounos,1,0,
14,Jaleel White,9,0.0,3,Kym Johnson,Actor/Actress,California,United States,35,Eliminated Week 7,7,True,0,7,10,0,Maria Menounos,1,0,
14,Katherine Jenkins,9,28.0,3,Mark Ballas,Singer/Rapper,,Wales,31,2nd Place,2,True,1,10,10,0,Maria Menounos,1,0,28.0
14,Maria Menounos,9,29.5,3,Derek Hough,TV Personality,Massachusetts,United States,33,Eliminated Week 9,4,True,1,9,10,1,Maria Menounos,1,0,29.5
14,Martina Navratilova,9,0.0,3,Tony Dovolani,Athlete,,Czechoslovakia,55,Eliminated Week 2,12,True,0,2,10,0,Maria Menounos,1,0,
14,Melissa Gilbert,9,0.0,3,Maksim Chmerkoskiy,Actor/Actress,California,United States,47,Eliminated Week 8,5,True,0,8,10,0,Maria Menounos,1,0,
14,Roshon Fegan,9,0.0,3,Chelsie Hightower,Actor/Actress,California,United States,20,Eliminated Week 8,6,True,0,8,10,0,Maria Menounos,1,0,
14,Sherri Sheperd,9,0.0,3,Valentin Chmerkovskiy,Actor/Actress,Illinois,United States,44,Eliminated Week 4,10,True,0,4,10,0,Maria Menounos,1,0,
14,William Levy,9,29.0,3,Cheryl Burke,Actor/Actress,,Cuba,31,3rd Place,3,True,1,10,10,0,Maria Menounos,1,0,29.0
14,Donald Driver,10,29.666600000000003,3,Peta Murgatroyd,Athlete,Texas,United States,37,1st Place,1,True,1,10,10,0,,0,1,29.666600000000003
14,Gavin DeGraw,10,0.0,3,Karina Smirnoff,Singer/Rapper,New York,United States,35,Eliminated Week 5,9,True,0,5,10,0,,0,1,
14,Gladys Knight,10,0.0,3,Tristan MacManus,Singer/Rapper,Georgia,United States,67,Eliminated Week 6,8,True,0,6,10,0,,0,1,
14,Jack Wagner,10,0.0,3,Anna Trebunskaya,Actor/Actress,Missouri,United States,52,Eliminated Week 3,11,True,0,3,10,0,,0,1,
14,Jaleel White,10,0.0,3,Kym Johnson,Actor/Actress,California,United States,35,Eliminated Week 7,7,True,0,7,10,0,,0,1,
14,Katherine Jenkins,10,30.0,3,Mark Ballas,Singer/Rapper,,Wales,31,2nd Place,2,True,1,10,10,0,,0,1,30.0
14,Maria Menounos,10,0.0,3,Derek Hough,TV Personality,Massachusetts,United States,33,Eliminated Week 9,4,True,0,9,10,0,,0,1,
14,Martina Navratilova,10,0.0,3,Tony Dovolani,Athlete,,Czechoslovakia,55,Eliminated Week 2,12,True,0,2,10,0,,0,1,
14,Melissa Gilbert,10,0.0,3,Maksim Chmerkoskiy,Actor/Actress,California,United States,47,Eliminated Week 8,5,True,0,8,10,0,,0,1,
14,Roshon Fegan,10,0.0,3,Chelsie Hightower,Actor/Actress,California,United States,20,Eliminated Week 8,6,True,0,8,10,0,,0,1,
14,Sherri Sheperd,10,0.0,3,Valentin Chmerkovskiy,Actor/Actress,Illinois,United States,44,Eliminated Week 4,10,True,0,4,10,0,,0,1,
14,William Levy,10,29.666600000000003,3,Cheryl Burke,Actor/Actress,,Cuba,31,3rd Place,3,True,1,10,10,0,,0,1,29.666600000000003
14,Donald Driver,11,,0,Peta Murgatroyd,Athlete,Texas,United States,37,1st Place,1,False,0,10,10,0,,0,0,
14,Gavin DeGraw,11,,0,Karina Smirnoff,Singer/Rapper,New York,United States,35,Eliminated Week 5,9,False,0,5,10,0,,0,0,
14,Gladys Knight,11,,0,Tristan MacManus,Singer/Rapper,Georgia,United States,67,Eliminated Week 6,8,False,0,6,10,0,,0,0,
14,Jack Wagner,11,,0,Anna Trebunskaya,Actor/Actress,Missouri,United States,52,Eliminated Week 3,11,False,0,3,10,0,,0,0,
14,Jaleel White,11,,0,Kym Johnson,Actor/Actress,California,United States,35,Eliminated Week 7,7,False,0,7,10,0,,0,0,
14,Katherine Jenkins,11,,0,Mark Ballas,Singer/Rapper,,Wales,31,2nd Place,2,False,0,10,10,0,,0,0,
14,Maria Menounos,11,,0,Derek Hough,TV Personality,Massachusetts,United States,33,Eliminated Week 9,4,False,0,9,10,0,,0,0,
14,Martina Navratilova,11,,0,Tony Dovolani,Athlete,,Czechoslovakia,55,Eliminated Week 2,12,False,0,2,10,0,,0,0,
14,Melissa Gilbert,11,,0,Maksim Chmerkoskiy,Actor/Actress,California,United States,47,Eliminated Week 8,5,False,0,8,10,0,,0,0,
14,Roshon Fegan,11,,0,Chelsie Hightower,Actor/Actress,California,United States,20,Eliminated Week 8,6,False,0,8,10,0,,0,0,
14,Sherri Sheperd,11,,0,Valentin Chmerkovskiy,Actor/Actress,Illinois,United States,44,Eliminated Week 4,10,False,0,4,10,0,,0,0,
14,William Levy,11,,0,Cheryl Burke,Actor/Actress,,Cuba,31,3rd Place,3,False,0,10,10,0,,0,0,
15,Apolo Anton Ohno,1,22.0,3,Karina Smirnoff,Athlete,Washington,United States,30,Eliminated Week 9,5,True,1,9,10,0,Pamela Anderson,1,0,22.0
15,Bristol Palin,1,19.5,3,Mark Ballas,TV Personality,Alaska,United States,21,Eliminated Week 4,9,True,1,4,10,0,Pamela Anderson,1,0,19.5
15,Drew Lachey,1,21.5,3,Anna Trebunskaya,Singer/Rapper,Ohio,United States,36,Eliminated Week 3,11,True,1,3,10,0,Pamela Anderson,1,0,21.5
15,Emmitt Smith,1,24.5,3,Cheryl Burke,Athlete,Florida,United States,43,Eliminated Week 9,4,True,1,9,10,0,Pamela Anderson,1,0,24.5
15,Gilles Marini,1,24.0,3,Peta Murgatroyd,Actor/Actress,,France,36,Eliminated Week 8,6,True,1,8,10,0,Pamela Anderson,1,0,24.0
15,Helio Castroneves,1,21.5,3,Chelsie Hightower,Racing Driver,,Brazil,37,Eliminated Week 3,10,True,1,3,10,0,Pamela Anderson,1,0,21.5
15,Joey Fatone,1,20.5,3,Kym Johnson,Singer/Rapper,New York,United States,35,Eliminated Week 2,12,True,1,2,10,0,Pamela Anderson,1,0,20.5
15,Kelly Monaco,1,21.5,3,Valentin Chmerkovskiy,Actor/Actress,Pennsylvania,United States,36,3rd Place,3,True,1,10,10,0,Pamela Anderson,1,0,21.5
15,Kirstie Alley,1,19.0,3,Maksim Chmerkoskiy,Actor/Actress,Kansas,United States,61,Eliminated Week 8,7,True,1,8,10,0,Pamela Anderson,1,0,19.0
15,Melissa Rycroft,1,21.0,3,Tony Dovolani,TV Personality,Texas,United States,29,1st Place,1,True,1,10,10,0,Pamela Anderson,1,0,21.0
15,Pamela Anderson,1,17.0,3,Tristan MacManus,Model,,Canada,45,Eliminated Week 1,13,True,1,1,10,1,Pamela Anderson,1,0,17.0
15,Sabrina Bryan,1,22.5,3,Louis van Amstel,Actor/Actress,California,United States,28,Eliminated Week 6,8,True,1,6,10,0,Pamela Anderson,1,0,22.5
15,Shawn Johnson,1,22.0,3,Derek Hough,Athlete,Iowa,United States,20,2nd Place,2,True,1,10,10,0,Pamela Anderson,1,0,22.0
15,Apolo Anton Ohno,2,24.5,3,Karina Smirnoff,Athlete,Washington,United States,30,Eliminated Week 9,5,True,1,9,10,0,Joey Fatone,1,0,24.5
15,Bristol Palin,2,18.0,3,Mark Ballas,TV Personality,Alaska,United States,21,Eliminated Week 4,9,True,1,4,10,0,Joey Fatone,1,0,18.0
15,Drew Lachey,2,22.5,3,Anna Trebunskaya,Singer/Rapper,Ohio,United States,36,Eliminated Week 3,11,True,1,3,10,0,Joey Fatone,1,0,22.5
15,Emmitt Smith,2,22.5,3,Cheryl Burke,Athlete,Florida,United States,43,Eliminated Week 9,4,True,1,9,10,0,Joey Fatone,1,0,22.5
15,Gilles Marini,2,25.5,3,Peta Murgatroyd,Actor/Actress,,France,36,Eliminated Week 8,6,True,1,8,10,0,Joey Fatone,1,0,25.5
15,Helio Castroneves,2,23.0,3,Chelsie Hightower,Racing Driver,,Brazil,37,Eliminated Week 3,10,True,1,3,10,0,Joey Fatone,1,0,23.0
15,Joey Fatone,2,22.5,3,Kym Johnson,Singer/Rapper,New York,United States,35,Eliminated Week 2,12,True,1,2,10,1,Joey Fatone,1,0,22.5
15,Kelly Monaco,2,22.0,3,Valentin Chmerkovskiy,Actor/Actress,Pennsylvania,United States,36,3rd Place,3,True,1,10,10,0,Joey Fatone,1,0,22.0
15,Kirstie Alley,2,21.0,3,Maksim Chmerkoskiy,Actor/Actress,Kansas,United States,61,Eliminated Week 8,7,True,1,8,10,0,Joey Fatone,1,0,21.0
15,Melissa Rycroft,2,23.5,3,Tony Dovolani,TV Personality,Texas,United States,29,1st Place,1,True,1,10,10,0,Joey Fatone,1,0,23.5
15,Pamela Anderson,2,0.0,3,Tristan MacManus,Model,,Canada,45,Eliminated Week 1,13,True,0,1,10,0,Joey Fatone,1,0,
15,Sabrina Bryan,2,26.0,3,Louis van Amstel,Actor/Actress,California,United States,28,Eliminated Week 6,8,True,1,6,10,0,Joey Fatone,1,0,26.0
15,Shawn Johnson,2,25.0,3,Derek Hough,Athlete,Iowa,United States,20,2nd Place,2,True,1,10,10,0,Joey Fatone,1,0,25.0
15,Apolo Anton Ohno,3,25.5,3,Karina Smirnoff,Athlete,Washington,United States,30,Eliminated Week 9,5,True,1,9,10,0,Drew Lachey; Helio Castroneves,1,0,25.5
15,Bristol Palin,3,22.5,3,Mark Ballas,TV Personality,Alaska,United States,21,Eliminated Week 4,9,True,1,4,10,0,Drew Lachey; Helio Castroneves,1,0,22.5
15,Drew Lachey,3,24.0,3,Anna Trebunskaya,Singer/Rapper,Ohio,United States,36,Eliminated Week 3,11,True,1,3,10,1,Drew Lachey; Helio Castroneves,1,0,24.0
15,Emmitt Smith,3,25.0,3,Cheryl Burke,Athlete,Florida,United States,43,Eliminated Week 9,4,True,1,9,10,0,Drew Lachey; Helio Castroneves,1,0,25.0
15,Gilles Marini,3,25.5,3,Peta Murgatroyd,Actor/Actress,,France,36,Eliminated Week 8,6,True,1,8,10,0,Drew Lachey; Helio Castroneves,1,0,25.5
15,Helio Castroneves,3,25.5,3,Chelsie Hightower,Racing Driver,,Brazil,37,Eliminated Week 3,10,True,1,3,10,1,Drew Lachey; Helio Castroneves,1,0,25.5
15,Joey Fatone,3,0.0,3,Kym Johnson,Singer/Rapper,New York,United States,35,Eliminated Week 2,12,True,0,2,10,0,Drew Lachey; Helio Castroneves,1,0,
15,Kelly Monaco,3,27.0,3,Valentin Chmerkovskiy,Actor/Actress,Pennsylvania,United States,36,3rd Place,3,True,1,10,10,0,Drew Lachey; Helio Castroneves,1,0,27.0
15,Kirstie Alley,3,24.0,3,Maksim Chmerkoskiy,Actor/Actress,Kansas,United States,61,Eliminated Week 8,7,True,1,8,10,0,Drew Lachey; Helio Castroneves,1,0,24.0
15,Melissa Rycroft,3,27.0,3,Tony Dovolani,TV Personality,Texas,United States,29,1st Place,1,True,1,10,10,0,Drew Lachey; Helio Castroneves,1,0,27.0
15,Pamela Anderson,3,0.0,3,Tristan MacManus,Model,,Canada,45,Eliminated Week 1,13,True,0,1,10,0,Drew Lachey; Helio Castroneves,1,0,
15,Sabrina Bryan,3,25.5,3,Louis van Amstel,Actor/Actress,California,United States,28,Eliminated Week 6,8,True,1,6,10,0,Drew Lachey; Helio Castroneves,1,0,25.5
15,Shawn Johnson,3,26.5,3,Derek Hough,Athlete,Iowa,United States,20,2nd Place,2,True,1,10,10,0,Drew Lachey; Helio Castroneves,1,0,26.5
15,Apolo Anton Ohno,4,34.5,4,Karina Smirnoff,Athlete,Washington,United States,30,Eliminated Week 9,5,True,1,9,10,0,Bristol Palin,1,0,34.5
15,Bristol Palin,4,32.0,4,Mark Ballas,TV Personality,Alaska,United States,21,Eliminated Week 4,9,True,1,4,10,1,Bristol Palin,1,0,32.0
15,Drew Lachey,4,0.0,4,Anna Trebunskaya,Singer/Rapper,Ohio,United States,36,Eliminated Week 3,11,True,0,3,10,0,Bristol Palin,1,0,
15,Emmitt Smith,4,36.0,4,Cheryl Burke,Athlete,Florida,United States,43,Eliminated Week 9,4,True,1,9,10,0,Bristol Palin,1,0,36.0
15,Gilles Marini,4,39.5,4,Peta Murgatroyd,Actor/Actress,,France,36,Eliminated Week 8,6,True,1,8,10,0,Bristol Palin,1,0,39.5
15,Helio Castroneves,4,0.0,4,Chelsie Hightower,Racing Driver,,Brazil,37,Eliminated Week 3,10,True,0,3,10,0,Bristol Palin,1,0,
15,Joey Fatone,4,0.0,4,Kym Johnson,Singer/Rapper,New York,United States,35,Eliminated Week 2,12,True,0,2,10,0,Bristol Palin,1,0,
15,Kelly Monaco,4,37.5,4,Valentin Chmerkovskiy,Actor/Actress,Pennsylvania,United States,36,3rd Place,3,True,1,10,10,0,Bristol Palin,1,0,37.5
15,Kirstie Alley,4,30.0,4,Maksim Chmerkoskiy,Actor/Actress,Kansas,United States,61,Eliminated Week 8,7,True,1,8,10,0,Bristol Palin,1,0,30.0
15,Melissa Rycroft,4,37.0,4,Tony Dovolani,TV Personality,Texas,United States,29,1st Place,1,True,1,10,10,0,Bristol Palin,1,0,37.0
15,Pamela Anderson,4,0.0,4,Tristan MacManus,Model,,Canada,45,Eliminated Week 1,13,True,0,1,10,0,Bristol Palin,1,0,
15,Sabrina Bryan,4,35.5,4,Louis van Amstel,Actor/Actress,California,United States,28,Eliminated Week 6,8,True,1,6,10,0,Bristol Palin,1,0,35.5
15,Shawn Johnson,4,39.5,4,Derek Hough,Athlete,Iowa,United States,20,2nd Place,2,True,1,10,10,0,Bristol Palin,1,0,39.5
15,Apolo Anton Ohno,5,28.25,3,Karina Smirnoff,Athlete,Washington,United States,30,Eliminated Week 9,5,True,1,9,10,0,,0,1,28.25
15,Bristol Palin,5,0.0,3,Mark Ballas,TV Personality,Alaska,United States,21,Eliminated Week 4,9,True,0,4,10,0,,0,1,
15,Drew Lachey,5,0.0,3,Anna Trebunskaya,Singer/Rapper,Ohio,United States,36,Eliminated Week 3,11,True,0,3,10,0,,0,1,
15,Emmitt Smith,5,28.0,3,Cheryl Burke,Athlete,Florida,United States,43,Eliminated Week 9,4,True,1,9,10,0,,0,1,28.0
15,Gilles Marini,5,28.25,3,Peta Murgatroyd,Actor/Actress,,France,36,Eliminated Week 8,6,True,1,8,10,0,,0,1,28.25
15,Helio Castroneves,5,0.0,3,Chelsie Hightower,Racing Driver,,Brazil,37,Eliminated Week 3,10,True,0,3,10,0,,0,1,
15,Joey Fatone,5,0.0,3,Kym Johnson,Singer/Rapper,New York,United States,35,Eliminated Week 2,12,True,0,2,10,0,,0,1,
15,Kelly Monaco,5,25.75,3,Valentin Chmerkovskiy,Actor/Actress,Pennsylvania,United States,36,3rd Place,3,True,1,10,10,0,,0,1,25.75
15,Kirstie Alley,5,26.25,3,Maksim Chmerkoskiy,Actor/Actress,Kansas,United States,61,Eliminated Week 8,7,True,1,8,10,0,,0,1,26.25
15,Melissa Rycroft,5,28.25,3,Tony Dovolani,TV Personality,Texas,United States,29,1st Place,1,True,1,10,10,0,,0,1,28.25
15,Pamela Anderson,5,0.0,3,Tristan MacManus,Model,,Canada,45,Eliminated Week 1,13,True,0,1,10,0,,0,1,
15,Sabrina Bryan,5,29.25,3,Louis van Amstel,Actor/Actress,California,United States,28,Eliminated Week 6,8,True,1,6,10,0,,0,1,29.25
15,Shawn Johnson,5,28.25,3,Derek Hough,Athlete,Iowa,United States,20,2nd Place,2,True,1,10,10,0,,0,1,28.25
15,Apolo Anton Ohno,6,30.0,3,Karina Smirnoff,Athlete,Washington,United States,30,Eliminated Week 9,5,True,1,9,10,0,Sabrina Bryan,1,0,30.0
15,Bristol Palin,6,0.0,3,Mark Ballas,TV Personality,Alaska,United States,21,Eliminated Week 4,9,True,0,4,10,0,Sabrina Bryan,1,0,
15,Drew Lachey,6,0.0,3,Anna Trebunskaya,Singer/Rapper,Ohio,United States,36,Eliminated Week 3,11,True,0,3,10,0,Sabrina Bryan,1,0,
15,Emmitt Smith,6,26.5,3,Cheryl Burke,Athlete,Florida,United States,43,Eliminated Week 9,4,True,1,9,10,0,Sabrina Bryan,1,0,26.5
15,Gilles Marini,6,27.5,3,Peta Murgatroyd,Actor/Actress,,France,36,Eliminated Week 8,6,True,1,8,10,0,Sabrina Bryan,1,0,27.5
15,Helio Castroneves,6,0.0,3,Chelsie Hightower,Racing Driver,,Brazil,37,Eliminated Week 3,10,True,0,3,10,0,Sabrina Bryan,1,0,
15,Joey Fatone,6,0.0,3,Kym Johnson,Singer/Rapper,New York,United States,35,Eliminated Week 2,12,True,0,2,10,0,Sabrina Bryan,1,0,
15,Kelly Monaco,6,27.0,3,Valentin Chmerkovskiy,Actor/Actress,Pennsylvania,United States,36,3rd Place,3,True,1,10,10,0,Sabrina Bryan,1,0,27.0
15,Kirstie Alley,6,27.5,3,Maksim Chmerkoskiy,Actor/Actress,Kansas,United States,61,Eliminated Week 8,7,True,1,8,10,0,Sabrina Bryan,1,0,27.5
15,Melissa Rycroft,6,29.5,3,Tony Dovolani,TV Personality,Texas,United States,29,1st Place,1,True,1,10,10,0,Sabrina Bryan,1,0,29.5
15,Pamela Anderson,6,0.0,3,Tristan MacManus,Model,,Canada,45,Eliminated Week 1,13,True,0,1,10,0,Sabrina Bryan,1,0,
15,Sabrina Bryan,6,30.0,3,Louis van Amstel,Actor/Actress,California,United States,28,Eliminated Week 6,8,True,1,6,10,1,Sabrina Bryan,1,0,30.0
15,Shawn Johnson,6,28.0,3,Derek Hough,Athlete,Iowa,United States,20,2nd Place,2,True,1,10,10,0,Sabrina Bryan,1,0,28.0
15,Apolo Anton Ohno,7,33.0,3,Karina Smirnoff,Athlete,Washington,United States,30,Eliminated Week 9,5,True,1,9,10,0,,0,1,33.0
15,Bristol Palin,7,0.0,3,Mark Ballas,TV Personality,Alaska,United States,21,Eliminated Week 4,9,True,0,4,10,0,,0,1,
15,Drew Lachey,7,0.0,3,Anna Trebunskaya,Singer/Rapper,Ohio,United States,36,Eliminated Week 3,11,True,0,3,10,0,,0,1,
15,Emmitt Smith,7,34.4999,3,Cheryl Burke,Athlete,Florida,United States,43,Eliminated Week 9,4,True,1,9,10,0,,0,1,34.4999
15,Gilles Marini,7,33.4998,3,Peta Murgatroyd,Actor/Actress,,France,36,Eliminated Week 8,6,True,1,8,10,0,,0,1,33.4998
15,Helio Castroneves,7,0.0,3,Chelsie Hightower,Racing Driver,,Brazil,37,Eliminated Week 3,10,True,0,3,10,0,,0,1,
15,Joey Fatone,7,0.0,3,Kym Johnson,Singer/Rapper,New York,United States,35,Eliminated Week 2,12,True,0,2,10,0,,0,1,
15,Kelly Monaco,7,36.0,3,Valentin Chmerkovskiy,Actor/Actress,Pennsylvania,United States,36,3rd Place,3,True,1,10,10,0,,0,1,36.0
15,Kirstie Alley,7,27.999899999999997,3,Maksim Chmerkoskiy,Actor/Actress,Kansas,United States,61,Eliminated Week 8,7,True,1,8,10,0,,0,1,27.999899999999997
15,Melissa Rycroft,7,38.9999,3,Tony Dovolani,TV Personality,Texas,United States,29,1st Place,1,True,1,10,10,0,,0,1,38.9999
15,Pamela Anderson,7,0.0,3,Tristan MacManus,Model,,Canada,45,Eliminated Week 1,13,True,0,1,10,0,,0,1,
15,Sabrina Bryan,7,0.0,3,Louis van Amstel,Actor/Actress,California,United States,28,Eliminated Week 6,8,True,0,6,10,0,,0,1,
15,Shawn Johnson,7,37.9998,3,Derek Hough,Athlete,Iowa,United States,20,2nd Place,2,True,1,10,10,0,,0,1,37.9998
15,Apolo Anton Ohno,8,29.2777,3,Karina Smirnoff,Athlete,Washington,United States,30,Eliminated Week 9,5,True,1,9,10,0,Gilles Marini; Kirstie Alley,1,0,29.2777
15,Bristol Palin,8,0.0,3,Mark Ballas,TV Personality,Alaska,United States,21,Eliminated Week 4,9,True,0,4,10,0,Gilles Marini; Kirstie Alley,1,0,
15,Drew Lachey,8,0.0,3,Anna Trebunskaya,Singer/Rapper,Ohio,United States,36,Eliminated Week 3,11,True,0,3,10,0,Gilles Marini; Kirstie Alley,1,0,
15,Emmitt Smith,8,29.0554,3,Cheryl Burke,Athlete,Florida,United States,43,Eliminated Week 9,4,True,1,9,10,0,Gilles Marini; Kirstie Alley,1,0,29.0554
15,Gilles Marini,8,29.2777,3,Peta Murgatroyd,Actor/Actress,,France,36,Eliminated Week 8,6,True,1,8,10,1,Gilles Marini; Kirstie Alley,1,0,29.2777
15,Helio Castroneves,8,0.0,3,Chelsie Hightower,Racing Driver,,Brazil,37,Eliminated Week 3,10,True,0,3,10,0,Gilles Marini; Kirstie Alley,1,0,
15,Joey Fatone,8,0.0,3,Kym Johnson,Singer/Rapper,New York,United States,35,Eliminated Week 2,12,True,0,2,10,0,Gilles Marini; Kirstie Alley,1,0,
15,Kelly Monaco,8,28.3333,3,Valentin Chmerkovskiy,Actor/Actress,Pennsylvania,United States,36,3rd Place,3,True,1,10,10,0,Gilles Marini; Kirstie Alley,1,0,28.3333
15,Kirstie Alley,8,25.5,3,Maksim Chmerkoskiy,Actor/Actress,Kansas,United States,61,Eliminated Week 8,7,True,1,8,10,1,Gilles Marini; Kirstie Alley,1,0,25.5
15,Melissa Rycroft,8,30.0,3,Tony Dovolani,TV Personality,Texas,United States,29,1st Place,1,True,1,10,10,0,Gilles Marini; Kirstie Alley,1,0,30.0
15,Pamela Anderson,8,0.0,3,Tristan MacManus,Model,,Canada,45,Eliminated Week 1,13,True,0,1,10,0,Gilles Marini; Kirstie Alley,1,0,
15,Sabrina Bryan,8,0.0,3,Louis van Amstel,Actor/Actress,California,United States,28,Eliminated Week 6,8,True,0,6,10,0,Gilles Marini; Kirstie Alley,1,0,
15,Shawn Johnson,8,27.8333,3,Derek Hough,Athlete,Iowa,United States,20,2nd Place,2,True,1,10,10,0,Gilles Marini; Kirstie Alley,1,0,27.8333
15,Apolo Anton Ohno,9,28.611,3,Karina Smirnoff,Athlete,Washington,United States,30,Eliminated Week 9,5,True,1,9,10,1,Apolo Anton Ohno; Emmitt Smith,1,0,28.611
15,Bristol Palin,9,0.0,3,Mark Ballas,TV Personality,Alaska,United States,21,Eliminated Week 4,9,True,0,4,10,0,Apolo Anton Ohno; Emmitt Smith,1,0,
15,Drew Lachey,9,0.0,3,Anna Trebunskaya,Singer/Rapper,Ohio,United States,36,Eliminated Week 3,11,True,0,3,10,0,Apolo Anton Ohno; Emmitt Smith,1,0,
15,Emmitt Smith,9,27.0,3,Cheryl Burke,Athlete,Florida,United States,43,Eliminated Week 9,4,True,1,9,10,1,Apolo Anton Ohno; Emmitt Smith,1,0,27.0
15,Gilles Marini,9,0.0,3,Peta Murgatroyd,Actor/Actress,,France,36,Eliminated Week 8,6,True,0,8,10,0,Apolo Anton Ohno; Emmitt Smith,1,0,
15,Helio Castroneves,9,0.0,3,Chelsie Hightower,Racing Driver,,Brazil,37,Eliminated Week 3,10,True,0,3,10,0,Apolo Anton Ohno; Emmitt Smith,1,0,
15,Joey Fatone,9,0.0,3,Kym Johnson,Singer/Rapper,New York,United States,35,Eliminated Week 2,12,True,0,2,10,0,Apolo Anton Ohno; Emmitt Smith,1,0,
15,Kelly Monaco,9,27.110999999999997,3,Valentin Chmerkovskiy,Actor/Actress,Pennsylvania,United States,36,3rd Place,3,True,1,10,10,0,Apolo Anton Ohno; Emmitt Smith,1,0,27.110999999999997
15,Kirstie Alley,9,0.0,3,Maksim Chmerkoskiy,Actor/Actress,Kansas,United States,61,Eliminated Week 8,7,True,0,8,10,0,Apolo Anton Ohno; Emmitt Smith,1,0,
15,Melissa Rycroft,9,28.7777,3,Tony Dovolani,TV Personality,Texas,United States,29,1st Place,1,True,1,10,10,0,Apolo Anton Ohno; Emmitt Smith,1,0,28.7777
15,Pamela Anderson,9,0.0,3,Tristan MacManus,Model,,Canada,45,Eliminated Week 1,13,True,0,1,10,0,Apolo Anton Ohno; Emmitt Smith,1,0,
15,Sabrina Bryan,9,0.0,3,Louis van Amstel,Actor/Actress,California,United States,28,Eliminated Week 6,8,True,0,6,10,0,Apolo Anton Ohno; Emmitt Smith,1,0,
15,Shawn Johnson,9,29.5,3,Derek Hough,Athlete,Iowa,United States,20,2nd Place,2,True,1,10,10,0,Apolo Anton Ohno; Emmitt Smith,1,0,29.5
15,Apolo Anton Ohno,10,0.0,3,Karina Smirnoff,Athlete,Washington,United States,30,Eliminated Week 9,5,True,0,9,10,0,,0,1,
15,Bristol Palin,10,0.0,3,Mark Ballas,TV Personality,Alaska,United States,21,Eliminated Week 4,9,True,0,4,10,0,,0,1,
15,Drew Lachey,10,0.0,3,Anna Trebunskaya,Singer/Rapper,Ohio,United States,36,Eliminated Week 3,11,True,0,3,10,0,,0,1,
15,Emmitt Smith,10,0.0,3,Cheryl Burke,Athlete,Florida,United States,43,Eliminated Week 9,4,True,0,9,10,0,,0,1,
15,Gilles Marini,10,0.0,3,Peta Murgatroyd,Actor/Actress,,France,36,Eliminated Week 8,6,True,0,8,10,0,,0,1,
15,Helio Castroneves,10,0.0,3,Chelsie Hightower,Racing Driver,,Brazil,37,Eliminated Week 3,10,True,0,3,10,0,,0,1,
15,Joey Fatone,10,0.0,3,Kym Johnson,Singer/Rapper,New York,United States,35,Eliminated Week 2,12,True,0,2,10,0,,0,1,
15,Kelly Monaco,10,29.1109,3,Valentin Chmerkovskiy,Actor/Actress,Pennsylvania,United States,36,3rd Place,3,True,1,10,10,0,,0,1,29.1109
15,Kirstie Alley,10,0.0,3,Maksim Chmerkoskiy,Actor/Actress,Kansas,United States,61,Eliminated Week 8,7,True,0,8,10,0,,0,1,
15,Melissa Rycroft,10,29.333099999999998,3,Tony Dovolani,TV Personality,Texas,United States,29,1st Place,1,True,1,10,10,0,,0,1,29.333099999999998
15,Pamela Anderson,10,0.0,3,Tristan MacManus,Model,,Canada,45,Eliminated Week 1,13,True,0,1,10,0,,0,1,
15,Sabrina Bryan,10,0.0,3,Louis van Amstel,Actor/Actress,California,United States,28,Eliminated Week 6,8,True,0,6,10,0,,0,1,
15,Shawn Johnson,10,28.944300000000002,3,Derek Hough,Athlete,Iowa,United States,20,2nd Place,2,True,1,10,10,0,,0,1,28.944300000000002
15,Apolo Anton Ohno,11,,0,Karina Smirnoff,Athlete,Washington,United States,30,Eliminated Week 9,5,False,0,9,10,0,,0,0,
15,Bristol Palin,11,,0,Mark Ballas,TV Personality,Alaska,United States,21,Eliminated Week 4,9,False,0,4,10,0,,0,0,
15,Drew Lachey,11,,0,Anna Trebunskaya,Singer/Rapper,Ohio,United States,36,Eliminated Week 3,11,False,0,3,10,0,,0,0,
15,Emmitt Smith,11,,0,Cheryl Burke,Athlete,Florida,United States,43,Eliminated Week 9,4,False,0,9,10,0,,0,0,
15,Gilles Marini,11,,0,Peta Murgatroyd,Actor/Actress,,France,36,Eliminated Week 8,6,False,0,8,10,0,,0,0,
15,Helio Castroneves,11,,0,Chelsie Hightower,Racing Driver,,Brazil,37,Eliminated Week 3,10,False,0,3,10,0,,0,0,
15,Joey Fatone,11,,0,Kym Johnson,Singer/Rapper,New York,United States,35,Eliminated Week 2,12,False,0,2,10,0,,0,0,
15,Kelly Monaco,11,,0,Valentin Chmerkovskiy,Actor/Actress,Pennsylvania,United States,36,3rd Place,3,False,0,10,10,0,,0,0,
15,Kirstie Alley,11,,0,Maksim Chmerkoskiy,Actor/Actress,Kansas,United States,61,Eliminated Week 8,7,False,0,8,10,0,,0,0,
15,Melissa Rycroft,11,,0,Tony Dovolani,TV Personality,Texas,United States,29,1st Place,1,False,0,10,10,0,,0,0,
15,Pamela Anderson,11,,0,Tristan MacManus,Model,,Canada,45,Eliminated Week 1,13,False,0,1,10,0,,0,0,
15,Sabrina Bryan,11,,0,Louis van Amstel,Actor/Actress,California,United States,28,Eliminated Week 6,8,False,0,6,10,0,,0,0,
15,Shawn Johnson,11,,0,Derek Hough,Athlete,Iowa,United States,20,2nd Place,2,False,0,10,10,0,,0,0,
16,Alexandra Raisman,1,21.0,3,Mark Ballas,Athlete,Massachusetts,United States,18,Eliminated Week 10,4,True,1,10,10,0,,0,1,21.0
16,Andy Dick,1,17.0,3,Sharna Burgess,Comedian,South Carolina,United States,47,Eliminated Week 7,7,True,1,7,10,0,,0,1,17.0
16,D. L. Hughley,1,12.0,3,Cheryl Burke,Comedian,Virginia,United States,50,Eliminated Week 5,9,True,1,5,10,0,,0,1,12.0
16,Dorothy Hamill,1,21.0,3,Tristan MacManus,Athlete,Illinois,United States,56,Withdrew,12,True,1,2,10,0,,0,1,21.0
16,Ingo Rademacher,1,20.0,3,Kym Johnson,Actor/Actress,,Germany,41,Eliminated Week 9,5,True,1,9,10,0,,0,1,20.0
16,Jacoby Jones,1,20.0,3,Karina Smirnoff,Athlete,Louisiana,United States,28,3rd Place,3,True,1,10,10,0,,0,1,20.0
16,Kellie Pickler,1,21.0,3,Derek Hough,Singer/Rapper,North Carolina,United States,26,1st Place,1,True,1,10,10,0,,0,1,21.0
16,Lisa Vanderpump,1,18.0,3,Gleb Savchenko,TV Personality,,England,52,Eliminated Week 4,10,True,1,4,10,0,,0,1,18.0
16,Sean Lowe,1,19.0,3,Peta Murgatroyd,TV Personality,Texas,United States,29,Eliminated Week 8,6,True,1,8,10,0,,0,1,19.0
16,Victor Ortiz,1,18.0,3,Lindsay Arnold,Athlete,Kansas,United States,26,Eliminated Week 6,8,True,1,6,10,0,,0,1,18.0
16,Wynonna Judd,1,18.0,3,Tony Dovolani,Singer/Rapper,Kentucky,United States,48,Eliminated Week 3,11,True,1,3,10,0,,0,1,18.0
16,Zendaya,1,24.0,3,Valentin Chmerkovskiy,Actor/Actress,California,United States,16,2nd Place,2,True,1,10,10,0,,0,1,24.0
16,Alexandra Raisman,2,24.0,3,Mark Ballas,Athlete,Massachusetts,United States,18,Eliminated Week 10,4,True,1,10,10,0,Dorothy Hamill,1,0,24.0
16,Andy Dick,2,20.0,3,Sharna Burgess,Comedian,South Carolina,United States,47,Eliminated Week 7,7,True,1,7,10,0,Dorothy Hamill,1,0,20.0
16,D. L. Hughley,2,16.0,3,Cheryl Burke,Comedian,Virginia,United States,50,Eliminated Week 5,9,True,1,5,10,0,Dorothy Hamill,1,0,16.0
16,Dorothy Hamill,2,15.0,3,Tristan MacManus,Athlete,Illinois,United States,56,Withdrew,12,True,1,2,10,1,Dorothy Hamill,1,0,15.0
16,Ingo Rademacher,2,20.0,3,Kym Johnson,Actor/Actress,,Germany,41,Eliminated Week 9,5,True,1,9,10,0,Dorothy Hamill,1,0,20.0
16,Jacoby Jones,2,23.0,3,Karina Smirnoff,Athlete,Louisiana,United States,28,3rd Place,3,True,1,10,10,0,Dorothy Hamill,1,0,23.0
16,Kellie Pickler,2,26.0,3,Derek Hough,Singer/Rapper,North Carolina,United States,26,1st Place,1,True,1,10,10,0,Dorothy Hamill,1,0,26.0
16,Lisa Vanderpump,2,18.0,3,Gleb Savchenko,TV Personality,,England,52,Eliminated Week 4,10,True,1,4,10,0,Dorothy Hamill,1,0,18.0
16,Sean Lowe,2,20.0,3,Peta Murgatroyd,TV Personality,Texas,United States,29,Eliminated Week 8,6,True,1,8,10,0,Dorothy Hamill,1,0,20.0
16,Victor Ortiz,2,18.0,3,Lindsay Arnold,Athlete,Kansas,United States,26,Eliminated Week 6,8,True,1,6,10,0,Dorothy Hamill,1,0,18.0
16,Wynonna Judd,2,18.0,3,Tony Dovolani,Singer/Rapper,Kentucky,United States,48,Eliminated Week 3,11,True,1,3,10,0,Dorothy Hamill,1,0,18.0
16,Zendaya,2,26.0,3,Valentin Chmerkovskiy,Actor/Actress,California,United States,16,2nd Place,2,True,1,10,10,0,Dorothy Hamill,1,0,26.0
16,Alexandra Raisman,3,23.0,3,Mark Ballas,Athlete,Massachusetts,United States,18,Eliminated Week 10,4,True,1,10,10,0,Wynonna Judd,1,0,23.0
16,Andy Dick,3,18.0,3,Sharna Burgess,Comedian,South Carolina,United States,47,Eliminated Week 7,7,True,1,7,10,0,Wynonna Judd,1,0,18.0
16,D. L. Hughley,3,16.0,3,Cheryl Burke,Comedian,Virginia,United States,50,Eliminated Week 5,9,True,1,5,10,0,Wynonna Judd,1,0,16.0
16,Dorothy Hamill,3,0.0,3,Tristan MacManus,Athlete,Illinois,United States,56,Withdrew,12,True,0,2,10,0,Wynonna Judd,1,0,
16,Ingo Rademacher,3,21.0,3,Kym Johnson,Actor/Actress,,Germany,41,Eliminated Week 9,5,True,1,9,10,0,Wynonna Judd,1,0,21.0
16,Jacoby Jones,3,25.9998,3,Karina Smirnoff,Athlete,Louisiana,United States,28,3rd Place,3,True,1,10,10,0,Wynonna Judd,1,0,25.9998
16,Kellie Pickler,3,25.0,3,Derek Hough,Singer/Rapper,North Carolina,United States,26,1st Place,1,True,1,10,10,0,Wynonna Judd,1,0,25.0
16,Lisa Vanderpump,3,21.0,3,Gleb Savchenko,TV Personality,,England,52,Eliminated Week 4,10,True,1,4,10,0,Wynonna Judd,1,0,21.0
16,Sean Lowe,3,21.0,3,Peta Murgatroyd,TV Personality,Texas,United States,29,Eliminated Week 8,6,True,1,8,10,0,Wynonna Judd,1,0,21.0
16,Victor Ortiz,3,23.0,3,Lindsay Arnold,Athlete,Kansas,United States,26,Eliminated Week 6,8,True,1,6,10,0,Wynonna Judd,1,0,23.0
16,Wynonna Judd,3,15.0,3,Tony Dovolani,Singer/Rapper,Kentucky,United States,48,Eliminated Week 3,11,True,1,3,10,1,Wynonna Judd,1,0,15.0
16,Zendaya,3,25.9998,3,Valentin Chmerkovskiy,Actor/Actress,California,United States,16,2nd Place,2,True,1,10,10,0,Wynonna Judd,1,0,25.9998
16,Alexandra Raisman,4,27.0,3,Mark Ballas,Athlete,Massachusetts,United States,18,Eliminated Week 10,4,True,1,10,10,0,Lisa Vanderpump,1,0,27.0
16,Andy Dick,4,21.0,3,Sharna Burgess,Comedian,South Carolina,United States,47,Eliminated Week 7,7,True,1,7,10,0,Lisa Vanderpump,1,0,21.0
16,D. L. Hughley,4,21.0,3,Cheryl Burke,Comedian,Virginia,United States,50,Eliminated Week 5,9,True,1,5,10,0,Lisa Vanderpump,1,0,21.0
16,Dorothy Hamill,4,0.0,3,Tristan MacManus,Athlete,Illinois,United States,56,Withdrew,12,True,0,2,10,0,Lisa Vanderpump,1,0,
16,Ingo Rademacher,4,23.0,3,Kym Johnson,Actor/Actress,,Germany,41,Eliminated Week 9,5,True,1,9,10,0,Lisa Vanderpump,1,0,23.0
16,Jacoby Jones,4,24.0,3,Karina Smirnoff,Athlete,Louisiana,United States,28,3rd Place,3,True,1,10,10,0,Lisa Vanderpump,1,0,24.0
16,Kellie Pickler,4,26.0,3,Derek Hough,Singer/Rapper,North Carolina,United States,26,1st Place,1,True,1,10,10,0,Lisa Vanderpump,1,0,26.0
16,Lisa Vanderpump,4,18.0,3,Gleb Savchenko,TV Personality,,England,52,Eliminated Week 4,10,True,1,4,10,1,Lisa Vanderpump,1,0,18.0
16,Sean Lowe,4,20.0,3,Peta Murgatroyd,TV Personality,Texas,United States,29,Eliminated Week 8,6,True,1,8,10,0,Lisa Vanderpump,1,0,20.0
16,Victor Ortiz,4,18.0,3,Lindsay Arnold,Athlete,Kansas,United States,26,Eliminated Week 6,8,True,1,6,10,0,Lisa Vanderpump,1,0,18.0
16,Wynonna Judd,4,0.0,3,Tony Dovolani,Singer/Rapper,Kentucky,United States,48,Eliminated Week 3,11,True,0,3,10,0,Lisa Vanderpump,1,0,
16,Zendaya,4,26.0,3,Valentin Chmerkovskiy,Actor/Actress,California,United States,16,2nd Place,2,True,1,10,10,0,Lisa Vanderpump,1,0,26.0
16,Alexandra Raisman,5,25.0,3,Mark Ballas,Athlete,Massachusetts,United States,18,Eliminated Week 10,4,True,1,10,10,0,D. L. Hughley,1,0,25.0
16,Andy Dick,5,18.0,3,Sharna Burgess,Comedian,South Carolina,United States,47,Eliminated Week 7,7,True,1,7,10,0,D. L. Hughley,1,0,18.0
16,D. L. Hughley,5,18.0,3,Cheryl Burke,Comedian,Virginia,United States,50,Eliminated Week 5,9,True,1,5,10,1,D. L. Hughley,1,0,18.0
16,Dorothy Hamill,5,0.0,3,Tristan MacManus,Athlete,Illinois,United States,56,Withdrew,12,True,0,2,10,0,D. L. Hughley,1,0,
16,Ingo Rademacher,5,21.0,3,Kym Johnson,Actor/Actress,,Germany,41,Eliminated Week 9,5,True,1,9,10,0,D. L. Hughley,1,0,21.0
16,Jacoby Jones,5,26.0,3,Karina Smirnoff,Athlete,Louisiana,United States,28,3rd Place,3,True,1,10,10,0,D. L. Hughley,1,0,26.0
16,Kellie Pickler,5,27.0,3,Derek Hough,Singer/Rapper,North Carolina,United States,26,1st Place,1,True,1,10,10,0,D. L. Hughley,1,0,27.0
16,Lisa Vanderpump,5,0.0,3,Gleb Savchenko,TV Personality,,England,52,Eliminated Week 4,10,True,0,4,10,0,D. L. Hughley,1,0,
16,Sean Lowe,5,24.0,3,Peta Murgatroyd,TV Personality,Texas,United States,29,Eliminated Week 8,6,True,1,8,10,0,D. L. Hughley,1,0,24.0
16,Victor Ortiz,5,21.0,3,Lindsay Arnold,Athlete,Kansas,United States,26,Eliminated Week 6,8,True,1,6,10,0,D. L. Hughley,1,0,21.0
16,Wynonna Judd,5,0.0,3,Tony Dovolani,Singer/Rapper,Kentucky,United States,48,Eliminated Week 3,11,True,0,3,10,0,D. L. Hughley,1,0,
16,Zendaya,5,29.0,3,Valentin Chmerkovskiy,Actor/Actress,California,United States,16,2nd Place,2,True,1,10,10,0,D. L. Hughley,1,0,29.0
16,Alexandra Raisman,6,26.0,3,Mark Ballas,Athlete,Massachusetts,United States,18,Eliminated Week 10,4,True,1,10,10,0,Victor Ortiz,1,0,26.0
16,Andy Dick,6,21.5,3,Sharna Burgess,Comedian,South Carolina,United States,47,Eliminated Week 7,7,True,1,7,10,0,Victor Ortiz,1,0,21.5
16,D. L. Hughley,6,0.0,3,Cheryl Burke,Comedian,Virginia,United States,50,Eliminated Week 5,9,True,0,5,10,0,Victor Ortiz,1,0,
16,Dorothy Hamill,6,0.0,3,Tristan MacManus,Athlete,Illinois,United States,56,Withdrew,12,True,0,2,10,0,Victor Ortiz,1,0,
16,Ingo Rademacher,6,23.0,3,Kym Johnson,Actor/Actress,,Germany,41,Eliminated Week 9,5,True,1,9,10,0,Victor Ortiz,1,0,23.0
16,Jacoby Jones,6,22.5,3,Karina Smirnoff,Athlete,Louisiana,United States,28,3rd Place,3,True,1,10,10,0,Victor Ortiz,1,0,22.5
16,Kellie Pickler,6,27.0,3,Derek Hough,Singer/Rapper,North Carolina,United States,26,1st Place,1,True,1,10,10,0,Victor Ortiz,1,0,27.0
16,Lisa Vanderpump,6,0.0,3,Gleb Savchenko,TV Personality,,England,52,Eliminated Week 4,10,True,0,4,10,0,Victor Ortiz,1,0,
16,Sean Lowe,6,23.0,3,Peta Murgatroyd,TV Personality,Texas,United States,29,Eliminated Week 8,6,True,1,8,10,0,Victor Ortiz,1,0,23.0
16,Victor Ortiz,6,20.0,3,Lindsay Arnold,Athlete,Kansas,United States,26,Eliminated Week 6,8,True,1,6,10,1,Victor Ortiz,1,0,20.0
16,Wynonna Judd,6,0.0,3,Tony Dovolani,Singer/Rapper,Kentucky,United States,48,Eliminated Week 3,11,True,0,3,10,0,Victor Ortiz,1,0,
16,Zendaya,6,25.5,3,Valentin Chmerkovskiy,Actor/Actress,California,United States,16,2nd Place,2,True,1,10,10,0,Victor Ortiz,1,0,25.5
16,Alexandra Raisman,7,32.0,3,Mark Ballas,Athlete,Massachusetts,United States,18,Eliminated Week 10,4,True,1,10,10,0,Andy Dick,1,0,32.0
16,Andy Dick,7,17.0,3,Sharna Burgess,Comedian,South Carolina,United States,47,Eliminated Week 7,7,True,1,7,10,1,Andy Dick,1,0,17.0
16,D. L. Hughley,7,0.0,3,Cheryl Burke,Comedian,Virginia,United States,50,Eliminated Week 5,9,True,0,5,10,0,Andy Dick,1,0,
16,Dorothy Hamill,7,0.0,3,Tristan MacManus,Athlete,Illinois,United States,56,Withdrew,12,True,0,2,10,0,Andy Dick,1,0,
16,Ingo Rademacher,7,25.0,3,Kym Johnson,Actor/Actress,,Germany,41,Eliminated Week 9,5,True,1,9,10,0,Andy Dick,1,0,25.0
16,Jacoby Jones,7,27.0,3,Karina Smirnoff,Athlete,Louisiana,United States,28,3rd Place,3,True,1,10,10,0,Andy Dick,1,0,27.0
16,Kellie Pickler,7,29.0,3,Derek Hough,Singer/Rapper,North Carolina,United States,26,1st Place,1,True,1,10,10,0,Andy Dick,1,0,29.0
16,Lisa Vanderpump,7,0.0,3,Gleb Savchenko,TV Personality,,England,52,Eliminated Week 4,10,True,0,4,10,0,Andy Dick,1,0,
16,Sean Lowe,7,24.0,3,Peta Murgatroyd,TV Personality,Texas,United States,29,Eliminated Week 8,6,True,1,8,10,0,Andy Dick,1,0,24.0
16,Victor Ortiz,7,0.0,3,Lindsay Arnold,Athlete,Kansas,United States,26,Eliminated Week 6,8,True,0,6,10,0,Andy Dick,1,0,
16,Wynonna Judd,7,0.0,3,Tony Dovolani,Singer/Rapper,Kentucky,United States,48,Eliminated Week 3,11,True,0,3,10,0,Andy Dick,1,0,
16,Zendaya,7,30.0,3,Valentin Chmerkovskiy,Actor/Actress,California,United States,16,2nd Place,2,True,1,10,10,0,Andy Dick,1,0,30.0
16,Alexandra Raisman,8,28.0,3,Mark Ballas,Athlete,Massachusetts,United States,18,Eliminated Week 10,4,True,1,10,10,0,Sean Lowe,1,0,28.0
16,Andy Dick,8,0.0,3,Sharna Burgess,Comedian,South Carolina,United States,47,Eliminated Week 7,7,True,0,7,10,0,Sean Lowe,1,0,
16,D. L. Hughley,8,0.0,3,Cheryl Burke,Comedian,Virginia,United States,50,Eliminated Week 5,9,True,0,5,10,0,Sean Lowe,1,0,
16,Dorothy Hamill,8,0.0,3,Tristan MacManus,Athlete,Illinois,United States,56,Withdrew,12,True,0,2,10,0,Sean Lowe,1,0,
16,Ingo Rademacher,8,24.0,3,Kym Johnson,Actor/Actress,,Germany,41,Eliminated Week 9,5,True,1,9,10,0,Sean Lowe,1,0,24.0
16,Jacoby Jones,8,26.0,3,Karina Smirnoff,Athlete,Louisiana,United States,28,3rd Place,3,True,1,10,10,0,Sean Lowe,1,0,26.0
16,Kellie Pickler,8,27.5,3,Derek Hough,Singer/Rapper,North Carolina,United States,26,1st Place,1,True,1,10,10,0,Sean Lowe,1,0,27.5
16,Lisa Vanderpump,8,0.0,3,Gleb Savchenko,TV Personality,,England,52,Eliminated Week 4,10,True,0,4,10,0,Sean Lowe,1,0,
16,Sean Lowe,8,21.0,3,Peta Murgatroyd,TV Personality,Texas,United States,29,Eliminated Week 8,6,True,1,8,10,1,Sean Lowe,1,0,21.0
16,Victor Ortiz,8,0.0,3,Lindsay Arnold,Athlete,Kansas,United States,26,Eliminated Week 6,8,True,0,6,10,0,Sean Lowe,1,0,
16,Wynonna Judd,8,0.0,3,Tony Dovolani,Singer/Rapper,Kentucky,United States,48,Eliminated Week 3,11,True,0,3,10,0,Sean Lowe,1,0,
16,Zendaya,8,29.0,3,Valentin Chmerkovskiy,Actor/Actress,California,United States,16,2nd Place,2,True,1,10,10,0,Sean Lowe,1,0,29.0
16,Alexandra Raisman,9,29.5,3,Mark Ballas,Athlete,Massachusetts,United States,18,Eliminated Week 10,4,True,1,10,10,0,Ingo Rademacher,1,0,29.5
16,Andy Dick,9,0.0,3,Sharna Burgess,Comedian,South Carolina,United States,47,Eliminated Week 7,7,True,0,7,10,0,Ingo Rademacher,1,0,
16,D. L. Hughley,9,0.0,3,Cheryl Burke,Comedian,Virginia,United States,50,Eliminated Week 5,9,True,0,5,10,0,Ingo Rademacher,1,0,
16,Dorothy Hamill,9,0.0,3,Tristan MacManus,Athlete,Illinois,United States,56,Withdrew,12,True,0,2,10,0,Ingo Rademacher,1,0,
16,Ingo Rademacher,9,25.5,3,Kym Johnson,Actor/Actress,,Germany,41,Eliminated Week 9,5,True,1,9,10,1,Ingo Rademacher,1,0,25.5
16,Jacoby Jones,9,29.5,3,Karina Smirnoff,Athlete,Louisiana,United States,28,3rd Place,3,True,1,10,10,0,Ingo Rademacher,1,0,29.5
16,Kellie Pickler,9,29.0,3,Derek Hough,Singer/Rapper,North Carolina,United States,26,1st Place,1,True,1,10,10,0,Ingo Rademacher,1,0,29.0
16,Lisa Vanderpump,9,0.0,3,Gleb Savchenko,TV Personality,,England,52,Eliminated Week 4,10,True,0,4,10,0,Ingo Rademacher,1,0,
16,Sean Lowe,9,0.0,3,Peta Murgatroyd,TV Personality,Texas,United States,29,Eliminated Week 8,6,True,0,8,10,0,Ingo Rademacher,1,0,
16,Victor Ortiz,9,0.0,3,Lindsay Arnold,Athlete,Kansas,United States,26,Eliminated Week 6,8,True,0,6,10,0,Ingo Rademacher,1,0,
16,Wynonna Judd,9,0.0,3,Tony Dovolani,Singer/Rapper,Kentucky,United States,48,Eliminated Week 3,11,True,0,3,10,0,Ingo Rademacher,1,0,
16,Zendaya,9,27.5,3,Valentin Chmerkovskiy,Actor/Actress,California,United States,16,2nd Place,2,True,1,10,10,0,Ingo Rademacher,1,0,27.5
16,Alexandra Raisman,10,29.0,3,Mark Ballas,Athlete,Massachusetts,United States,18,Eliminated Week 10,4,True,1,10,10,0,,0,1,29.0
16,Andy Dick,10,0.0,3,Sharna Burgess,Comedian,South Carolina,United States,47,Eliminated Week 7,7,True,0,7,10,0,,0,1,
16,D. L. Hughley,10,0.0,3,Cheryl Burke,Comedian,Virginia,United States,50,Eliminated Week 5,9,True,0,5,10,0,,0,1,
16,Dorothy Hamill,10,0.0,3,Tristan MacManus,Athlete,Illinois,United States,56,Withdrew,12,True,0,2,10,0,,0,1,
16,Ingo Rademacher,10,0.0,3,Kym Johnson,Actor/Actress,,Germany,41,Eliminated Week 9,5,True,0,9,10,0,,0,1,
16,Jacoby Jones,10,27.999899999999997,3,Karina Smirnoff,Athlete,Louisiana,United States,28,3rd Place,3,True,1,10,10,0,,0,1,27.999899999999997
16,Kellie Pickler,10,30.0,3,Derek Hough,Singer/Rapper,North Carolina,United States,26,1st Place,1,True,1,10,10,0,,0,1,30.0
16,Lisa Vanderpump,10,0.0,3,Gleb Savchenko,TV Personality,,England,52,Eliminated Week 4,10,True,0,4,10,0,,0,1,
16,Sean Lowe,10,0.0,3,Peta Murgatroyd,TV Personality,Texas,United States,29,Eliminated Week 8,6,True,0,8,10,0,,0,1,
16,Victor Ortiz,10,0.0,3,Lindsay Arnold,Athlete,Kansas,United States,26,Eliminated Week 6,8,True,0,6,10,0,,0,1,
16,Wynonna Judd,10,0.0,3,Tony Dovolani,Singer/Rapper,Kentucky,United States,48,Eliminated Week 3,11,True,0,3,10,0,,0,1,
16,Zendaya,10,30.0,3,Valentin Chmerkovskiy,Actor/Actress,California,United States,16,2nd Place,2,True,1,10,10,0,,0,1,30.0
16,Alexandra Raisman,11,,0,Mark Ballas,Athlete,Massachusetts,United States,18,Eliminated Week 10,4,False,0,10,10,0,,0,0,
16,Andy Dick,11,,0,Sharna Burgess,Comedian,South Carolina,United States,47,Eliminated Week 7,7,False,0,7,10,0,,0,0,
16,D. L. Hughley,11,,0,Cheryl Burke,Comedian,Virginia,United States,50,Eliminated Week 5,9,False,0,5,10,0,,0,0,
16,Dorothy Hamill,11,,0,Tristan MacManus,Athlete,Illinois,United States,56,Withdrew,12,False,0,2,10,0,,0,0,
16,Ingo Rademacher,11,,0,Kym Johnson,Actor/Actress,,Germany,41,Eliminated Week 9,5,False,0,9,10,0,,0,0,
16,Jacoby Jones,11,,0,Karina Smirnoff,Athlete,Louisiana,United States,28,3rd Place,3,False,0,10,10,0,,0,0,
16,Kellie Pickler,11,,0,Derek Hough,Singer/Rapper,North Carolina,United States,26,1st Place,1,False,0,10,10,0,,0,0,
16,Lisa Vanderpump,11,,0,Gleb Savchenko,TV Personality,,England,52,Eliminated Week 4,10,False,0,4,10,0,,0,0,
16,Sean Lowe,11,,0,Peta Murgatroyd,TV Personality,Texas,United States,29,Eliminated Week 8,6,False,0,8,10,0,,0,0,
16,Victor Ortiz,11,,0,Lindsay Arnold,Athlete,Kansas,United States,26,Eliminated Week 6,8,False,0,6,10,0,,0,0,
16,Wynonna Judd,11,,0,Tony Dovolani,Singer/Rapper,Kentucky,United States,48,Eliminated Week 3,11,False,0,3,10,0,,0,0,
16,Zendaya,11,,0,Valentin Chmerkovskiy,Actor/Actress,California,United States,16,2nd Place,2,False,0,10,10,0,,0,0,
17,Amber Riley,1,27.0,3,Derek Hough,Actor/Actress,California,United States,27,1st Place,1,True,1,11,11,0,,0,1,27.0
17,Bill Engvall,1,18.0,3,Emma Slater,Comedian,Texas,United States,56,Eliminated Week 11,4,True,1,11,11,0,,0,1,18.0
17,Bill Nye,1,14.0,3,Tyne Stecklein,TV Personality,Washington D.C.,United States,57,Eliminated Week 3,11,True,1,3,11,0,,0,1,14.0
17,Brant Daugherty,1,22.0,3,Peta Murgatroyd,Actor/Actress,Ohio,United States,28,Eliminated Week 8,7,True,1,8,11,0,,0,1,22.0
17,Christina Milian,1,22.0,3,Mark Ballas,Singer/Rapper,New Jersey,United States,31,Eliminated Week 5,9,True,1,5,11,0,,0,1,22.0
17,Corbin Bleu,1,24.0,3,Karina Smirnoff,Actor/Actress,New York,United States,24,2nd Place,2,True,1,11,11,0,,0,1,24.0
17,Elizabeth Berkley Lauren,1,24.0,3,Valentin Chmerkovskiy,Actor/Actress,Michigan,United States,39,Eliminated Week 9,6,True,1,9,11,0,,0,1,24.0
17,Jack Osbourne,1,23.0,3,Cheryl Burke,TV Personality,,England,27,3rd Place,3,True,1,11,11,0,,0,1,23.0
17,Keyshawn Johnson,1,17.0,3,Sharna Burgess,Athlete,California,United States,41,Eliminated Week 2,12,True,1,2,11,0,,0,1,17.0
17,Leah Remini,1,21.0,3,Tony Dovolani,Actor/Actress,New York,United States,43,Eliminated Week 10,5,True,1,10,11,0,,0,1,21.0
17,"Nicole ""Snooki"" Polizzi",1,23.0,3,Sasha Farber,TV Personality,,Chile,25,Eliminated Week 7,8,True,1,7,11,0,,0,1,23.0
17,Valerie Harper,1,21.0,3,Tristan MacManus,Actor/Actress,New York,United States,74,Eliminated Week 4,10,True,1,4,11,0,,0,1,21.0
17,Amber Riley,2,24.0,3,Derek Hough,Actor/Actress,California,United States,27,1st Place,1,True,1,11,11,0,Keyshawn Johnson,1,0,24.0
17,Bill Engvall,2,21.0,3,Emma Slater,Comedian,Texas,United States,56,Eliminated Week 11,4,True,1,11,11,0,Keyshawn Johnson,1,0,21.0
17,Bill Nye,2,17.0,3,Tyne Stecklein,TV Personality,Washington D.C.,United States,57,Eliminated Week 3,11,True,1,3,11,0,Keyshawn Johnson,1,0,17.0
17,Brant Daugherty,2,23.0,3,Peta Murgatroyd,Actor/Actress,Ohio,United States,28,Eliminated Week 8,7,True,1,8,11,0,Keyshawn Johnson,1,0,23.0
17,Christina Milian,2,25.0,3,Mark Ballas,Singer/Rapper,New Jersey,United States,31,Eliminated Week 5,9,True,1,5,11,0,Keyshawn Johnson,1,0,25.0
17,Corbin Bleu,2,26.0,3,Karina Smirnoff,Actor/Actress,New York,United States,24,2nd Place,2,True,1,11,11,0,Keyshawn Johnson,1,0,26.0
17,Elizabeth Berkley Lauren,2,25.0,3,Valentin Chmerkovskiy,Actor/Actress,Michigan,United States,39,Eliminated Week 9,6,True,1,9,11,0,Keyshawn Johnson,1,0,25.0
17,Jack Osbourne,2,24.0,3,Cheryl Burke,TV Personality,,England,27,3rd Place,3,True,1,11,11,0,Keyshawn Johnson,1,0,24.0
17,Keyshawn Johnson,2,18.0,3,Sharna Burgess,Athlete,California,United States,41,Eliminated Week 2,12,True,1,2,11,1,Keyshawn Johnson,1,0,18.0
17,Leah Remini,2,24.0,3,Tony Dovolani,Actor/Actress,New York,United States,43,Eliminated Week 10,5,True,1,10,11,0,Keyshawn Johnson,1,0,24.0
17,"Nicole ""Snooki"" Polizzi",2,20.0,3,Sasha Farber,TV Personality,,Chile,25,Eliminated Week 7,8,True,1,7,11,0,Keyshawn Johnson,1,0,20.0
17,Valerie Harper,2,19.0,3,Tristan MacManus,Actor/Actress,New York,United States,74,Eliminated Week 4,10,True,1,4,11,0,Keyshawn Johnson,1,0,19.0
17,Amber Riley,3,24.0,3,Derek Hough,Actor/Actress,California,United States,27,1st Place,1,True,1,11,11,0,Bill Nye,1,0,24.0
17,Bill Engvall,3,24.0,3,Emma Slater,Comedian,Texas,United States,56,Eliminated Week 11,4,True,1,11,11,0,Bill Nye,1,0,24.0
17,Bill Nye,3,16.0,3,Tyne Stecklein,TV Personality,Washington D.C.,United States,57,Eliminated Week 3,11,True,1,3,11,1,Bill Nye,1,0,16.0
17,Brant Daugherty,3,27.0,3,Peta Murgatroyd,Actor/Actress,Ohio,United States,28,Eliminated Week 8,7,True,1,8,11,0,Bill Nye,1,0,27.0
17,Christina Milian,3,26.0,3,Mark Ballas,Singer/Rapper,New Jersey,United States,31,Eliminated Week 5,9,True,1,5,11,0,Bill Nye,1,0,26.0
17,Corbin Bleu,3,26.0,3,Karina Smirnoff,Actor/Actress,New York,United States,24,2nd Place,2,True,1,11,11,0,Bill Nye,1,0,26.0
17,Elizabeth Berkley Lauren,3,25.0,3,Valentin Chmerkovskiy,Actor/Actress,Michigan,United States,39,Eliminated Week 9,6,True,1,9,11,0,Bill Nye,1,0,25.0
17,Jack Osbourne,3,22.0,3,Cheryl Burke,TV Personality,,England,27,3rd Place,3,True,1,11,11,0,Bill Nye,1,0,22.0
17,Keyshawn Johnson,3,0.0,3,Sharna Burgess,Athlete,California,United States,41,Eliminated Week 2,12,True,0,2,11,0,Bill Nye,1,0,
17,Leah Remini,3,24.0,3,Tony Dovolani,Actor/Actress,New York,United States,43,Eliminated Week 10,5,True,1,10,11,0,Bill Nye,1,0,24.0
17,"Nicole ""Snooki"" Polizzi",3,25.0,3,Sasha Farber,TV Personality,,Chile,25,Eliminated Week 7,8,True,1,7,11,0,Bill Nye,1,0,25.0
17,Valerie Harper,3,16.0,3,Tristan MacManus,Actor/Actress,New York,United States,74,Eliminated Week 4,10,True,1,4,11,0,Bill Nye,1,0,16.0
17,Amber Riley,4,27.0,3,Derek Hough,Actor/Actress,California,United States,27,1st Place,1,True,1,11,11,0,Valerie Harper,1,0,27.0
17,Bill Engvall,4,21.0,3,Emma Slater,Comedian,Texas,United States,56,Eliminated Week 11,4,True,1,11,11,0,Valerie Harper,1,0,21.0
17,Bill Nye,4,0.0,3,Tyne Stecklein,TV Personality,Washington D.C.,United States,57,Eliminated Week 3,11,True,0,3,11,0,Valerie Harper,1,0,
17,Brant Daugherty,4,21.0,3,Peta Murgatroyd,Actor/Actress,Ohio,United States,28,Eliminated Week 8,7,True,1,8,11,0,Valerie Harper,1,0,21.0
17,Christina Milian,4,24.0,3,Mark Ballas,Singer/Rapper,New Jersey,United States,31,Eliminated Week 5,9,True,1,5,11,0,Valerie Harper,1,0,24.0
17,Corbin Bleu,4,27.0,3,Karina Smirnoff,Actor/Actress,New York,United States,24,2nd Place,2,True,1,11,11,0,Valerie Harper,1,0,27.0
17,Elizabeth Berkley Lauren,4,27.0,3,Valentin Chmerkovskiy,Actor/Actress,Michigan,United States,39,Eliminated Week 9,6,True,1,9,11,0,Valerie Harper,1,0,27.0
17,Jack Osbourne,4,24.0,3,Cheryl Burke,TV Personality,,England,27,3rd Place,3,True,1,11,11,0,Valerie Harper,1,0,24.0
17,Keyshawn Johnson,4,0.0,3,Sharna Burgess,Athlete,California,United States,41,Eliminated Week 2,12,True,0,2,11,0,Valerie Harper,1,0,
17,Leah Remini,4,24.0,3,Tony Dovolani,Actor/Actress,New York,United States,43,Eliminated Week 10,5,True,1,10,11,0,Valerie Harper,1,0,24.0
17,"Nicole ""Snooki"" Polizzi",4,24.0,3,Sasha Farber,TV Personality,,Chile,25,Eliminated Week 7,8,True,1,7,11,0,Valerie Harper,1,0,24.0
17,Valerie Harper,4,18.0,3,Tristan MacManus,Actor/Actress,New York,United States,74,Eliminated Week 4,10,True,1,4,11,1,Valerie Harper,1,0,18.0
17,Amber Riley,5,26.0,3,Derek Hough,Actor/Actress,California,United States,27,1st Place,1,True,1,11,11,0,Christina Milian,1,0,26.0
17,Bill Engvall,5,24.0,3,Emma Slater,Comedian,Texas,United States,56,Eliminated Week 11,4,True,1,11,11,0,Christina Milian,1,0,24.0
17,Bill Nye,5,0.0,3,Tyne Stecklein,TV Personality,Washington D.C.,United States,57,Eliminated Week 3,11,True,0,3,11,0,Christina Milian,1,0,
17,Brant Daugherty,5,27.0,3,Peta Murgatroyd,Actor/Actress,Ohio,United States,28,Eliminated Week 8,7,True,1,8,11,0,Christina Milian,1,0,27.0
17,Christina Milian,5,28.0,3,Mark Ballas,Singer/Rapper,New Jersey,United States,31,Eliminated Week 5,9,True,1,5,11,1,Christina Milian,1,0,28.0
17,Corbin Bleu,5,28.0,3,Karina Smirnoff,Actor/Actress,New York,United States,24,2nd Place,2,True,1,11,11,0,Christina Milian,1,0,28.0
17,Elizabeth Berkley Lauren,5,26.0,3,Valentin Chmerkovskiy,Actor/Actress,Michigan,United States,39,Eliminated Week 9,6,True,1,9,11,0,Christina Milian,1,0,26.0
17,Jack Osbourne,5,27.0,3,Cheryl Burke,TV Personality,,England,27,3rd Place,3,True,1,11,11,0,Christina Milian,1,0,27.0
17,Keyshawn Johnson,5,0.0,3,Sharna Burgess,Athlete,California,United States,41,Eliminated Week 2,12,True,0,2,11,0,Christina Milian,1,0,
17,Leah Remini,5,22.0,3,Tony Dovolani,Actor/Actress,New York,United States,43,Eliminated Week 10,5,True,1,10,11,0,Christina Milian,1,0,22.0
17,"Nicole ""Snooki"" Polizzi",5,27.0,3,Sasha Farber,TV Personality,,Chile,25,Eliminated Week 7,8,True,1,7,11,0,Christina Milian,1,0,27.0
17,Valerie Harper,5,0.0,3,Tristan MacManus,Actor/Actress,New York,United States,74,Eliminated Week 4,10,True,0,4,11,0,Christina Milian,1,0,
17,Amber Riley,6,31.999899999999997,3,Derek Hough,Actor/Actress,California,United States,27,1st Place,1,True,1,11,11,0,,0,1,31.999899999999997
17,Bill Engvall,6,23.9999,3,Emma Slater,Comedian,Texas,United States,56,Eliminated Week 11,4,True,1,11,11,0,,0,1,23.9999
17,Bill Nye,6,0.0,3,Tyne Stecklein,TV Personality,Washington D.C.,United States,57,Eliminated Week 3,11,True,0,3,11,0,,0,1,
17,Brant Daugherty,6,31.0,3,Peta Murgatroyd,Actor/Actress,Ohio,United States,28,Eliminated Week 8,7,True,1,8,11,0,,0,1,31.0
17,Christina Milian,6,0.0,3,Mark Ballas,Singer/Rapper,New Jersey,United States,31,Eliminated Week 5,9,True,0,5,11,0,,0,1,
17,Corbin Bleu,6,26.999899999999997,3,Karina Smirnoff,Actor/Actress,New York,United States,24,2nd Place,2,True,1,11,11,0,,0,1,26.999899999999997
17,Elizabeth Berkley Lauren,6,31.9998,3,Valentin Chmerkovskiy,Actor/Actress,Michigan,United States,39,Eliminated Week 9,6,True,1,9,11,0,,0,1,31.9998
17,Jack Osbourne,6,26.9998,3,Cheryl Burke,TV Personality,,England,27,3rd Place,3,True,1,11,11,0,,0,1,26.9998
17,Keyshawn Johnson,6,0.0,3,Sharna Burgess,Athlete,California,United States,41,Eliminated Week 2,12,True,0,2,11,0,,0,1,
17,Leah Remini,6,27.999899999999997,3,Tony Dovolani,Actor/Actress,New York,United States,43,Eliminated Week 10,5,True,1,10,11,0,,0,1,27.999899999999997
17,"Nicole ""Snooki"" Polizzi",6,30.0,3,Sasha Farber,TV Personality,,Chile,25,Eliminated Week 7,8,True,1,7,11,0,,0,1,30.0
17,Valerie Harper,6,0.0,3,Tristan MacManus,Actor/Actress,New York,United States,74,Eliminated Week 4,10,True,0,4,11,0,,0,1,
17,Amber Riley,7,29.5,3,Derek Hough,Actor/Actress,California,United States,27,1st Place,1,True,1,11,11,0,"Nicole ""Snooki"" Polizzi",1,0,29.5
17,Bill Engvall,7,25.0,3,Emma Slater,Comedian,Texas,United States,56,Eliminated Week 11,4,True,1,11,11,0,"Nicole ""Snooki"" Polizzi",1,0,25.0
17,Bill Nye,7,0.0,3,Tyne Stecklein,TV Personality,Washington D.C.,United States,57,Eliminated Week 3,11,True,0,3,11,0,"Nicole ""Snooki"" Polizzi",1,0,
17,Brant Daugherty,7,28.5,3,Peta Murgatroyd,Actor/Actress,Ohio,United States,28,Eliminated Week 8,7,True,1,8,11,0,"Nicole ""Snooki"" Polizzi",1,0,28.5
17,Christina Milian,7,0.0,3,Mark Ballas,Singer/Rapper,New Jersey,United States,31,Eliminated Week 5,9,True,0,5,11,0,"Nicole ""Snooki"" Polizzi",1,0,
17,Corbin Bleu,7,29.5,3,Karina Smirnoff,Actor/Actress,New York,United States,24,2nd Place,2,True,1,11,11,0,"Nicole ""Snooki"" Polizzi",1,0,29.5
17,Elizabeth Berkley Lauren,7,27.0,3,Valentin Chmerkovskiy,Actor/Actress,Michigan,United States,39,Eliminated Week 9,6,True,1,9,11,0,"Nicole ""Snooki"" Polizzi",1,0,27.0
17,Jack Osbourne,7,28.5,3,Cheryl Burke,TV Personality,,England,27,3rd Place,3,True,1,11,11,0,"Nicole ""Snooki"" Polizzi",1,0,28.5
17,Keyshawn Johnson,7,0.0,3,Sharna Burgess,Athlete,California,United States,41,Eliminated Week 2,12,True,0,2,11,0,"Nicole ""Snooki"" Polizzi",1,0,
17,Leah Remini,7,26.5,3,Tony Dovolani,Actor/Actress,New York,United States,43,Eliminated Week 10,5,True,1,10,11,0,"Nicole ""Snooki"" Polizzi",1,0,26.5
17,"Nicole ""Snooki"" Polizzi",7,27.0,3,Sasha Farber,TV Personality,,Chile,25,Eliminated Week 7,8,True,1,7,11,1,"Nicole ""Snooki"" Polizzi",1,0,27.0
17,Valerie Harper,7,0.0,3,Tristan MacManus,Actor/Actress,New York,United States,74,Eliminated Week 4,10,True,0,4,11,0,"Nicole ""Snooki"" Polizzi",1,0,
17,Amber Riley,8,28.0,3,Derek Hough,Actor/Actress,California,United States,27,1st Place,1,True,1,11,11,0,Brant Daugherty,1,0,28.0
17,Bill Engvall,8,24.0,3,Emma Slater,Comedian,Texas,United States,56,Eliminated Week 11,4,True,1,11,11,0,Brant Daugherty,1,0,24.0
17,Bill Nye,8,0.0,3,Tyne Stecklein,TV Personality,Washington D.C.,United States,57,Eliminated Week 3,11,True,0,3,11,0,Brant Daugherty,1,0,
17,Brant Daugherty,8,27.0,3,Peta Murgatroyd,Actor/Actress,Ohio,United States,28,Eliminated Week 8,7,True,1,8,11,1,Brant Daugherty,1,0,27.0
17,Christina Milian,8,0.0,3,Mark Ballas,Singer/Rapper,New Jersey,United States,31,Eliminated Week 5,9,True,0,5,11,0,Brant Daugherty,1,0,
17,Corbin Bleu,8,30.0,3,Karina Smirnoff,Actor/Actress,New York,United States,24,2nd Place,2,True,1,11,11,0,Brant Daugherty,1,0,30.0
17,Elizabeth Berkley Lauren,8,25.0,3,Valentin Chmerkovskiy,Actor/Actress,Michigan,United States,39,Eliminated Week 9,6,True,1,9,11,0,Brant Daugherty,1,0,25.0
17,Jack Osbourne,8,30.0,3,Cheryl Burke,TV Personality,,England,27,3rd Place,3,True,1,11,11,0,Brant Daugherty,1,0,30.0
17,Keyshawn Johnson,8,0.0,3,Sharna Burgess,Athlete,California,United States,41,Eliminated Week 2,12,True,0,2,11,0,Brant Daugherty,1,0,
17,Leah Remini,8,28.0,3,Tony Dovolani,Actor/Actress,New York,United States,43,Eliminated Week 10,5,True,1,10,11,0,Brant Daugherty,1,0,28.0
17,"Nicole ""Snooki"" Polizzi",8,0.0,3,Sasha Farber,TV Personality,,Chile,25,Eliminated Week 7,8,True,0,7,11,0,Brant Daugherty,1,0,
17,Valerie Harper,8,0.0,3,Tristan MacManus,Actor/Actress,New York,United States,74,Eliminated Week 4,10,True,0,4,11,0,Brant Daugherty,1,0,
17,Amber Riley,9,25.5,3,Derek Hough,Actor/Actress,California,United States,27,1st Place,1,True,1,11,11,0,Elizabeth Berkley Lauren,1,0,25.5
17,Bill Engvall,9,21.0,3,Emma Slater,Comedian,Texas,United States,56,Eliminated Week 11,4,True,1,11,11,0,Elizabeth Berkley Lauren,1,0,21.0
17,Bill Nye,9,0.0,3,Tyne Stecklein,TV Personality,Washington D.C.,United States,57,Eliminated Week 3,11,True,0,3,11,0,Elizabeth Berkley Lauren,1,0,
17,Brant Daugherty,9,0.0,3,Peta Murgatroyd,Actor/Actress,Ohio,United States,28,Eliminated Week 8,7,True,0,8,11,0,Elizabeth Berkley Lauren,1,0,
17,Christina Milian,9,0.0,3,Mark Ballas,Singer/Rapper,New Jersey,United States,31,Eliminated Week 5,9,True,0,5,11,0,Elizabeth Berkley Lauren,1,0,
17,Corbin Bleu,9,29.0,3,Karina Smirnoff,Actor/Actress,New York,United States,24,2nd Place,2,True,1,11,11,0,Elizabeth Berkley Lauren,1,0,29.0
17,Elizabeth Berkley Lauren,9,28.0,3,Valentin Chmerkovskiy,Actor/Actress,Michigan,United States,39,Eliminated Week 9,6,True,1,9,11,1,Elizabeth Berkley Lauren,1,0,28.0
17,Jack Osbourne,9,27.0,3,Cheryl Burke,TV Personality,,England,27,3rd Place,3,True,1,11,11,0,Elizabeth Berkley Lauren,1,0,27.0
17,Keyshawn Johnson,9,0.0,3,Sharna Burgess,Athlete,California,United States,41,Eliminated Week 2,12,True,0,2,11,0,Elizabeth Berkley Lauren,1,0,
17,Leah Remini,9,27.0,3,Tony Dovolani,Actor/Actress,New York,United States,43,Eliminated Week 10,5,True,1,10,11,0,Elizabeth Berkley Lauren,1,0,27.0
17,"Nicole ""Snooki"" Polizzi",9,0.0,3,Sasha Farber,TV Personality,,Chile,25,Eliminated Week 7,8,True,0,7,11,0,Elizabeth Berkley Lauren,1,0,
17,Valerie Harper,9,0.0,3,Tristan MacManus,Actor/Actress,New York,United States,74,Eliminated Week 4,10,True,0,4,11,0,Elizabeth Berkley Lauren,1,0,
17,Amber Riley,10,39.5,4,Derek Hough,Actor/Actress,California,United States,27,1st Place,1,True,1,11,11,0,Leah Remini,1,0,39.5
17,Bill Engvall,10,30.0,4,Emma Slater,Comedian,Texas,United States,56,Eliminated Week 11,4,True,1,11,11,0,Leah Remini,1,0,30.0
17,Bill Nye,10,0.0,4,Tyne Stecklein,TV Personality,Washington D.C.,United States,57,Eliminated Week 3,11,True,0,3,11,0,Leah Remini,1,0,
17,Brant Daugherty,10,0.0,4,Peta Murgatroyd,Actor/Actress,Ohio,United States,28,Eliminated Week 8,7,True,0,8,11,0,Leah Remini,1,0,
17,Christina Milian,10,0.0,4,Mark Ballas,Singer/Rapper,New Jersey,United States,31,Eliminated Week 5,9,True,0,5,11,0,Leah Remini,1,0,
17,Corbin Bleu,10,37.5,4,Karina Smirnoff,Actor/Actress,New York,United States,24,2nd Place,2,True,1,11,11,0,Leah Remini,1,0,37.5
17,Elizabeth Berkley Lauren,10,0.0,4,Valentin Chmerkovskiy,Actor/Actress,Michigan,United States,39,Eliminated Week 9,6,True,0,9,11,0,Leah Remini,1,0,
17,Jack Osbourne,10,35.5,4,Cheryl Burke,TV Personality,,England,27,3rd Place,3,True,1,11,11,0,Leah Remini,1,0,35.5
17,Keyshawn Johnson,10,0.0,4,Sharna Burgess,Athlete,California,United States,41,Eliminated Week 2,12,True,0,2,11,0,Leah Remini,1,0,
17,Leah Remini,10,32.5,4,Tony Dovolani,Actor/Actress,New York,United States,43,Eliminated Week 10,5,True,1,10,11,1,Leah Remini,1,0,32.5
17,"Nicole ""Snooki"" Polizzi",10,0.0,4,Sasha Farber,TV Personality,,Chile,25,Eliminated Week 7,8,True,0,7,11,0,Leah Remini,1,0,
17,Valerie Harper,10,0.0,4,Tristan MacManus,Actor/Actress,New York,United States,74,Eliminated Week 4,10,True,0,4,11,0,Leah Remini,1,0,
17,Amber Riley,11,31.333199999999998,3,Derek Hough,Actor/Actress,California,United States,27,1st Place,1,True,1,11,11,0,,0,1,31.333199999999998
17,Bill Engvall,11,25.499899999999997,3,Emma Slater,Comedian,Texas,United States,56,Eliminated Week 11,4,True,1,11,11,0,,0,1,25.499899999999997
17,Bill Nye,11,0.0,3,Tyne Stecklein,TV Personality,Washington D.C.,United States,57,Eliminated Week 3,11,True,0,3,11,0,,0,1,
17,Brant Daugherty,11,0.0,3,Peta Murgatroyd,Actor/Actress,Ohio,United States,28,Eliminated Week 8,7,True,0,8,11,0,,0,1,
17,Christina Milian,11,0.0,3,Mark Ballas,Singer/Rapper,New Jersey,United States,31,Eliminated Week 5,9,True,0,5,11,0,,0,1,
17,Corbin Bleu,11,29.6664,3,Karina Smirnoff,Actor/Actress,New York,United States,24,2nd Place,2,True,1,11,11,0,,0,1,29.6664
17,Elizabeth Berkley Lauren,11,0.0,3,Valentin Chmerkovskiy,Actor/Actress,Michigan,United States,39,Eliminated Week 9,6,True,0,9,11,0,,0,1,
17,Jack Osbourne,11,27.999899999999997,3,Cheryl Burke,TV Personality,,England,27,3rd Place,3,True,1,11,11,0,,0,1,27.999899999999997
17,Keyshawn Johnson,11,0.0,3,Sharna Burgess,Athlete,California,United States,41,Eliminated Week 2,12,True,0,2,11,0,,0,1,
17,Leah Remini,11,0.0,3,Tony Dovolani,Actor/Actress,New York,United States,43,Eliminated Week 10,5,True,0,10,11,0,,0,1,
17,"Nicole ""Snooki"" Polizzi",11,0.0,3,Sasha Farber,TV Personality,,Chile,25,Eliminated Week 7,8,True,0,7,11,0,,0,1,
17,Valerie Harper,11,0.0,3,Tristan MacManus,Actor/Actress,New York,United States,74,Eliminated Week 4,10,True,0,4,11,0,,0,1,
18,Amy Purdy,1,24.0,3,Derek Hough,Athlete,Nevada,United States,34,2nd Place,2,True,1,10,10,0,Diana Nyad,1,0,24.0
18,Billy Dee Williams,1,15.0,3,Emma Slater,Actor/Actress,New York,United States,76,Withdrew,10,True,1,2,10,0,Diana Nyad,1,0,15.0
18,Candace Cameron Bure,1,25.0,3,Mark Ballas,Actor/Actress,California,United States,37,3rd Place,3,True,1,10,10,0,Diana Nyad,1,0,25.0
18,Charlie White,1,27.0,3,Sharna Burgess,Athlete,Michigan,United States,26,Eliminated Week 9,5,True,1,9,10,0,Diana Nyad,1,0,27.0
18,Cody Simpson,1,22.0,3,Witney Carson,Singer/Rapper,,Australia,17,Eliminated Week 5,9,True,1,5,10,0,Diana Nyad,1,0,22.0
18,Danica McKellar,1,24.0,3,Valentin Chmerkovskiy,Actor/Actress,California,United States,39,Eliminated Week 8,6,True,1,8,10,0,Diana Nyad,1,0,24.0
18,Diana Nyad,1,18.0,3,Henry Byalikov,Athlete,New York,United States,64,Eliminated Week 2,12,True,1,1,10,1,Diana Nyad,1,0,18.0
18,Drew Carey,1,21.0,3,Cheryl Burke,Comedian,Ohio,United States,55,Eliminated Week 6,8,True,1,6,10,0,Diana Nyad,1,0,21.0
18,James Maslow,1,21.0,3,Peta Murgatroyd,Actor/Actress,New York,United States,23,Eliminated Week 10,4,True,1,10,10,0,Diana Nyad,1,0,21.0
18,Meryl Davis,1,24.0,3,Maksim Chmerkoskiy,Athlete,Michigan,United States,27,1st Place,1,True,1,10,10,0,Diana Nyad,1,0,24.0
18,NeNe Leakes,1,21.0,3,Tony Dovolani,TV Personality,New York,United States,46,Eliminated Week 7,7,True,1,7,10,0,Diana Nyad,1,0,21.0
18,Sean Avery,1,20.0,3,Karina Smirnoff,Athlete,,Canada,33,Eliminated Week 2,11,True,1,2,10,0,Diana Nyad,1,0,20.0
18,Amy Purdy,2,24.0,3,Derek Hough,Athlete,Nevada,United States,34,2nd Place,2,True,1,10,10,0,Billy Dee Williams; Sean Avery,1,0,24.0
18,Billy Dee Williams,2,15.0,3,Emma Slater,Actor/Actress,New York,United States,76,Withdrew,10,True,1,2,10,1,Billy Dee Williams; Sean Avery,1,0,15.0
18,Candace Cameron Bure,2,21.0,3,Mark Ballas,Actor/Actress,California,United States,37,3rd Place,3,True,1,10,10,0,Billy Dee Williams; Sean Avery,1,0,21.0
18,Charlie White,2,25.0,3,Sharna Burgess,Athlete,Michigan,United States,26,Eliminated Week 9,5,True,1,9,10,0,Billy Dee Williams; Sean Avery,1,0,25.0
18,Cody Simpson,2,22.0,3,Witney Carson,Singer/Rapper,,Australia,17,Eliminated Week 5,9,True,1,5,10,0,Billy Dee Williams; Sean Avery,1,0,22.0
18,Danica McKellar,2,24.0,3,Valentin Chmerkovskiy,Actor/Actress,California,United States,39,Eliminated Week 8,6,True,1,8,10,0,Billy Dee Williams; Sean Avery,1,0,24.0
18,Diana Nyad,2,0.0,3,Henry Byalikov,Athlete,New York,United States,64,Eliminated Week 2,12,True,0,1,10,0,Billy Dee Williams; Sean Avery,1,0,
18,Drew Carey,2,21.0,3,Cheryl Burke,Comedian,Ohio,United States,55,Eliminated Week 6,8,True,1,6,10,0,Billy Dee Williams; Sean Avery,1,0,21.0
18,James Maslow,2,25.0,3,Peta Murgatroyd,Actor/Actress,New York,United States,23,Eliminated Week 10,4,True,1,10,10,0,Billy Dee Williams; Sean Avery,1,0,25.0
18,Meryl Davis,2,25.0,3,Maksim Chmerkoskiy,Athlete,Michigan,United States,27,1st Place,1,True,1,10,10,0,Billy Dee Williams; Sean Avery,1,0,25.0
18,NeNe Leakes,2,21.0,3,Tony Dovolani,TV Personality,New York,United States,46,Eliminated Week 7,7,True,1,7,10,0,Billy Dee Williams; Sean Avery,1,0,21.0
18,Sean Avery,2,21.0,3,Karina Smirnoff,Athlete,,Canada,33,Eliminated Week 2,11,True,1,2,10,1,Billy Dee Williams; Sean Avery,1,0,21.0
18,Amy Purdy,3,36.0,4,Derek Hough,Athlete,Nevada,United States,34,2nd Place,2,True,1,10,10,0,,0,1,36.0
18,Billy Dee Williams,3,0.0,4,Emma Slater,Actor/Actress,New York,United States,76,Withdrew,10,True,0,2,10,0,,0,1,
18,Candace Cameron Bure,3,32.0,4,Mark Ballas,Actor/Actress,California,United States,37,3rd Place,3,True,1,10,10,0,,0,1,32.0
18,Charlie White,3,36.0,4,Sharna Burgess,Athlete,Michigan,United States,26,Eliminated Week 9,5,True,1,9,10,0,,0,1,36.0
18,Cody Simpson,3,35.0,4,Witney Carson,Singer/Rapper,,Australia,17,Eliminated Week 5,9,True,1,5,10,0,,0,1,35.0
18,Danica McKellar,3,36.0,4,Valentin Chmerkovskiy,Actor/Actress,California,United States,39,Eliminated Week 8,6,True,1,8,10,0,,0,1,36.0
18,Diana Nyad,3,0.0,4,Henry Byalikov,Athlete,New York,United States,64,Eliminated Week 2,12,True,0,1,10,0,,0,1,
18,Drew Carey,3,30.0,4,Cheryl Burke,Comedian,Ohio,United States,55,Eliminated Week 6,8,True,1,6,10,0,,0,1,30.0
18,James Maslow,3,36.0,4,Peta Murgatroyd,Actor/Actress,New York,United States,23,Eliminated Week 10,4,True,1,10,10,0,,0,1,36.0
18,Meryl Davis,3,39.0,4,Maksim Chmerkoskiy,Athlete,Michigan,United States,27,1st Place,1,True,1,10,10,0,,0,1,39.0
18,NeNe Leakes,3,31.0,4,Tony Dovolani,TV Personality,New York,United States,46,Eliminated Week 7,7,True,1,7,10,0,,0,1,31.0
18,Sean Avery,3,0.0,4,Karina Smirnoff,Athlete,,Canada,33,Eliminated Week 2,11,True,0,2,10,0,,0,1,
18,Amy Purdy,4,34.0,4,Derek Hough,Athlete,Nevada,United States,34,2nd Place,2,True,1,10,10,0,,0,1,34.0
18,Billy Dee Williams,4,0.0,4,Emma Slater,Actor/Actress,New York,United States,76,Withdrew,10,True,0,2,10,0,,0,1,
18,Candace Cameron Bure,4,28.0,4,Mark Ballas,Actor/Actress,California,United States,37,3rd Place,3,True,1,10,10,0,,0,1,28.0
18,Charlie White,4,33.0,4,Sharna Burgess,Athlete,Michigan,United States,26,Eliminated Week 9,5,True,1,9,10,0,,0,1,33.0
18,Cody Simpson,4,31.0,4,Witney Carson,Singer/Rapper,,Australia,17,Eliminated Week 5,9,True,1,5,10,0,,0,1,31.0
18,Danica McKellar,4,32.0,4,Valentin Chmerkovskiy,Actor/Actress,California,United States,39,Eliminated Week 8,6,True,1,8,10,0,,0,1,32.0
18,Diana Nyad,4,0.0,4,Henry Byalikov,Athlete,New York,United States,64,Eliminated Week 2,12,True,0,1,10,0,,0,1,
18,Drew Carey,4,33.0,4,Cheryl Burke,Comedian,Ohio,United States,55,Eliminated Week 6,8,True,1,6,10,0,,0,1,33.0
18,James Maslow,4,35.0,4,Peta Murgatroyd,Actor/Actress,New York,United States,23,Eliminated Week 10,4,True,1,10,10,0,,0,1,35.0
18,Meryl Davis,4,39.0,4,Maksim Chmerkoskiy,Athlete,Michigan,United States,27,1st Place,1,True,1,10,10,0,,0,1,39.0
18,NeNe Leakes,4,32.0,4,Tony Dovolani,TV Personality,New York,United States,46,Eliminated Week 7,7,True,1,7,10,0,,0,1,32.0
18,Sean Avery,4,0.0,4,Karina Smirnoff,Athlete,,Canada,33,Eliminated Week 2,11,True,0,2,10,0,,0,1,
18,Amy Purdy,5,37.0,4,Derek Hough,Athlete,Nevada,United States,34,2nd Place,2,True,1,10,10,0,Cody Simpson,1,0,37.0
18,Billy Dee Williams,5,0.0,4,Emma Slater,Actor/Actress,New York,United States,76,Withdrew,10,True,0,2,10,0,Cody Simpson,1,0,
18,Candace Cameron Bure,5,35.0,4,Mark Ballas,Actor/Actress,California,United States,37,3rd Place,3,True,1,10,10,0,Cody Simpson,1,0,35.0
18,Charlie White,5,37.0,4,Sharna Burgess,Athlete,Michigan,United States,26,Eliminated Week 9,5,True,1,9,10,0,Cody Simpson,1,0,37.0
18,Cody Simpson,5,34.0,4,Witney Carson,Singer/Rapper,,Australia,17,Eliminated Week 5,9,True,1,5,10,1,Cody Simpson,1,0,34.0
18,Danica McKellar,5,39.0,4,Valentin Chmerkovskiy,Actor/Actress,California,United States,39,Eliminated Week 8,6,True,1,8,10,0,Cody Simpson,1,0,39.0
18,Diana Nyad,5,0.0,4,Henry Byalikov,Athlete,New York,United States,64,Eliminated Week 2,12,True,0,1,10,0,Cody Simpson,1,0,
18,Drew Carey,5,28.0,4,Cheryl Burke,Comedian,Ohio,United States,55,Eliminated Week 6,8,True,1,6,10,0,Cody Simpson,1,0,28.0
18,James Maslow,5,40.0,4,Peta Murgatroyd,Actor/Actress,New York,United States,23,Eliminated Week 10,4,True,1,10,10,0,Cody Simpson,1,0,40.0
18,Meryl Davis,5,36.0,4,Maksim Chmerkoskiy,Athlete,Michigan,United States,27,1st Place,1,True,1,10,10,0,Cody Simpson,1,0,36.0
18,NeNe Leakes,5,36.0,4,Tony Dovolani,TV Personality,New York,United States,46,Eliminated Week 7,7,True,1,7,10,0,Cody Simpson,1,0,36.0
18,Sean Avery,5,0.0,4,Karina Smirnoff,Athlete,,Canada,33,Eliminated Week 2,11,True,0,2,10,0,Cody Simpson,1,0,
18,Amy Purdy,6,38.0,4,Derek Hough,Athlete,Nevada,United States,34,2nd Place,2,True,1,10,10,0,Drew Carey,1,0,38.0
18,Billy Dee Williams,6,0.0,4,Emma Slater,Actor/Actress,New York,United States,76,Withdrew,10,True,0,2,10,0,Drew Carey,1,0,
18,Candace Cameron Bure,6,32.0,4,Mark Ballas,Actor/Actress,California,United States,37,3rd Place,3,True,1,10,10,0,Drew Carey,1,0,32.0
18,Charlie White,6,36.0,4,Sharna Burgess,Athlete,Michigan,United States,26,Eliminated Week 9,5,True,1,9,10,0,Drew Carey,1,0,36.0
18,Cody Simpson,6,0.0,4,Witney Carson,Singer/Rapper,,Australia,17,Eliminated Week 5,9,True,0,5,10,0,Drew Carey,1,0,
18,Danica McKellar,6,36.0,4,Valentin Chmerkovskiy,Actor/Actress,California,United States,39,Eliminated Week 8,6,True,1,8,10,0,Drew Carey,1,0,36.0
18,Diana Nyad,6,0.0,4,Henry Byalikov,Athlete,New York,United States,64,Eliminated Week 2,12,True,0,1,10,0,Drew Carey,1,0,
18,Drew Carey,6,32.0,4,Cheryl Burke,Comedian,Ohio,United States,55,Eliminated Week 6,8,True,1,6,10,1,Drew Carey,1,0,32.0
18,James Maslow,6,35.0,4,Peta Murgatroyd,Actor/Actress,New York,United States,23,Eliminated Week 10,4,True,1,10,10,0,Drew Carey,1,0,35.0
18,Meryl Davis,6,40.0,4,Maksim Chmerkoskiy,Athlete,Michigan,United States,27,1st Place,1,True,1,10,10,0,Drew Carey,1,0,40.0
18,NeNe Leakes,6,33.0,4,Tony Dovolani,TV Personality,New York,United States,46,Eliminated Week 7,7,True,1,7,10,0,Drew Carey,1,0,33.0
18,Sean Avery,6,0.0,4,Karina Smirnoff,Athlete,,Canada,33,Eliminated Week 2,11,True,0,2,10,0,Drew Carey,1,0,
18,Amy Purdy,7,37.5,4,Derek Hough,Athlete,Nevada,United States,34,2nd Place,2,True,1,10,10,0,NeNe Leakes,1,0,37.5
18,Billy Dee Williams,7,0.0,4,Emma Slater,Actor/Actress,New York,United States,76,Withdrew,10,True,0,2,10,0,NeNe Leakes,1,0,
18,Candace Cameron Bure,7,37.0,4,Mark Ballas,Actor/Actress,California,United States,37,3rd Place,3,True,1,10,10,0,NeNe Leakes,1,0,37.0
18,Charlie White,7,35.5,4,Sharna Burgess,Athlete,Michigan,United States,26,Eliminated Week 9,5,True,1,9,10,0,NeNe Leakes,1,0,35.5
18,Cody Simpson,7,0.0,4,Witney Carson,Singer/Rapper,,Australia,17,Eliminated Week 5,9,True,0,5,10,0,NeNe Leakes,1,0,
18,Danica McKellar,7,36.0,4,Valentin Chmerkovskiy,Actor/Actress,California,United States,39,Eliminated Week 8,6,True,1,8,10,0,NeNe Leakes,1,0,36.0
18,Diana Nyad,7,0.0,4,Henry Byalikov,Athlete,New York,United States,64,Eliminated Week 2,12,True,0,1,10,0,NeNe Leakes,1,0,
18,Drew Carey,7,0.0,4,Cheryl Burke,Comedian,Ohio,United States,55,Eliminated Week 6,8,True,0,6,10,0,NeNe Leakes,1,0,
18,James Maslow,7,35.0,4,Peta Murgatroyd,Actor/Actress,New York,United States,23,Eliminated Week 10,4,True,1,10,10,0,NeNe Leakes,1,0,35.0
18,Meryl Davis,7,39.0,4,Maksim Chmerkoskiy,Athlete,Michigan,United States,27,1st Place,1,True,1,10,10,0,NeNe Leakes,1,0,39.0
18,NeNe Leakes,7,33.0,4,Tony Dovolani,TV Personality,New York,United States,46,Eliminated Week 7,7,True,1,7,10,1,NeNe Leakes,1,0,33.0
18,Sean Avery,7,0.0,4,Karina Smirnoff,Athlete,,Canada,33,Eliminated Week 2,11,True,0,2,10,0,NeNe Leakes,1,0,
18,Amy Purdy,8,40.0,4,Derek Hough,Athlete,Nevada,United States,34,2nd Place,2,True,1,10,10,0,Danica McKellar,1,0,40.0
18,Billy Dee Williams,8,0.0,4,Emma Slater,Actor/Actress,New York,United States,76,Withdrew,10,True,0,2,10,0,Danica McKellar,1,0,
18,Candace Cameron Bure,8,36.0,4,Mark Ballas,Actor/Actress,California,United States,37,3rd Place,3,True,1,10,10,0,Danica McKellar,1,0,36.0
18,Charlie White,8,40.0,4,Sharna Burgess,Athlete,Michigan,United States,26,Eliminated Week 9,5,True,1,9,10,0,Danica McKellar,1,0,40.0
18,Cody Simpson,8,0.0,4,Witney Carson,Singer/Rapper,,Australia,17,Eliminated Week 5,9,True,0,5,10,0,Danica McKellar,1,0,
18,Danica McKellar,8,38.0,4,Valentin Chmerkovskiy,Actor/Actress,California,United States,39,Eliminated Week 8,6,True,1,8,10,1,Danica McKellar,1,0,38.0
18,Diana Nyad,8,0.0,4,Henry Byalikov,Athlete,New York,United States,64,Eliminated Week 2,12,True,0,1,10,0,Danica McKellar,1,0,
18,Drew Carey,8,0.0,4,Cheryl Burke,Comedian,Ohio,United States,55,Eliminated Week 6,8,True,0,6,10,0,Danica McKellar,1,0,
18,James Maslow,8,36.0,4,Peta Murgatroyd,Actor/Actress,New York,United States,23,Eliminated Week 10,4,True,1,10,10,0,Danica McKellar,1,0,36.0
18,Meryl Davis,8,36.0,4,Maksim Chmerkoskiy,Athlete,Michigan,United States,27,1st Place,1,True,1,10,10,0,Danica McKellar,1,0,36.0
18,NeNe Leakes,8,0.0,4,Tony Dovolani,TV Personality,New York,United States,46,Eliminated Week 7,7,True,0,7,10,0,Danica McKellar,1,0,
18,Sean Avery,8,0.0,4,Karina Smirnoff,Athlete,,Canada,33,Eliminated Week 2,11,True,0,2,10,0,Danica McKellar,1,0,
18,Amy Purdy,9,39.0,4,Derek Hough,Athlete,Nevada,United States,34,2nd Place,2,True,1,10,10,0,Charlie White,1,0,39.0
18,Billy Dee Williams,9,0.0,4,Emma Slater,Actor/Actress,New York,United States,76,Withdrew,10,True,0,2,10,0,Charlie White,1,0,
18,Candace Cameron Bure,9,36.0,4,Mark Ballas,Actor/Actress,California,United States,37,3rd Place,3,True,1,10,10,0,Charlie White,1,0,36.0
18,Charlie White,9,38.0,4,Sharna Burgess,Athlete,Michigan,United States,26,Eliminated Week 9,5,True,1,9,10,1,Charlie White,1,0,38.0
18,Cody Simpson,9,0.0,4,Witney Carson,Singer/Rapper,,Australia,17,Eliminated Week 5,9,True,0,5,10,0,Charlie White,1,0,
18,Danica McKellar,9,0.0,4,Valentin Chmerkovskiy,Actor/Actress,California,United States,39,Eliminated Week 8,6,True,0,8,10,0,Charlie White,1,0,
18,Diana Nyad,9,0.0,4,Henry Byalikov,Athlete,New York,United States,64,Eliminated Week 2,12,True,0,1,10,0,Charlie White,1,0,
18,Drew Carey,9,0.0,4,Cheryl Burke,Comedian,Ohio,United States,55,Eliminated Week 6,8,True,0,6,10,0,Charlie White,1,0,
18,James Maslow,9,38.0,4,Peta Murgatroyd,Actor/Actress,New York,United States,23,Eliminated Week 10,4,True,1,10,10,0,Charlie White,1,0,38.0
18,Meryl Davis,9,40.0,4,Maksim Chmerkoskiy,Athlete,Michigan,United States,27,1st Place,1,True,1,10,10,0,Charlie White,1,0,40.0
18,NeNe Leakes,9,0.0,4,Tony Dovolani,TV Personality,New York,United States,46,Eliminated Week 7,7,True,0,7,10,0,Charlie White,1,0,
18,Sean Avery,9,0.0,4,Karina Smirnoff,Athlete,,Canada,33,Eliminated Week 2,11,True,0,2,10,0,Charlie White,1,0,
18,Amy Purdy,10,29.666600000000003,3,Derek Hough,Athlete,Nevada,United States,34,2nd Place,2,True,1,10,10,0,,0,1,29.666600000000003
18,Billy Dee Williams,10,0.0,3,Emma Slater,Actor/Actress,New York,United States,76,Withdrew,10,True,0,2,10,0,,0,1,
18,Candace Cameron Bure,10,25.9998,3,Mark Ballas,Actor/Actress,California,United States,37,3rd Place,3,True,1,10,10,0,,0,1,25.9998
18,Charlie White,10,0.0,3,Sharna Burgess,Athlete,Michigan,United States,26,Eliminated Week 9,5,True,0,9,10,0,,0,1,
18,Cody Simpson,10,0.0,3,Witney Carson,Singer/Rapper,,Australia,17,Eliminated Week 5,9,True,0,5,10,0,,0,1,
18,Danica McKellar,10,0.0,3,Valentin Chmerkovskiy,Actor/Actress,California,United States,39,Eliminated Week 8,6,True,0,8,10,0,,0,1,
18,Diana Nyad,10,0.0,3,Henry Byalikov,Athlete,New York,United States,64,Eliminated Week 2,12,True,0,1,10,0,,0,1,
18,Drew Carey,10,0.0,3,Cheryl Burke,Comedian,Ohio,United States,55,Eliminated Week 6,8,True,0,6,10,0,,0,1,
18,James Maslow,10,29.0,3,Peta Murgatroyd,Actor/Actress,New York,United States,23,Eliminated Week 10,4,True,1,10,10,0,,0,1,29.0
18,Meryl Davis,10,30.0,3,Maksim Chmerkoskiy,Athlete,Michigan,United States,27,1st Place,1,True,1,10,10,0,,0,1,30.0
18,NeNe Leakes,10,0.0,3,Tony Dovolani,TV Personality,New York,United States,46,Eliminated Week 7,7,True,0,7,10,0,,0,1,
18,Sean Avery,10,0.0,3,Karina Smirnoff,Athlete,,Canada,33,Eliminated Week 2,11,True,0,2,10,0,,0,1,
18,Amy Purdy,11,,0,Derek Hough,Athlete,Nevada,United States,34,2nd Place,2,False,0,10,10,0,,0,0,
18,Billy Dee Williams,11,,0,Emma Slater,Actor/Actress,New York,United States,76,Withdrew,10,False,0,2,10,0,,0,0,
18,Candace Cameron Bure,11,,0,Mark Ballas,Actor/Actress,California,United States,37,3rd Place,3,False,0,10,10,0,,0,0,
18,Charlie White,11,,0,Sharna Burgess,Athlete,Michigan,United States,26,Eliminated Week 9,5,False,0,9,10,0,,0,0,
18,Cody Simpson,11,,0,Witney Carson,Singer/Rapper,,Australia,17,Eliminated Week 5,9,False,0,5,10,0,,0,0,
18,Danica McKellar,11,,0,Valentin Chmerkovskiy,Actor/Actress,California,United States,39,Eliminated Week 8,6,False,0,8,10,0,,0,0,
18,Diana Nyad,11,,0,Henry Byalikov,Athlete,New York,United States,64,Eliminated Week 2,12,False,0,1,10,0,,0,0,
18,Drew Carey,11,,0,Cheryl Burke,Comedian,Ohio,United States,55,Eliminated Week 6,8,False,0,6,10,0,,0,0,
18,James Maslow,11,,0,Peta Murgatroyd,Actor/Actress,New York,United States,23,Eliminated Week 10,4,False,0,10,10,0,,0,0,
18,Meryl Davis,11,,0,Maksim Chmerkoskiy,Athlete,Michigan,United States,27,1st Place,1,False,0,10,10,0,,0,0,
18,NeNe Leakes,11,,0,Tony Dovolani,TV Personality,New York,United States,46,Eliminated Week 7,7,False,0,7,10,0,,0,0,
18,Sean Avery,11,,0,Karina Smirnoff,Athlete,,Canada,33,Eliminated Week 2,11,False,0,2,10,0,,0,0,
19,Alfonso Ribeiro,1,36.0,4,Witney Carson,Actor/Actress,New York,United States,42,1st Place,1,True,1,11,11,0,Lolo Jones,1,0,36.0
19,Antonio Sabato Jr.,1,25.0,4,Cheryl Burke,Actor/Actress,,Italy,42,Eliminated Week 7,8,True,1,7,11,0,Lolo Jones,1,0,25.0
19,Bethany Mota,1,32.0,4,Derek Hough,Social Media Personality,California,United States,18,Eliminated Week 11,4,True,1,11,11,0,Lolo Jones,1,0,32.0
19,Betsey Johnson,1,20.0,4,Tony Dovolani,Fashion Designer,Connecticut,United States,72,Eliminated Week 4,10,True,1,4,11,0,Lolo Jones,1,0,20.0
19,Janel Parrish,1,29.0,4,Valentin Chmerkovskiy,Actor/Actress,Hawaii,United States,25,3rd Place,3,True,1,11,11,0,Lolo Jones,1,0,29.0
19,Jonathan Bennett,1,30.0,4,Allison Holker,Actor/Actress,Ohio,United States,33,Eliminated Week 6,9,True,1,6,11,0,Lolo Jones,1,0,30.0
19,Lea Thompson,1,32.0,4,Artem Chigvintsev,Actor/Actress,Minnesota,United States,53,Eliminated Week 9,6,True,1,9,11,0,Lolo Jones,1,0,32.0
19,Lolo Jones,1,22.0,4,Keo Motsepe,Athlete,Iowa,United States,32,Eliminated Week 1,13,True,1,1,11,1,Lolo Jones,1,0,22.0
19,Michael Waltrip,1,25.0,4,Emma Slater,Racing Driver,Kentucky,United States,51,Eliminated Week 8,7,True,1,8,11,0,Lolo Jones,1,0,25.0
19,Randy Couture,1,31.0,4,Karina Smirnoff,Athlete,Washington,United States,51,Eliminated Week 3,11,True,1,3,11,0,Lolo Jones,1,0,31.0
19,Sadie Robertson,1,34.0,4,Mark Ballas,TV Personality,Louisiana,United States,17,2nd Place,2,True,1,11,11,0,Lolo Jones,1,0,34.0
19,Tavis Smiley,1,29.0,4,Sharna Burgess,Radio Personality,Mississippi,United States,50,Eliminated Week 2,12,True,1,2,11,0,Lolo Jones,1,0,29.0
19,Tommy Chong,1,27.0,4,Peta Murgatroyd,Comedian,,Canada,76,Eliminated Week 10,5,True,1,10,11,0,Lolo Jones,1,0,27.0
19,Alfonso Ribeiro,2,32.0,4,Witney Carson,Actor/Actress,New York,United States,42,1st Place,1,True,1,11,11,0,Tavis Smiley,1,0,32.0
19,Antonio Sabato Jr.,2,31.0,4,Cheryl Burke,Actor/Actress,,Italy,42,Eliminated Week 7,8,True,1,7,11,0,Tavis Smiley,1,0,31.0
19,Bethany Mota,2,33.0,4,Derek Hough,Social Media Personality,California,United States,18,Eliminated Week 11,4,True,1,11,11,0,Tavis Smiley,1,0,33.0
19,Betsey Johnson,2,28.0,4,Tony Dovolani,Fashion Designer,Connecticut,United States,72,Eliminated Week 4,10,True,1,4,11,0,Tavis Smiley,1,0,28.0
19,Janel Parrish,2,34.0,4,Valentin Chmerkovskiy,Actor/Actress,Hawaii,United States,25,3rd Place,3,True,1,11,11,0,Tavis Smiley,1,0,34.0
19,Jonathan Bennett,2,30.0,4,Allison Holker,Actor/Actress,Ohio,United States,33,Eliminated Week 6,9,True,1,6,11,0,Tavis Smiley,1,0,30.0
19,Lea Thompson,2,35.0,4,Artem Chigvintsev,Actor/Actress,Minnesota,United States,53,Eliminated Week 9,6,True,1,9,11,0,Tavis Smiley,1,0,35.0
19,Lolo Jones,2,0.0,4,Keo Motsepe,Athlete,Iowa,United States,32,Eliminated Week 1,13,True,0,1,11,0,Tavis Smiley,1,0,
19,Michael Waltrip,2,24.0,4,Emma Slater,Racing Driver,Kentucky,United States,51,Eliminated Week 8,7,True,1,8,11,0,Tavis Smiley,1,0,24.0
19,Randy Couture,2,28.0,4,Karina Smirnoff,Athlete,Washington,United States,51,Eliminated Week 3,11,True,1,3,11,0,Tavis Smiley,1,0,28.0
19,Sadie Robertson,2,31.0,4,Mark Ballas,TV Personality,Louisiana,United States,17,2nd Place,2,True,1,11,11,0,Tavis Smiley,1,0,31.0
19,Tavis Smiley,2,28.0,4,Sharna Burgess,Radio Personality,Mississippi,United States,50,Eliminated Week 2,12,True,1,2,11,1,Tavis Smiley,1,0,28.0
19,Tommy Chong,2,28.0,4,Peta Murgatroyd,Comedian,,Canada,76,Eliminated Week 10,5,True,1,10,11,0,Tavis Smiley,1,0,28.0
19,Alfonso Ribeiro,3,32.0,4,Witney Carson,Actor/Actress,New York,United States,42,1st Place,1,True,1,11,11,0,Randy Couture,1,0,32.0
19,Antonio Sabato Jr.,3,29.0,4,Cheryl Burke,Actor/Actress,,Italy,42,Eliminated Week 7,8,True,1,7,11,0,Randy Couture,1,0,29.0
19,Bethany Mota,3,40.0,4,Derek Hough,Social Media Personality,California,United States,18,Eliminated Week 11,4,True,1,11,11,0,Randy Couture,1,0,40.0
19,Betsey Johnson,3,29.0,4,Tony Dovolani,Fashion Designer,Connecticut,United States,72,Eliminated Week 4,10,True,1,4,11,0,Randy Couture,1,0,29.0
19,Janel Parrish,3,40.0,4,Valentin Chmerkovskiy,Actor/Actress,Hawaii,United States,25,3rd Place,3,True,1,11,11,0,Randy Couture,1,0,40.0
19,Jonathan Bennett,3,32.0,4,Allison Holker,Actor/Actress,Ohio,United States,33,Eliminated Week 6,9,True,1,6,11,0,Randy Couture,1,0,32.0
19,Lea Thompson,3,31.0,4,Artem Chigvintsev,Actor/Actress,Minnesota,United States,53,Eliminated Week 9,6,True,1,9,11,0,Randy Couture,1,0,31.0
19,Lolo Jones,3,0.0,4,Keo Motsepe,Athlete,Iowa,United States,32,Eliminated Week 1,13,True,0,1,11,0,Randy Couture,1,0,
19,Michael Waltrip,3,28.0,4,Emma Slater,Racing Driver,Kentucky,United States,51,Eliminated Week 8,7,True,1,8,11,0,Randy Couture,1,0,28.0
19,Randy Couture,3,26.0,4,Karina Smirnoff,Athlete,Washington,United States,51,Eliminated Week 3,11,True,1,3,11,1,Randy Couture,1,0,26.0
19,Sadie Robertson,3,32.0,4,Mark Ballas,TV Personality,Louisiana,United States,17,2nd Place,2,True,1,11,11,0,Randy Couture,1,0,32.0
19,Tavis Smiley,3,0.0,4,Sharna Burgess,Radio Personality,Mississippi,United States,50,Eliminated Week 2,12,True,0,2,11,0,Randy Couture,1,0,
19,Tommy Chong,3,34.0,4,Peta Murgatroyd,Comedian,,Canada,76,Eliminated Week 10,5,True,1,10,11,0,Randy Couture,1,0,34.0
19,Alfonso Ribeiro,4,40.0,4,Witney Carson,Actor/Actress,New York,United States,42,1st Place,1,True,1,11,11,0,Betsey Johnson,1,0,40.0
19,Antonio Sabato Jr.,4,29.0,4,Cheryl Burke,Actor/Actress,,Italy,42,Eliminated Week 7,8,True,1,7,11,0,Betsey Johnson,1,0,29.0
19,Bethany Mota,4,33.0,4,Derek Hough,Social Media Personality,California,United States,18,Eliminated Week 11,4,True,1,11,11,0,Betsey Johnson,1,0,33.0
19,Betsey Johnson,4,29.0,4,Tony Dovolani,Fashion Designer,Connecticut,United States,72,Eliminated Week 4,10,True,1,4,11,1,Betsey Johnson,1,0,29.0
19,Janel Parrish,4,36.0,4,Valentin Chmerkovskiy,Actor/Actress,Hawaii,United States,25,3rd Place,3,True,1,11,11,0,Betsey Johnson,1,0,36.0
19,Jonathan Bennett,4,24.0,4,Allison Holker,Actor/Actress,Ohio,United States,33,Eliminated Week 6,9,True,1,6,11,0,Betsey Johnson,1,0,24.0
19,Lea Thompson,4,39.0,4,Artem Chigvintsev,Actor/Actress,Minnesota,United States,53,Eliminated Week 9,6,True,1,9,11,0,Betsey Johnson,1,0,39.0
19,Lolo Jones,4,0.0,4,Keo Motsepe,Athlete,Iowa,United States,32,Eliminated Week 1,13,True,0,1,11,0,Betsey Johnson,1,0,
19,Michael Waltrip,4,25.0,4,Emma Slater,Racing Driver,Kentucky,United States,51,Eliminated Week 8,7,True,1,8,11,0,Betsey Johnson,1,0,25.0
19,Randy Couture,4,0.0,4,Karina Smirnoff,Athlete,Washington,United States,51,Eliminated Week 3,11,True,0,3,11,0,Betsey Johnson,1,0,
19,Sadie Robertson,4,37.0,4,Mark Ballas,TV Personality,Louisiana,United States,17,2nd Place,2,True,1,11,11,0,Betsey Johnson,1,0,37.0
19,Tavis Smiley,4,0.0,4,Sharna Burgess,Radio Personality,Mississippi,United States,50,Eliminated Week 2,12,True,0,2,11,0,Betsey Johnson,1,0,
19,Tommy Chong,4,28.0,4,Peta Murgatroyd,Comedian,,Canada,76,Eliminated Week 10,5,True,1,10,11,0,Betsey Johnson,1,0,28.0
19,Alfonso Ribeiro,5,34.0,4,Witney Carson,Actor/Actress,New York,United States,42,1st Place,1,True,1,11,11,0,,0,1,34.0
19,Antonio Sabato Jr.,5,28.0,4,Cheryl Burke,Actor/Actress,,Italy,42,Eliminated Week 7,8,True,1,7,11,0,,0,1,28.0
19,Bethany Mota,5,32.0,4,Derek Hough,Social Media Personality,California,United States,18,Eliminated Week 11,4,True,1,11,11,0,,0,1,32.0
19,Betsey Johnson,5,0.0,4,Tony Dovolani,Fashion Designer,Connecticut,United States,72,Eliminated Week 4,10,True,0,4,11,0,,0,1,
19,Janel Parrish,5,33.0,4,Valentin Chmerkovskiy,Actor/Actress,Hawaii,United States,25,3rd Place,3,True,1,11,11,0,,0,1,33.0
19,Jonathan Bennett,5,24.0,4,Allison Holker,Actor/Actress,Ohio,United States,33,Eliminated Week 6,9,True,1,6,11,0,,0,1,24.0
19,Lea Thompson,5,34.0,4,Artem Chigvintsev,Actor/Actress,Minnesota,United States,53,Eliminated Week 9,6,True,1,9,11,0,,0,1,34.0
19,Lolo Jones,5,0.0,4,Keo Motsepe,Athlete,Iowa,United States,32,Eliminated Week 1,13,True,0,1,11,0,,0,1,
19,Michael Waltrip,5,20.0,4,Emma Slater,Racing Driver,Kentucky,United States,51,Eliminated Week 8,7,True,1,8,11,0,,0,1,20.0
19,Randy Couture,5,0.0,4,Karina Smirnoff,Athlete,Washington,United States,51,Eliminated Week 3,11,True,0,3,11,0,,0,1,
19,Sadie Robertson,5,36.0,4,Mark Ballas,TV Personality,Louisiana,United States,17,2nd Place,2,True,1,11,11,0,,0,1,36.0
19,Tavis Smiley,5,0.0,4,Sharna Burgess,Radio Personality,Mississippi,United States,50,Eliminated Week 2,12,True,0,2,11,0,,0,1,
19,Tommy Chong,5,23.0,4,Peta Murgatroyd,Comedian,,Canada,76,Eliminated Week 10,5,True,1,10,11,0,,0,1,23.0
19,Alfonso Ribeiro,6,39.0,4,Witney Carson,Actor/Actress,New York,United States,42,1st Place,1,True,1,11,11,0,Jonathan Bennett,1,0,39.0
19,Antonio Sabato Jr.,6,28.0,4,Cheryl Burke,Actor/Actress,,Italy,42,Eliminated Week 7,8,True,1,7,11,0,Jonathan Bennett,1,0,28.0
19,Bethany Mota,6,36.0,4,Derek Hough,Social Media Personality,California,United States,18,Eliminated Week 11,4,True,1,11,11,0,Jonathan Bennett,1,0,36.0
19,Betsey Johnson,6,0.0,4,Tony Dovolani,Fashion Designer,Connecticut,United States,72,Eliminated Week 4,10,True,0,4,11,0,Jonathan Bennett,1,0,
19,Janel Parrish,6,33.0,4,Valentin Chmerkovskiy,Actor/Actress,Hawaii,United States,25,3rd Place,3,True,1,11,11,0,Jonathan Bennett,1,0,33.0
19,Jonathan Bennett,6,32.0,4,Allison Holker,Actor/Actress,Ohio,United States,33,Eliminated Week 6,9,True,1,6,11,1,Jonathan Bennett,1,0,32.0
19,Lea Thompson,6,32.0,4,Artem Chigvintsev,Actor/Actress,Minnesota,United States,53,Eliminated Week 9,6,True,1,9,11,0,Jonathan Bennett,1,0,32.0
19,Lolo Jones,6,0.0,4,Keo Motsepe,Athlete,Iowa,United States,32,Eliminated Week 1,13,True,0,1,11,0,Jonathan Bennett,1,0,
19,Michael Waltrip,6,30.0,4,Emma Slater,Racing Driver,Kentucky,United States,51,Eliminated Week 8,7,True,1,8,11,0,Jonathan Bennett,1,0,30.0
19,Randy Couture,6,0.0,4,Karina Smirnoff,Athlete,Washington,United States,51,Eliminated Week 3,11,True,0,3,11,0,Jonathan Bennett,1,0,
19,Sadie Robertson,6,35.0,4,Mark Ballas,TV Personality,Louisiana,United States,17,2nd Place,2,True,1,11,11,0,Jonathan Bennett,1,0,35.0
19,Tavis Smiley,6,0.0,4,Sharna Burgess,Radio Personality,Mississippi,United States,50,Eliminated Week 2,12,True,0,2,11,0,Jonathan Bennett,1,0,
19,Tommy Chong,6,28.0,4,Peta Murgatroyd,Comedian,,Canada,76,Eliminated Week 10,5,True,1,10,11,0,Jonathan Bennett,1,0,28.0
19,Alfonso Ribeiro,7,34.0,4,Witney Carson,Actor/Actress,New York,United States,42,1st Place,1,True,1,11,11,0,Antonio Sabato Jr.,1,0,34.0
19,Antonio Sabato Jr.,7,29.5,4,Cheryl Burke,Actor/Actress,,Italy,42,Eliminated Week 7,8,True,1,7,11,1,Antonio Sabato Jr.,1,0,29.5
19,Bethany Mota,7,37.5,4,Derek Hough,Social Media Personality,California,United States,18,Eliminated Week 11,4,True,1,11,11,0,Antonio Sabato Jr.,1,0,37.5
19,Betsey Johnson,7,0.0,4,Tony Dovolani,Fashion Designer,Connecticut,United States,72,Eliminated Week 4,10,True,0,4,11,0,Antonio Sabato Jr.,1,0,
19,Janel Parrish,7,33.5,4,Valentin Chmerkovskiy,Actor/Actress,Hawaii,United States,25,3rd Place,3,True,1,11,11,0,Antonio Sabato Jr.,1,0,33.5
19,Jonathan Bennett,7,0.0,4,Allison Holker,Actor/Actress,Ohio,United States,33,Eliminated Week 6,9,True,0,6,11,0,Antonio Sabato Jr.,1,0,
19,Lea Thompson,7,35.0,4,Artem Chigvintsev,Actor/Actress,Minnesota,United States,53,Eliminated Week 9,6,True,1,9,11,0,Antonio Sabato Jr.,1,0,35.0
19,Lolo Jones,7,0.0,4,Keo Motsepe,Athlete,Iowa,United States,32,Eliminated Week 1,13,True,0,1,11,0,Antonio Sabato Jr.,1,0,
19,Michael Waltrip,7,28.0,4,Emma Slater,Racing Driver,Kentucky,United States,51,Eliminated Week 8,7,True,1,8,11,0,Antonio Sabato Jr.,1,0,28.0
19,Randy Couture,7,0.0,4,Karina Smirnoff,Athlete,Washington,United States,51,Eliminated Week 3,11,True,0,3,11,0,Antonio Sabato Jr.,1,0,
19,Sadie Robertson,7,31.0,4,Mark Ballas,TV Personality,Louisiana,United States,17,2nd Place,2,True,1,11,11,0,Antonio Sabato Jr.,1,0,31.0
19,Tavis Smiley,7,0.0,4,Sharna Burgess,Radio Personality,Mississippi,United States,50,Eliminated Week 2,12,True,0,2,11,0,Antonio Sabato Jr.,1,0,
19,Tommy Chong,7,30.0,4,Peta Murgatroyd,Comedian,,Canada,76,Eliminated Week 10,5,True,1,10,11,0,Antonio Sabato Jr.,1,0,30.0
19,Alfonso Ribeiro,8,41.0,4,Witney Carson,Actor/Actress,New York,United States,42,1st Place,1,True,1,11,11,0,Michael Waltrip,1,0,41.0
19,Antonio Sabato Jr.,8,0.0,4,Cheryl Burke,Actor/Actress,,Italy,42,Eliminated Week 7,8,True,0,7,11,0,Michael Waltrip,1,0,
19,Bethany Mota,8,40.0,4,Derek Hough,Social Media Personality,California,United States,18,Eliminated Week 11,4,True,1,11,11,0,Michael Waltrip,1,0,40.0
19,Betsey Johnson,8,0.0,4,Tony Dovolani,Fashion Designer,Connecticut,United States,72,Eliminated Week 4,10,True,0,4,11,0,Michael Waltrip,1,0,
19,Janel Parrish,8,43.0,4,Valentin Chmerkovskiy,Actor/Actress,Hawaii,United States,25,3rd Place,3,True,1,11,11,0,Michael Waltrip,1,0,43.0
19,Jonathan Bennett,8,0.0,4,Allison Holker,Actor/Actress,Ohio,United States,33,Eliminated Week 6,9,True,0,6,11,0,Michael Waltrip,1,0,
19,Lea Thompson,8,32.0,4,Artem Chigvintsev,Actor/Actress,Minnesota,United States,53,Eliminated Week 9,6,True,1,9,11,0,Michael Waltrip,1,0,32.0
19,Lolo Jones,8,0.0,4,Keo Motsepe,Athlete,Iowa,United States,32,Eliminated Week 1,13,True,0,1,11,0,Michael Waltrip,1,0,
19,Michael Waltrip,8,25.0,4,Emma Slater,Racing Driver,Kentucky,United States,51,Eliminated Week 8,7,True,1,8,11,1,Michael Waltrip,1,0,25.0
19,Randy Couture,8,0.0,4,Karina Smirnoff,Athlete,Washington,United States,51,Eliminated Week 3,11,True,0,3,11,0,Michael Waltrip,1,0,
19,Sadie Robertson,8,38.0,4,Mark Ballas,TV Personality,Louisiana,United States,17,2nd Place,2,True,1,11,11,0,Michael Waltrip,1,0,38.0
19,Tavis Smiley,8,0.0,4,Sharna Burgess,Radio Personality,Mississippi,United States,50,Eliminated Week 2,12,True,0,2,11,0,Michael Waltrip,1,0,
19,Tommy Chong,8,29.0,4,Peta Murgatroyd,Comedian,,Canada,76,Eliminated Week 10,5,True,1,10,11,0,Michael Waltrip,1,0,29.0
19,Alfonso Ribeiro,9,38.5,4,Witney Carson,Actor/Actress,New York,United States,42,1st Place,1,True,1,11,11,0,Lea Thompson,1,0,38.5
19,Antonio Sabato Jr.,9,0.0,4,Cheryl Burke,Actor/Actress,,Italy,42,Eliminated Week 7,8,True,0,7,11,0,Lea Thompson,1,0,
19,Bethany Mota,9,37.0,4,Derek Hough,Social Media Personality,California,United States,18,Eliminated Week 11,4,True,1,11,11,0,Lea Thompson,1,0,37.0
19,Betsey Johnson,9,0.0,4,Tony Dovolani,Fashion Designer,Connecticut,United States,72,Eliminated Week 4,10,True,0,4,11,0,Lea Thompson,1,0,
19,Janel Parrish,9,38.5,4,Valentin Chmerkovskiy,Actor/Actress,Hawaii,United States,25,3rd Place,3,True,1,11,11,0,Lea Thompson,1,0,38.5
19,Jonathan Bennett,9,0.0,4,Allison Holker,Actor/Actress,Ohio,United States,33,Eliminated Week 6,9,True,0,6,11,0,Lea Thompson,1,0,
19,Lea Thompson,9,35.0,4,Artem Chigvintsev,Actor/Actress,Minnesota,United States,53,Eliminated Week 9,6,True,1,9,11,1,Lea Thompson,1,0,35.0
19,Lolo Jones,9,0.0,4,Keo Motsepe,Athlete,Iowa,United States,32,Eliminated Week 1,13,True,0,1,11,0,Lea Thompson,1,0,
19,Michael Waltrip,9,0.0,4,Emma Slater,Racing Driver,Kentucky,United States,51,Eliminated Week 8,7,True,0,8,11,0,Lea Thompson,1,0,
19,Randy Couture,9,0.0,4,Karina Smirnoff,Athlete,Washington,United States,51,Eliminated Week 3,11,True,0,3,11,0,Lea Thompson,1,0,
19,Sadie Robertson,9,36.5,4,Mark Ballas,TV Personality,Louisiana,United States,17,2nd Place,2,True,1,11,11,0,Lea Thompson,1,0,36.5
19,Tavis Smiley,9,0.0,4,Sharna Burgess,Radio Personality,Mississippi,United States,50,Eliminated Week 2,12,True,0,2,11,0,Lea Thompson,1,0,
19,Tommy Chong,9,28.5,4,Peta Murgatroyd,Comedian,,Canada,76,Eliminated Week 10,5,True,1,10,11,0,Lea Thompson,1,0,28.5
19,Alfonso Ribeiro,10,37.5,4,Witney Carson,Actor/Actress,New York,United States,42,1st Place,1,True,1,11,11,0,Tommy Chong,1,0,37.5
19,Antonio Sabato Jr.,10,0.0,4,Cheryl Burke,Actor/Actress,,Italy,42,Eliminated Week 7,8,True,0,7,11,0,Tommy Chong,1,0,
19,Bethany Mota,10,38.0,4,Derek Hough,Social Media Personality,California,United States,18,Eliminated Week 11,4,True,1,11,11,0,Tommy Chong,1,0,38.0
19,Betsey Johnson,10,0.0,4,Tony Dovolani,Fashion Designer,Connecticut,United States,72,Eliminated Week 4,10,True,0,4,11,0,Tommy Chong,1,0,
19,Janel Parrish,10,39.0,4,Valentin Chmerkovskiy,Actor/Actress,Hawaii,United States,25,3rd Place,3,True,1,11,11,0,Tommy Chong,1,0,39.0
19,Jonathan Bennett,10,0.0,4,Allison Holker,Actor/Actress,Ohio,United States,33,Eliminated Week 6,9,True,0,6,11,0,Tommy Chong,1,0,
19,Lea Thompson,10,0.0,4,Artem Chigvintsev,Actor/Actress,Minnesota,United States,53,Eliminated Week 9,6,True,0,9,11,0,Tommy Chong,1,0,
19,Lolo Jones,10,0.0,4,Keo Motsepe,Athlete,Iowa,United States,32,Eliminated Week 1,13,True,0,1,11,0,Tommy Chong,1,0,
19,Michael Waltrip,10,0.0,4,Emma Slater,Racing Driver,Kentucky,United States,51,Eliminated Week 8,7,True,0,8,11,0,Tommy Chong,1,0,
19,Randy Couture,10,0.0,4,Karina Smirnoff,Athlete,Washington,United States,51,Eliminated Week 3,11,True,0,3,11,0,Tommy Chong,1,0,
19,Sadie Robertson,10,37.0,4,Mark Ballas,TV Personality,Louisiana,United States,17,2nd Place,2,True,1,11,11,0,Tommy Chong,1,0,37.0
19,Tavis Smiley,10,0.0,4,Sharna Burgess,Radio Personality,Mississippi,United States,50,Eliminated Week 2,12,True,0,2,11,0,Tommy Chong,1,0,
19,Tommy Chong,10,31.0,4,Peta Murgatroyd,Comedian,,Canada,76,Eliminated Week 10,5,True,1,10,11,1,Tommy Chong,1,0,31.0
19,Alfonso Ribeiro,11,40.0,4,Witney Carson,Actor/Actress,New York,United States,42,1st Place,1,True,1,11,11,0,,0,1,40.0
19,Antonio Sabato Jr.,11,0.0,4,Cheryl Burke,Actor/Actress,,Italy,42,Eliminated Week 7,8,True,0,7,11,0,,0,1,
19,Bethany Mota,11,38.0,4,Derek Hough,Social Media Personality,California,United States,18,Eliminated Week 11,4,True,1,11,11,0,,0,1,38.0
19,Betsey Johnson,11,0.0,4,Tony Dovolani,Fashion Designer,Connecticut,United States,72,Eliminated Week 4,10,True,0,4,11,0,,0,1,
19,Janel Parrish,11,38.99980000000001,4,Valentin Chmerkovskiy,Actor/Actress,Hawaii,United States,25,3rd Place,3,True,1,11,11,0,,0,1,38.99980000000001
19,Jonathan Bennett,11,0.0,4,Allison Holker,Actor/Actress,Ohio,United States,33,Eliminated Week 6,9,True,0,6,11,0,,0,1,
19,Lea Thompson,11,0.0,4,Artem Chigvintsev,Actor/Actress,Minnesota,United States,53,Eliminated Week 9,6,True,0,9,11,0,,0,1,
19,Lolo Jones,11,0.0,4,Keo Motsepe,Athlete,Iowa,United States,32,Eliminated Week 1,13,True,0,1,11,0,,0,1,
19,Michael Waltrip,11,0.0,4,Emma Slater,Racing Driver,Kentucky,United States,51,Eliminated Week 8,7,True,0,8,11,0,,0,1,
19,Randy Couture,11,0.0,4,Karina Smirnoff,Athlete,Washington,United States,51,Eliminated Week 3,11,True,0,3,11,0,,0,1,
19,Sadie Robertson,11,39.333200000000005,4,Mark Ballas,TV Personality,Louisiana,United States,17,2nd Place,2,True,1,11,11,0,,0,1,39.333200000000005
19,Tavis Smiley,11,0.0,4,Sharna Burgess,Radio Personality,Mississippi,United States,50,Eliminated Week 2,12,True,0,2,11,0,,0,1,
19,Tommy Chong,11,0.0,4,Peta Murgatroyd,Comedian,,Canada,76,Eliminated Week 10,5,True,0,10,11,0,,0,1,
20,Charlotte McKinney,1,22.0,4,Keo Motsepe,Model,Florida,United States,21,Eliminated Week 3,11,True,1,3,10,0,,0,1,22.0
20,Chris Soules,1,26.0,4,Witney Carson,TV Personality,Iowa,United States,33,Eliminated Week 8,5,True,1,8,10,0,,0,1,26.0
20,Michael Sam,1,26.0,4,Peta Murgatroyd,Athlete,Texas,United States,25,Eliminated Week 4,10,True,1,4,10,0,,0,1,26.0
20,Nastia Liukin,1,30.0,4,Derek Hough,Athlete,,Russia,25,Eliminated Week 9,4,True,1,9,10,0,,0,1,30.0
20,Noah Galloway,1,26.0,4,Sharna Burgess,Motivational Speaker,Alabama,United States,33,3rd Place,3,True,1,10,10,0,,0,1,26.0
20,Patti LaBelle,1,25.0,4,Artem Chigvintsev,Singer/Rapper,Pennsylvania,United States,70,Eliminated Week 6,8,True,1,6,10,0,,0,1,25.0
20,Redfoo,1,22.0,4,Emma Slater,Singer/Rapper,California,United States,39,Eliminated Week 2,12,True,1,2,10,0,,0,1,22.0
20,Riker Lynch,1,31.0,4,Allison Holker,Actor/Actress,Colorado,United States,23,2nd Place,2,True,1,10,10,0,,0,1,31.0
20,Robert Herjavec,1,28.0,4,Kym Johnson,Entrepreneur,,Croatia,52,Eliminated Week 8,6,True,1,8,10,0,,0,1,28.0
20,Rumer Willis,1,32.0,4,Valentin Chmerkovskiy,Actor/Actress,Kentucky,United States,26,1st Place,1,True,1,10,10,0,,0,1,32.0
20,Suzanne Somers,1,25.0,4,Tony Dovolani,Actor/Actress,California,United States,68,Eliminated Week 5,9,True,1,5,10,0,,0,1,25.0
20,Willow Shields,1,25.0,4,Mark Ballas,Actor/Actress,New Mexico,United States,14,Eliminated Week 7,7,True,1,7,10,0,,0,1,25.0
20,Charlotte McKinney,2,26.0,4,Keo Motsepe,Model,Florida,United States,21,Eliminated Week 3,11,True,1,3,10,0,Redfoo,1,0,26.0
20,Chris Soules,2,21.0,4,Witney Carson,TV Personality,Iowa,United States,33,Eliminated Week 8,5,True,1,8,10,0,Redfoo,1,0,21.0
20,Michael Sam,2,28.0,4,Peta Murgatroyd,Athlete,Texas,United States,25,Eliminated Week 4,10,True,1,4,10,0,Redfoo,1,0,28.0
20,Nastia Liukin,2,34.0,4,Derek Hough,Athlete,,Russia,25,Eliminated Week 9,4,True,1,9,10,0,Redfoo,1,0,34.0
20,Noah Galloway,2,27.0,4,Sharna Burgess,Motivational Speaker,Alabama,United States,33,3rd Place,3,True,1,10,10,0,Redfoo,1,0,27.0
20,Patti LaBelle,2,28.0,4,Artem Chigvintsev,Singer/Rapper,Pennsylvania,United States,70,Eliminated Week 6,8,True,1,6,10,0,Redfoo,1,0,28.0
20,Redfoo,2,31.0,4,Emma Slater,Singer/Rapper,California,United States,39,Eliminated Week 2,12,True,1,2,10,1,Redfoo,1,0,31.0
20,Riker Lynch,2,32.0,4,Allison Holker,Actor/Actress,Colorado,United States,23,2nd Place,2,True,1,10,10,0,Redfoo,1,0,32.0
20,Robert Herjavec,2,28.0,4,Kym Johnson,Entrepreneur,,Croatia,52,Eliminated Week 8,6,True,1,8,10,0,Redfoo,1,0,28.0
20,Rumer Willis,2,32.0,4,Valentin Chmerkovskiy,Actor/Actress,Kentucky,United States,26,1st Place,1,True,1,10,10,0,Redfoo,1,0,32.0
20,Suzanne Somers,2,28.0,4,Tony Dovolani,Actor/Actress,California,United States,68,Eliminated Week 5,9,True,1,5,10,0,Redfoo,1,0,28.0
20,Willow Shields,2,32.0,4,Mark Ballas,Actor/Actress,New Mexico,United States,14,Eliminated Week 7,7,True,1,7,10,0,Redfoo,1,0,32.0
20,Charlotte McKinney,3,22.0,4,Keo Motsepe,Model,Florida,United States,21,Eliminated Week 3,11,True,1,3,10,1,Charlotte McKinney,1,0,22.0
20,Chris Soules,3,28.0,4,Witney Carson,TV Personality,Iowa,United States,33,Eliminated Week 8,5,True,1,8,10,0,Charlotte McKinney,1,0,28.0
20,Michael Sam,3,24.0,4,Peta Murgatroyd,Athlete,Texas,United States,25,Eliminated Week 4,10,True,1,4,10,0,Charlotte McKinney,1,0,24.0
20,Nastia Liukin,3,34.0,4,Derek Hough,Athlete,,Russia,25,Eliminated Week 9,4,True,1,9,10,0,Charlotte McKinney,1,0,34.0
20,Noah Galloway,3,30.0,4,Sharna Burgess,Motivational Speaker,Alabama,United States,33,3rd Place,3,True,1,10,10,0,Charlotte McKinney,1,0,30.0
20,Patti LaBelle,3,22.0,4,Artem Chigvintsev,Singer/Rapper,Pennsylvania,United States,70,Eliminated Week 6,8,True,1,6,10,0,Charlotte McKinney,1,0,22.0
20,Redfoo,3,0.0,4,Emma Slater,Singer/Rapper,California,United States,39,Eliminated Week 2,12,True,0,2,10,0,Charlotte McKinney,1,0,
20,Riker Lynch,3,34.0,4,Allison Holker,Actor/Actress,Colorado,United States,23,2nd Place,2,True,1,10,10,0,Charlotte McKinney,1,0,34.0
20,Robert Herjavec,3,29.0,4,Kym Johnson,Entrepreneur,,Croatia,52,Eliminated Week 8,6,True,1,8,10,0,Charlotte McKinney,1,0,29.0
20,Rumer Willis,3,33.0,4,Valentin Chmerkovskiy,Actor/Actress,Kentucky,United States,26,1st Place,1,True,1,10,10,0,Charlotte McKinney,1,0,33.0
20,Suzanne Somers,3,25.0,4,Tony Dovolani,Actor/Actress,California,United States,68,Eliminated Week 5,9,True,1,5,10,0,Charlotte McKinney,1,0,25.0
20,Willow Shields,3,32.0,4,Mark Ballas,Actor/Actress,New Mexico,United States,14,Eliminated Week 7,7,True,1,7,10,0,Charlotte McKinney,1,0,32.0
20,Charlotte McKinney,4,0.0,4,Keo Motsepe,Model,Florida,United States,21,Eliminated Week 3,11,True,0,3,10,0,Michael Sam,1,0,
20,Chris Soules,4,27.0,4,Witney Carson,TV Personality,Iowa,United States,33,Eliminated Week 8,5,True,1,8,10,0,Michael Sam,1,0,27.0
20,Michael Sam,4,30.0,4,Peta Murgatroyd,Athlete,Texas,United States,25,Eliminated Week 4,10,True,1,4,10,1,Michael Sam,1,0,30.0
20,Nastia Liukin,4,36.0,4,Derek Hough,Athlete,,Russia,25,Eliminated Week 9,4,True,1,9,10,0,Michael Sam,1,0,36.0
20,Noah Galloway,4,32.0,4,Sharna Burgess,Motivational Speaker,Alabama,United States,33,3rd Place,3,True,1,10,10,0,Michael Sam,1,0,32.0
20,Patti LaBelle,4,30.0,4,Artem Chigvintsev,Singer/Rapper,Pennsylvania,United States,70,Eliminated Week 6,8,True,1,6,10,0,Michael Sam,1,0,30.0
20,Redfoo,4,0.0,4,Emma Slater,Singer/Rapper,California,United States,39,Eliminated Week 2,12,True,0,2,10,0,Michael Sam,1,0,
20,Riker Lynch,4,34.0,4,Allison Holker,Actor/Actress,Colorado,United States,23,2nd Place,2,True,1,10,10,0,Michael Sam,1,0,34.0
20,Robert Herjavec,4,34.0,4,Kym Johnson,Entrepreneur,,Croatia,52,Eliminated Week 8,6,True,1,8,10,0,Michael Sam,1,0,34.0
20,Rumer Willis,4,35.0,4,Valentin Chmerkovskiy,Actor/Actress,Kentucky,United States,26,1st Place,1,True,1,10,10,0,Michael Sam,1,0,35.0
20,Suzanne Somers,4,28.0,4,Tony Dovolani,Actor/Actress,California,United States,68,Eliminated Week 5,9,True,1,5,10,0,Michael Sam,1,0,28.0
20,Willow Shields,4,39.0,4,Mark Ballas,Actor/Actress,New Mexico,United States,14,Eliminated Week 7,7,True,1,7,10,0,Michael Sam,1,0,39.0
20,Charlotte McKinney,5,0.0,4,Keo Motsepe,Model,Florida,United States,21,Eliminated Week 3,11,True,0,3,10,0,Suzanne Somers,1,0,
20,Chris Soules,5,27.0,4,Witney Carson,TV Personality,Iowa,United States,33,Eliminated Week 8,5,True,1,8,10,0,Suzanne Somers,1,0,27.0
20,Michael Sam,5,0.0,4,Peta Murgatroyd,Athlete,Texas,United States,25,Eliminated Week 4,10,True,0,4,10,0,Suzanne Somers,1,0,
20,Nastia Liukin,5,38.0,4,Derek Hough,Athlete,,Russia,25,Eliminated Week 9,4,True,1,9,10,0,Suzanne Somers,1,0,38.0
20,Noah Galloway,5,28.0,4,Sharna Burgess,Motivational Speaker,Alabama,United States,33,3rd Place,3,True,1,10,10,0,Suzanne Somers,1,0,28.0
20,Patti LaBelle,5,27.0,4,Artem Chigvintsev,Singer/Rapper,Pennsylvania,United States,70,Eliminated Week 6,8,True,1,6,10,0,Suzanne Somers,1,0,27.0
20,Redfoo,5,0.0,4,Emma Slater,Singer/Rapper,California,United States,39,Eliminated Week 2,12,True,0,2,10,0,Suzanne Somers,1,0,
20,Riker Lynch,5,38.0,4,Allison Holker,Actor/Actress,Colorado,United States,23,2nd Place,2,True,1,10,10,0,Suzanne Somers,1,0,38.0
20,Robert Herjavec,5,24.0,4,Kym Johnson,Entrepreneur,,Croatia,52,Eliminated Week 8,6,True,1,8,10,0,Suzanne Somers,1,0,24.0
20,Rumer Willis,5,39.0,4,Valentin Chmerkovskiy,Actor/Actress,Kentucky,United States,26,1st Place,1,True,1,10,10,0,Suzanne Somers,1,0,39.0
20,Suzanne Somers,5,28.0,4,Tony Dovolani,Actor/Actress,California,United States,68,Eliminated Week 5,9,True,1,5,10,1,Suzanne Somers,1,0,28.0
20,Willow Shields,5,34.0,4,Mark Ballas,Actor/Actress,New Mexico,United States,14,Eliminated Week 7,7,True,1,7,10,0,Suzanne Somers,1,0,34.0
20,Charlotte McKinney,6,0.0,4,Keo Motsepe,Model,Florida,United States,21,Eliminated Week 3,11,True,0,3,10,0,Patti LaBelle,1,0,
20,Chris Soules,6,35.0,4,Witney Carson,TV Personality,Iowa,United States,33,Eliminated Week 8,5,True,1,8,10,0,Patti LaBelle,1,0,35.0
20,Michael Sam,6,0.0,4,Peta Murgatroyd,Athlete,Texas,United States,25,Eliminated Week 4,10,True,0,4,10,0,Patti LaBelle,1,0,
20,Nastia Liukin,6,36.5,4,Derek Hough,Athlete,,Russia,25,Eliminated Week 9,4,True,1,9,10,0,Patti LaBelle,1,0,36.5
20,Noah Galloway,6,34.0,4,Sharna Burgess,Motivational Speaker,Alabama,United States,33,3rd Place,3,True,1,10,10,0,Patti LaBelle,1,0,34.0
20,Patti LaBelle,6,34.0,4,Artem Chigvintsev,Singer/Rapper,Pennsylvania,United States,70,Eliminated Week 6,8,True,1,6,10,1,Patti LaBelle,1,0,34.0
20,Redfoo,6,0.0,4,Emma Slater,Singer/Rapper,California,United States,39,Eliminated Week 2,12,True,0,2,10,0,Patti LaBelle,1,0,
20,Riker Lynch,6,38.0,4,Allison Holker,Actor/Actress,Colorado,United States,23,2nd Place,2,True,1,10,10,0,Patti LaBelle,1,0,38.0
20,Robert Herjavec,6,33.5,4,Kym Johnson,Entrepreneur,,Croatia,52,Eliminated Week 8,6,True,1,8,10,0,Patti LaBelle,1,0,33.5
20,Rumer Willis,6,35.5,4,Valentin Chmerkovskiy,Actor/Actress,Kentucky,United States,26,1st Place,1,True,1,10,10,0,Patti LaBelle,1,0,35.5
20,Suzanne Somers,6,0.0,4,Tony Dovolani,Actor/Actress,California,United States,68,Eliminated Week 5,9,True,0,5,10,0,Patti LaBelle,1,0,
20,Willow Shields,6,36.5,4,Mark Ballas,Actor/Actress,New Mexico,United States,14,Eliminated Week 7,7,True,1,7,10,0,Patti LaBelle,1,0,36.5
20,Charlotte McKinney,7,0.0,4,Keo Motsepe,Model,Florida,United States,21,Eliminated Week 3,11,True,0,3,10,0,Willow Shields,1,0,
20,Chris Soules,7,31.0,4,Witney Carson,TV Personality,Iowa,United States,33,Eliminated Week 8,5,True,1,8,10,0,Willow Shields,1,0,31.0
20,Michael Sam,7,0.0,4,Peta Murgatroyd,Athlete,Texas,United States,25,Eliminated Week 4,10,True,0,4,10,0,Willow Shields,1,0,
20,Nastia Liukin,7,41.0,4,Derek Hough,Athlete,,Russia,25,Eliminated Week 9,4,True,1,9,10,0,Willow Shields,1,0,41.0
20,Noah Galloway,7,38.0,4,Sharna Burgess,Motivational Speaker,Alabama,United States,33,3rd Place,3,True,1,10,10,0,Willow Shields,1,0,38.0
20,Patti LaBelle,7,0.0,4,Artem Chigvintsev,Singer/Rapper,Pennsylvania,United States,70,Eliminated Week 6,8,True,0,6,10,0,Willow Shields,1,0,
20,Redfoo,7,0.0,4,Emma Slater,Singer/Rapper,California,United States,39,Eliminated Week 2,12,True,0,2,10,0,Willow Shields,1,0,
20,Riker Lynch,7,37.0,4,Allison Holker,Actor/Actress,Colorado,United States,23,2nd Place,2,True,1,10,10,0,Willow Shields,1,0,37.0
20,Robert Herjavec,7,31.0,4,Kym Johnson,Entrepreneur,,Croatia,52,Eliminated Week 8,6,True,1,8,10,0,Willow Shields,1,0,31.0
20,Rumer Willis,7,37.0,4,Valentin Chmerkovskiy,Actor/Actress,Kentucky,United States,26,1st Place,1,True,1,10,10,0,Willow Shields,1,0,37.0
20,Suzanne Somers,7,0.0,4,Tony Dovolani,Actor/Actress,California,United States,68,Eliminated Week 5,9,True,0,5,10,0,Willow Shields,1,0,
20,Willow Shields,7,39.0,4,Mark Ballas,Actor/Actress,New Mexico,United States,14,Eliminated Week 7,7,True,1,7,10,1,Willow Shields,1,0,39.0
20,Charlotte McKinney,8,0.0,4,Keo Motsepe,Model,Florida,United States,21,Eliminated Week 3,11,True,0,3,10,0,Chris Soules; Robert Herjavec,1,0,
20,Chris Soules,8,32.0,4,Witney Carson,TV Personality,Iowa,United States,33,Eliminated Week 8,5,True,1,8,10,1,Chris Soules; Robert Herjavec,1,0,32.0
20,Michael Sam,8,0.0,4,Peta Murgatroyd,Athlete,Texas,United States,25,Eliminated Week 4,10,True,0,4,10,0,Chris Soules; Robert Herjavec,1,0,
20,Nastia Liukin,8,38.0,4,Derek Hough,Athlete,,Russia,25,Eliminated Week 9,4,True,1,9,10,0,Chris Soules; Robert Herjavec,1,0,38.0
20,Noah Galloway,8,31.5,4,Sharna Burgess,Motivational Speaker,Alabama,United States,33,3rd Place,3,True,1,10,10,0,Chris Soules; Robert Herjavec,1,0,31.5
20,Patti LaBelle,8,0.0,4,Artem Chigvintsev,Singer/Rapper,Pennsylvania,United States,70,Eliminated Week 6,8,True,0,6,10,0,Chris Soules; Robert Herjavec,1,0,
20,Redfoo,8,0.0,4,Emma Slater,Singer/Rapper,California,United States,39,Eliminated Week 2,12,True,0,2,10,0,Chris Soules; Robert Herjavec,1,0,
20,Riker Lynch,8,39.0,4,Allison Holker,Actor/Actress,Colorado,United States,23,2nd Place,2,True,1,10,10,0,Chris Soules; Robert Herjavec,1,0,39.0
20,Robert Herjavec,8,31.0,4,Kym Johnson,Entrepreneur,,Croatia,52,Eliminated Week 8,6,True,1,8,10,1,Chris Soules; Robert Herjavec,1,0,31.0
20,Rumer Willis,8,40.0,4,Valentin Chmerkovskiy,Actor/Actress,Kentucky,United States,26,1st Place,1,True,1,10,10,0,Chris Soules; Robert Herjavec,1,0,40.0
20,Suzanne Somers,8,0.0,4,Tony Dovolani,Actor/Actress,California,United States,68,Eliminated Week 5,9,True,0,5,10,0,Chris Soules; Robert Herjavec,1,0,
20,Willow Shields,8,0.0,4,Mark Ballas,Actor/Actress,New Mexico,United States,14,Eliminated Week 7,7,True,0,7,10,0,Chris Soules; Robert Herjavec,1,0,
20,Charlotte McKinney,9,0.0,4,Keo Motsepe,Model,Florida,United States,21,Eliminated Week 3,11,True,0,3,10,0,Nastia Liukin,1,0,
20,Chris Soules,9,0.0,4,Witney Carson,TV Personality,Iowa,United States,33,Eliminated Week 8,5,True,0,8,10,0,Nastia Liukin,1,0,
20,Michael Sam,9,0.0,4,Peta Murgatroyd,Athlete,Texas,United States,25,Eliminated Week 4,10,True,0,4,10,0,Nastia Liukin,1,0,
20,Nastia Liukin,9,40.0,4,Derek Hough,Athlete,,Russia,25,Eliminated Week 9,4,True,1,9,10,1,Nastia Liukin,1,0,40.0
20,Noah Galloway,9,38.0,4,Sharna Burgess,Motivational Speaker,Alabama,United States,33,3rd Place,3,True,1,10,10,0,Nastia Liukin,1,0,38.0
20,Patti LaBelle,9,0.0,4,Artem Chigvintsev,Singer/Rapper,Pennsylvania,United States,70,Eliminated Week 6,8,True,0,6,10,0,Nastia Liukin,1,0,
20,Redfoo,9,0.0,4,Emma Slater,Singer/Rapper,California,United States,39,Eliminated Week 2,12,True,0,2,10,0,Nastia Liukin,1,0,
20,Riker Lynch,9,40.0,4,Allison Holker,Actor/Actress,Colorado,United States,23,2nd Place,2,True,1,10,10,0,Nastia Liukin,1,0,40.0
20,Robert Herjavec,9,0.0,4,Kym Johnson,Entrepreneur,,Croatia,52,Eliminated Week 8,6,True,0,8,10,0,Nastia Liukin,1,0,
20,Rumer Willis,9,39.0,4,Valentin Chmerkovskiy,Actor/Actress,Kentucky,United States,26,1st Place,1,True,1,10,10,0,Nastia Liukin,1,0,39.0
20,Suzanne Somers,9,0.0,4,Tony Dovolani,Actor/Actress,California,United States,68,Eliminated Week 5,9,True,0,5,10,0,Nastia Liukin,1,0,
20,Willow Shields,9,0.0,4,Mark Ballas,Actor/Actress,New Mexico,United States,14,Eliminated Week 7,7,True,0,7,10,0,Nastia Liukin,1,0,
20,Charlotte McKinney,10,0.0,4,Keo Motsepe,Model,Florida,United States,21,Eliminated Week 3,11,True,0,3,10,0,,0,1,
20,Chris Soules,10,0.0,4,Witney Carson,TV Personality,Iowa,United States,33,Eliminated Week 8,5,True,0,8,10,0,,0,1,
20,Michael Sam,10,0.0,4,Peta Murgatroyd,Athlete,Texas,United States,25,Eliminated Week 4,10,True,0,4,10,0,,0,1,
20,Nastia Liukin,10,0.0,4,Derek Hough,Athlete,,Russia,25,Eliminated Week 9,4,True,0,9,10,0,,0,1,
20,Noah Galloway,10,36.0,4,Sharna Burgess,Motivational Speaker,Alabama,United States,33,3rd Place,3,True,1,10,10,0,,0,1,36.0
20,Patti LaBelle,10,0.0,4,Artem Chigvintsev,Singer/Rapper,Pennsylvania,United States,70,Eliminated Week 6,8,True,0,6,10,0,,0,1,
20,Redfoo,10,0.0,4,Emma Slater,Singer/Rapper,California,United States,39,Eliminated Week 2,12,True,0,2,10,0,,0,1,
20,Riker Lynch,10,40.0,4,Allison Holker,Actor/Actress,Colorado,United States,23,2nd Place,2,True,1,10,10,0,,0,1,40.0
20,Robert Herjavec,10,0.0,4,Kym Johnson,Entrepreneur,,Croatia,52,Eliminated Week 8,6,True,0,8,10,0,,0,1,
20,Rumer Willis,10,40.0,4,Valentin Chmerkovskiy,Actor/Actress,Kentucky,United States,26,1st Place,1,True,1,10,10,0,,0,1,40.0
20,Suzanne Somers,10,0.0,4,Tony Dovolani,Actor/Actress,California,United States,68,Eliminated Week 5,9,True,0,5,10,0,,0,1,
20,Willow Shields,10,0.0,4,Mark Ballas,Actor/Actress,New Mexico,United States,14,Eliminated Week 7,7,True,0,7,10,0,,0,1,
20,Charlotte McKinney,11,,0,Keo Motsepe,Model,Florida,United States,21,Eliminated Week 3,11,False,0,3,10,0,,0,0,
20,Chris Soules,11,,0,Witney Carson,TV Personality,Iowa,United States,33,Eliminated Week 8,5,False,0,8,10,0,,0,0,
20,Michael Sam,11,,0,Peta Murgatroyd,Athlete,Texas,United States,25,Eliminated Week 4,10,False,0,4,10,0,,0,0,
20,Nastia Liukin,11,,0,Derek Hough,Athlete,,Russia,25,Eliminated Week 9,4,False,0,9,10,0,,0,0,
20,Noah Galloway,11,,0,Sharna Burgess,Motivational Speaker,Alabama,United States,33,3rd Place,3,False,0,10,10,0,,0,0,
20,Patti LaBelle,11,,0,Artem Chigvintsev,Singer/Rapper,Pennsylvania,United States,70,Eliminated Week 6,8,False,0,6,10,0,,0,0,
20,Redfoo,11,,0,Emma Slater,Singer/Rapper,California,United States,39,Eliminated Week 2,12,False,0,2,10,0,,0,0,
20,Riker Lynch,11,,0,Allison Holker,Actor/Actress,Colorado,United States,23,2nd Place,2,False,0,10,10,0,,0,0,
20,Robert Herjavec,11,,0,Kym Johnson,Entrepreneur,,Croatia,52,Eliminated Week 8,6,False,0,8,10,0,,0,0,
20,Rumer Willis,11,,0,Valentin Chmerkovskiy,Actor/Actress,Kentucky,United States,26,1st Place,1,False,0,10,10,0,,0,0,
20,Suzanne Somers,11,,0,Tony Dovolani,Actor/Actress,California,United States,68,Eliminated Week 5,9,False,0,5,10,0,,0,0,
20,Willow Shields,11,,0,Mark Ballas,Actor/Actress,New Mexico,United States,14,Eliminated Week 7,7,False,0,7,10,0,,0,0,
21,Alek Skarlatos,1,22.0,3,Lindsay Arnold,Military,California,United States,22,3rd Place,3,True,1,11,11,0,,0,1,22.0
21,Alexa PenaVega,1,22.0,3,Mark Ballas,Actor/Actress,Florida,United States,27,Eliminated Week 9,6,True,1,9,11,0,,0,1,22.0
21,Andy Grammer,1,21.0,3,Allison Holker,Singer/Rapper,California,United States,31,Eliminated Week 8,7,True,1,8,11,0,,0,1,21.0
21,Bindi Irwin,1,24.0,3,Derek Hough,TV Personality,,Australia,17,1st Place,1,True,1,11,11,0,,0,1,24.0
21,Carlos PenaVega,1,23.0,3,Witney Carson,Actor/Actress,Missouri,United States,26,Eliminated Week 11,4,True,1,11,11,0,,0,1,23.0
21,Chaka Khan,1,13.0,3,Keo Motsepe,Singer/Rapper,Illinois,United States,62,Eliminated Week 2,13,True,1,2,11,0,,0,1,13.0
21,Gary Busey,1,15.0,3,Anna Trebunskaya,Actor/Actress,Texas,United States,71,Eliminated Week 4,10,True,1,4,11,0,,0,1,15.0
21,Hayes Grier,1,21.0,3,Emma Slater,Social Media Personality,North Carolina,United States,15,Eliminated Week 7,8,True,1,7,11,0,,0,1,21.0
21,Kim Zolciak-Biermann,1,12.0,3,Tony Dovolani,TV Personality,Florida,United States,37,Withdrew,11,True,1,2,11,0,,0,1,12.0
21,Nick Carter,1,24.0,3,Sharna Burgess,Singer/Rapper,New York,United States,35,2nd Place,2,True,1,11,11,0,,0,1,24.0
21,Paula Deen,1,15.0,3,Louis van Amstel,TV Personality,Georgia,United States,68,Eliminated Week 6,9,True,1,6,11,0,,0,1,15.0
21,Tamar Braxton,1,23.0,3,Valentin Chmerkovskiy,Singer/Rapper,Maryland,United States,38,Withdrew,5,True,1,9,11,0,,0,1,23.0
21,Victor Espinoza,1,15.0,3,Karina Smirnoff,Athlete,,Mexico,43,Eliminated Week 2,12,True,1,2,11,0,,0,1,15.0
21,Alek Skarlatos,2,22.5,3,Lindsay Arnold,Military,California,United States,22,3rd Place,3,True,1,11,11,0,Chaka Khan; Kim Zolciak-Biermann; Victor Espinoza,1,0,22.5
21,Alexa PenaVega,2,23.0,3,Mark Ballas,Actor/Actress,Florida,United States,27,Eliminated Week 9,6,True,1,9,11,0,Chaka Khan; Kim Zolciak-Biermann; Victor Espinoza,1,0,23.0
21,Andy Grammer,2,22.0,3,Allison Holker,Singer/Rapper,California,United States,31,Eliminated Week 8,7,True,1,8,11,0,Chaka Khan; Kim Zolciak-Biermann; Victor Espinoza,1,0,22.0
21,Bindi Irwin,2,24.0,3,Derek Hough,TV Personality,,Australia,17,1st Place,1,True,1,11,11,0,Chaka Khan; Kim Zolciak-Biermann; Victor Espinoza,1,0,24.0
21,Carlos PenaVega,2,22.5,3,Witney Carson,Actor/Actress,Missouri,United States,26,Eliminated Week 11,4,True,1,11,11,0,Chaka Khan; Kim Zolciak-Biermann; Victor Espinoza,1,0,22.5
21,Chaka Khan,2,15.0,3,Keo Motsepe,Singer/Rapper,Illinois,United States,62,Eliminated Week 2,13,True,1,2,11,1,Chaka Khan; Kim Zolciak-Biermann; Victor Espinoza,1,0,15.0
21,Gary Busey,2,16.5,3,Anna Trebunskaya,Actor/Actress,Texas,United States,71,Eliminated Week 4,10,True,1,4,11,0,Chaka Khan; Kim Zolciak-Biermann; Victor Espinoza,1,0,16.5
21,Hayes Grier,2,22.5,3,Emma Slater,Social Media Personality,North Carolina,United States,15,Eliminated Week 7,8,True,1,7,11,0,Chaka Khan; Kim Zolciak-Biermann; Victor Espinoza,1,0,22.5
21,Kim Zolciak-Biermann,2,18.5,3,Tony Dovolani,TV Personality,Florida,United States,37,Withdrew,11,True,1,2,11,1,Chaka Khan; Kim Zolciak-Biermann; Victor Espinoza,1,0,18.5
21,Nick Carter,2,22.5,3,Sharna Burgess,Singer/Rapper,New York,United States,35,2nd Place,2,True,1,11,11,0,Chaka Khan; Kim Zolciak-Biermann; Victor Espinoza,1,0,22.5
21,Paula Deen,2,18.5,3,Louis van Amstel,TV Personality,Georgia,United States,68,Eliminated Week 6,9,True,1,6,11,0,Chaka Khan; Kim Zolciak-Biermann; Victor Espinoza,1,0,18.5
21,Tamar Braxton,2,24.5,3,Valentin Chmerkovskiy,Singer/Rapper,Maryland,United States,38,Withdrew,5,True,1,9,11,0,Chaka Khan; Kim Zolciak-Biermann; Victor Espinoza,1,0,24.5
21,Victor Espinoza,2,18.5,3,Karina Smirnoff,Athlete,,Mexico,43,Eliminated Week 2,12,True,1,2,11,1,Chaka Khan; Kim Zolciak-Biermann; Victor Espinoza,1,0,18.5
21,Alek Skarlatos,3,33.0,4,Lindsay Arnold,Military,California,United States,22,3rd Place,3,True,1,11,11,0,,0,1,33.0
21,Alexa PenaVega,3,36.0,4,Mark Ballas,Actor/Actress,Florida,United States,27,Eliminated Week 9,6,True,1,9,11,0,,0,1,36.0
21,Andy Grammer,3,29.0,4,Allison Holker,Singer/Rapper,California,United States,31,Eliminated Week 8,7,True,1,8,11,0,,0,1,29.0
21,Bindi Irwin,3,32.0,4,Derek Hough,TV Personality,,Australia,17,1st Place,1,True,1,11,11,0,,0,1,32.0
21,Carlos PenaVega,3,31.0,4,Witney Carson,Actor/Actress,Missouri,United States,26,Eliminated Week 11,4,True,1,11,11,0,,0,1,31.0
21,Chaka Khan,3,0.0,4,Keo Motsepe,Singer/Rapper,Illinois,United States,62,Eliminated Week 2,13,True,0,2,11,0,,0,1,
21,Gary Busey,3,25.0,4,Anna Trebunskaya,Actor/Actress,Texas,United States,71,Eliminated Week 4,10,True,1,4,11,0,,0,1,25.0
21,Hayes Grier,3,30.0,4,Emma Slater,Social Media Personality,North Carolina,United States,15,Eliminated Week 7,8,True,1,7,11,0,,0,1,30.0
21,Kim Zolciak-Biermann,3,0.0,4,Tony Dovolani,TV Personality,Florida,United States,37,Withdrew,11,True,0,2,11,0,,0,1,
21,Nick Carter,3,36.0,4,Sharna Burgess,Singer/Rapper,New York,United States,35,2nd Place,2,True,1,11,11,0,,0,1,36.0
21,Paula Deen,3,20.0,4,Louis van Amstel,TV Personality,Georgia,United States,68,Eliminated Week 6,9,True,1,6,11,0,,0,1,20.0
21,Tamar Braxton,3,33.0,4,Valentin Chmerkovskiy,Singer/Rapper,Maryland,United States,38,Withdrew,5,True,1,9,11,0,,0,1,33.0
21,Victor Espinoza,3,0.0,4,Karina Smirnoff,Athlete,,Mexico,43,Eliminated Week 2,12,True,0,2,11,0,,0,1,
21,Alek Skarlatos,4,24.0,3,Lindsay Arnold,Military,California,United States,22,3rd Place,3,True,1,11,11,0,Gary Busey,1,0,24.0
21,Alexa PenaVega,4,21.0,3,Mark Ballas,Actor/Actress,Florida,United States,27,Eliminated Week 9,6,True,1,9,11,0,Gary Busey,1,0,21.0
21,Andy Grammer,4,23.0,3,Allison Holker,Singer/Rapper,California,United States,31,Eliminated Week 8,7,True,1,8,11,0,Gary Busey,1,0,23.0
21,Bindi Irwin,4,28.0,3,Derek Hough,TV Personality,,Australia,17,1st Place,1,True,1,11,11,0,Gary Busey,1,0,28.0
21,Carlos PenaVega,4,25.0,3,Witney Carson,Actor/Actress,Missouri,United States,26,Eliminated Week 11,4,True,1,11,11,0,Gary Busey,1,0,25.0
21,Chaka Khan,4,0.0,3,Keo Motsepe,Singer/Rapper,Illinois,United States,62,Eliminated Week 2,13,True,0,2,11,0,Gary Busey,1,0,
21,Gary Busey,4,16.0,3,Anna Trebunskaya,Actor/Actress,Texas,United States,71,Eliminated Week 4,10,True,1,4,11,1,Gary Busey,1,0,16.0
21,Hayes Grier,4,27.0,3,Emma Slater,Social Media Personality,North Carolina,United States,15,Eliminated Week 7,8,True,1,7,11,0,Gary Busey,1,0,27.0
21,Kim Zolciak-Biermann,4,0.0,3,Tony Dovolani,TV Personality,Florida,United States,37,Withdrew,11,True,0,2,11,0,Gary Busey,1,0,
21,Nick Carter,4,27.0,3,Sharna Burgess,Singer/Rapper,New York,United States,35,2nd Place,2,True,1,11,11,0,Gary Busey,1,0,27.0
21,Paula Deen,4,18.0,3,Louis van Amstel,TV Personality,Georgia,United States,68,Eliminated Week 6,9,True,1,6,11,0,Gary Busey,1,0,18.0
21,Tamar Braxton,4,27.0,3,Valentin Chmerkovskiy,Singer/Rapper,Maryland,United States,38,Withdrew,5,True,1,9,11,0,Gary Busey,1,0,27.0
21,Victor Espinoza,4,0.0,3,Karina Smirnoff,Athlete,,Mexico,43,Eliminated Week 2,12,True,0,2,11,0,Gary Busey,1,0,
21,Alek Skarlatos,5,29.0,4,Lindsay Arnold,Military,California,United States,22,3rd Place,3,True,1,11,11,0,,0,1,29.0
21,Alexa PenaVega,5,40.0,4,Mark Ballas,Actor/Actress,Florida,United States,27,Eliminated Week 9,6,True,1,9,11,0,,0,1,40.0
21,Andy Grammer,5,36.0,4,Allison Holker,Singer/Rapper,California,United States,31,Eliminated Week 8,7,True,1,8,11,0,,0,1,36.0
21,Bindi Irwin,5,37.0,4,Derek Hough,TV Personality,,Australia,17,1st Place,1,True,1,11,11,0,,0,1,37.0
21,Carlos PenaVega,5,39.0,4,Witney Carson,Actor/Actress,Missouri,United States,26,Eliminated Week 11,4,True,1,11,11,0,,0,1,39.0
21,Chaka Khan,5,0.0,4,Keo Motsepe,Singer/Rapper,Illinois,United States,62,Eliminated Week 2,13,True,0,2,11,0,,0,1,
21,Gary Busey,5,0.0,4,Anna Trebunskaya,Actor/Actress,Texas,United States,71,Eliminated Week 4,10,True,0,4,11,0,,0,1,
21,Hayes Grier,5,30.0,4,Emma Slater,Social Media Personality,North Carolina,United States,15,Eliminated Week 7,8,True,1,7,11,0,,0,1,30.0
21,Kim Zolciak-Biermann,5,0.0,4,Tony Dovolani,TV Personality,Florida,United States,37,Withdrew,11,True,0,2,11,0,,0,1,
21,Nick Carter,5,35.0,4,Sharna Burgess,Singer/Rapper,New York,United States,35,2nd Place,2,True,1,11,11,0,,0,1,35.0
21,Paula Deen,5,26.0,4,Louis van Amstel,TV Personality,Georgia,United States,68,Eliminated Week 6,9,True,1,6,11,0,,0,1,26.0
21,Tamar Braxton,5,29.0,4,Valentin Chmerkovskiy,Singer/Rapper,Maryland,United States,38,Withdrew,5,True,1,9,11,0,,0,1,29.0
21,Victor Espinoza,5,0.0,4,Karina Smirnoff,Athlete,,Mexico,43,Eliminated Week 2,12,True,0,2,11,0,,0,1,
21,Alek Skarlatos,6,30.0,4,Lindsay Arnold,Military,California,United States,22,3rd Place,3,True,1,11,11,0,Paula Deen,1,0,30.0
21,Alexa PenaVega,6,30.0,4,Mark Ballas,Actor/Actress,Florida,United States,27,Eliminated Week 9,6,True,1,9,11,0,Paula Deen,1,0,30.0
21,Andy Grammer,6,40.0,4,Allison Holker,Singer/Rapper,California,United States,31,Eliminated Week 8,7,True,1,8,11,0,Paula Deen,1,0,40.0
21,Bindi Irwin,6,40.0,4,Derek Hough,TV Personality,,Australia,17,1st Place,1,True,1,11,11,0,Paula Deen,1,0,40.0
21,Carlos PenaVega,6,38.0,4,Witney Carson,Actor/Actress,Missouri,United States,26,Eliminated Week 11,4,True,1,11,11,0,Paula Deen,1,0,38.0
21,Chaka Khan,6,0.0,4,Keo Motsepe,Singer/Rapper,Illinois,United States,62,Eliminated Week 2,13,True,0,2,11,0,Paula Deen,1,0,
21,Gary Busey,6,0.0,4,Anna Trebunskaya,Actor/Actress,Texas,United States,71,Eliminated Week 4,10,True,0,4,11,0,Paula Deen,1,0,
21,Hayes Grier,6,32.0,4,Emma Slater,Social Media Personality,North Carolina,United States,15,Eliminated Week 7,8,True,1,7,11,0,Paula Deen,1,0,32.0
21,Kim Zolciak-Biermann,6,0.0,4,Tony Dovolani,TV Personality,Florida,United States,37,Withdrew,11,True,0,2,11,0,Paula Deen,1,0,
21,Nick Carter,6,39.0,4,Sharna Burgess,Singer/Rapper,New York,United States,35,2nd Place,2,True,1,11,11,0,Paula Deen,1,0,39.0
21,Paula Deen,6,24.0,4,Louis van Amstel,TV Personality,Georgia,United States,68,Eliminated Week 6,9,True,1,6,11,1,Paula Deen,1,0,24.0
21,Tamar Braxton,6,40.0,4,Valentin Chmerkovskiy,Singer/Rapper,Maryland,United States,38,Withdrew,5,True,1,9,11,0,Paula Deen,1,0,40.0
21,Victor Espinoza,6,0.0,4,Karina Smirnoff,Athlete,,Mexico,43,Eliminated Week 2,12,True,0,2,11,0,Paula Deen,1,0,
21,Alek Skarlatos,7,26.5,3,Lindsay Arnold,Military,California,United States,22,3rd Place,3,True,1,11,11,0,Hayes Grier,1,0,26.5
21,Alexa PenaVega,7,27.5,3,Mark Ballas,Actor/Actress,Florida,United States,27,Eliminated Week 9,6,True,1,9,11,0,Hayes Grier,1,0,27.5
21,Andy Grammer,7,28.0,3,Allison Holker,Singer/Rapper,California,United States,31,Eliminated Week 8,7,True,1,8,11,0,Hayes Grier,1,0,28.0
21,Bindi Irwin,7,29.0,3,Derek Hough,TV Personality,,Australia,17,1st Place,1,True,1,11,11,0,Hayes Grier,1,0,29.0
21,Carlos PenaVega,7,28.0,3,Witney Carson,Actor/Actress,Missouri,United States,26,Eliminated Week 11,4,True,1,11,11,0,Hayes Grier,1,0,28.0
21,Chaka Khan,7,0.0,3,Keo Motsepe,Singer/Rapper,Illinois,United States,62,Eliminated Week 2,13,True,0,2,11,0,Hayes Grier,1,0,
21,Gary Busey,7,0.0,3,Anna Trebunskaya,Actor/Actress,Texas,United States,71,Eliminated Week 4,10,True,0,4,11,0,Hayes Grier,1,0,
21,Hayes Grier,7,28.0,3,Emma Slater,Social Media Personality,North Carolina,United States,15,Eliminated Week 7,8,True,1,7,11,1,Hayes Grier,1,0,28.0
21,Kim Zolciak-Biermann,7,0.0,3,Tony Dovolani,TV Personality,Florida,United States,37,Withdrew,11,True,0,2,11,0,Hayes Grier,1,0,
21,Nick Carter,7,27.0,3,Sharna Burgess,Singer/Rapper,New York,United States,35,2nd Place,2,True,1,11,11,0,Hayes Grier,1,0,27.0
21,Paula Deen,7,0.0,3,Louis van Amstel,TV Personality,Georgia,United States,68,Eliminated Week 6,9,True,0,6,11,0,Hayes Grier,1,0,
21,Tamar Braxton,7,27.0,3,Valentin Chmerkovskiy,Singer/Rapper,Maryland,United States,38,Withdrew,5,True,1,9,11,0,Hayes Grier,1,0,27.0
21,Victor Espinoza,7,0.0,3,Karina Smirnoff,Athlete,,Mexico,43,Eliminated Week 2,12,True,0,2,11,0,Hayes Grier,1,0,
21,Alek Skarlatos,8,25.0,3,Lindsay Arnold,Military,California,United States,22,3rd Place,3,True,1,11,11,0,Andy Grammer,1,0,25.0
21,Alexa PenaVega,8,26.9998,3,Mark Ballas,Actor/Actress,Florida,United States,27,Eliminated Week 9,6,True,1,9,11,0,Andy Grammer,1,0,26.9998
21,Andy Grammer,8,23.9998,3,Allison Holker,Singer/Rapper,California,United States,31,Eliminated Week 8,7,True,1,8,11,1,Andy Grammer,1,0,23.9998
21,Bindi Irwin,8,28.0,3,Derek Hough,TV Personality,,Australia,17,1st Place,1,True,1,11,11,0,Andy Grammer,1,0,28.0
21,Carlos PenaVega,8,28.9998,3,Witney Carson,Actor/Actress,Missouri,United States,26,Eliminated Week 11,4,True,1,11,11,0,Andy Grammer,1,0,28.9998
21,Chaka Khan,8,0.0,3,Keo Motsepe,Singer/Rapper,Illinois,United States,62,Eliminated Week 2,13,True,0,2,11,0,Andy Grammer,1,0,
21,Gary Busey,8,0.0,3,Anna Trebunskaya,Actor/Actress,Texas,United States,71,Eliminated Week 4,10,True,0,4,11,0,Andy Grammer,1,0,
21,Hayes Grier,8,0.0,3,Emma Slater,Social Media Personality,North Carolina,United States,15,Eliminated Week 7,8,True,0,7,11,0,Andy Grammer,1,0,
21,Kim Zolciak-Biermann,8,0.0,3,Tony Dovolani,TV Personality,Florida,United States,37,Withdrew,11,True,0,2,11,0,Andy Grammer,1,0,
21,Nick Carter,8,33.0,3,Sharna Burgess,Singer/Rapper,New York,United States,35,2nd Place,2,True,1,11,11,0,Andy Grammer,1,0,33.0
21,Paula Deen,8,0.0,3,Louis van Amstel,TV Personality,Georgia,United States,68,Eliminated Week 6,9,True,0,6,11,0,Andy Grammer,1,0,
21,Tamar Braxton,8,28.0,3,Valentin Chmerkovskiy,Singer/Rapper,Maryland,United States,38,Withdrew,5,True,1,9,11,0,Andy Grammer,1,0,28.0
21,Victor Espinoza,8,0.0,3,Karina Smirnoff,Athlete,,Mexico,43,Eliminated Week 2,12,True,0,2,11,0,Andy Grammer,1,0,
21,Alek Skarlatos,9,25.5,3,Lindsay Arnold,Military,California,United States,22,3rd Place,3,True,1,11,11,0,Alexa PenaVega; Tamar Braxton,1,0,25.5
21,Alexa PenaVega,9,30.0,3,Mark Ballas,Actor/Actress,Florida,United States,27,Eliminated Week 9,6,True,1,9,11,1,Alexa PenaVega; Tamar Braxton,1,0,30.0
21,Andy Grammer,9,0.0,3,Allison Holker,Singer/Rapper,California,United States,31,Eliminated Week 8,7,True,0,8,11,0,Alexa PenaVega; Tamar Braxton,1,0,
21,Bindi Irwin,9,30.0,3,Derek Hough,TV Personality,,Australia,17,1st Place,1,True,1,11,11,0,Alexa PenaVega; Tamar Braxton,1,0,30.0
21,Carlos PenaVega,9,27.0,3,Witney Carson,Actor/Actress,Missouri,United States,26,Eliminated Week 11,4,True,1,11,11,0,Alexa PenaVega; Tamar Braxton,1,0,27.0
21,Chaka Khan,9,0.0,3,Keo Motsepe,Singer/Rapper,Illinois,United States,62,Eliminated Week 2,13,True,0,2,11,0,Alexa PenaVega; Tamar Braxton,1,0,
21,Gary Busey,9,0.0,3,Anna Trebunskaya,Actor/Actress,Texas,United States,71,Eliminated Week 4,10,True,0,4,11,0,Alexa PenaVega; Tamar Braxton,1,0,
21,Hayes Grier,9,0.0,3,Emma Slater,Social Media Personality,North Carolina,United States,15,Eliminated Week 7,8,True,0,7,11,0,Alexa PenaVega; Tamar Braxton,1,0,
21,Kim Zolciak-Biermann,9,0.0,3,Tony Dovolani,TV Personality,Florida,United States,37,Withdrew,11,True,0,2,11,0,Alexa PenaVega; Tamar Braxton,1,0,
21,Nick Carter,9,27.5,3,Sharna Burgess,Singer/Rapper,New York,United States,35,2nd Place,2,True,1,11,11,0,Alexa PenaVega; Tamar Braxton,1,0,27.5
21,Paula Deen,9,0.0,3,Louis van Amstel,TV Personality,Georgia,United States,68,Eliminated Week 6,9,True,0,6,11,0,Alexa PenaVega; Tamar Braxton,1,0,
21,Tamar Braxton,9,24.5,3,Valentin Chmerkovskiy,Singer/Rapper,Maryland,United States,38,Withdrew,5,True,1,9,11,1,Alexa PenaVega; Tamar Braxton,1,0,24.5
21,Victor Espinoza,9,0.0,3,Karina Smirnoff,Athlete,,Mexico,43,Eliminated Week 2,12,True,0,2,11,0,Alexa PenaVega; Tamar Braxton,1,0,
21,Alek Skarlatos,10,28.5,3,Lindsay Arnold,Military,California,United States,22,3rd Place,3,True,1,11,11,0,,0,1,28.5
21,Alexa PenaVega,10,0.0,3,Mark Ballas,Actor/Actress,Florida,United States,27,Eliminated Week 9,6,True,0,9,11,0,,0,1,
21,Andy Grammer,10,0.0,3,Allison Holker,Singer/Rapper,California,United States,31,Eliminated Week 8,7,True,0,8,11,0,,0,1,
21,Bindi Irwin,10,31.5,3,Derek Hough,TV Personality,,Australia,17,1st Place,1,True,1,11,11,0,,0,1,31.5
21,Carlos PenaVega,10,31.5,3,Witney Carson,Actor/Actress,Missouri,United States,26,Eliminated Week 11,4,True,1,11,11,0,,0,1,31.5
21,Chaka Khan,10,0.0,3,Keo Motsepe,Singer/Rapper,Illinois,United States,62,Eliminated Week 2,13,True,0,2,11,0,,0,1,
21,Gary Busey,10,0.0,3,Anna Trebunskaya,Actor/Actress,Texas,United States,71,Eliminated Week 4,10,True,0,4,11,0,,0,1,
21,Hayes Grier,10,0.0,3,Emma Slater,Social Media Personality,North Carolina,United States,15,Eliminated Week 7,8,True,0,7,11,0,,0,1,
21,Kim Zolciak-Biermann,10,0.0,3,Tony Dovolani,TV Personality,Florida,United States,37,Withdrew,11,True,0,2,11,0,,0,1,
21,Nick Carter,10,27.0,3,Sharna Burgess,Singer/Rapper,New York,United States,35,2nd Place,2,True,1,11,11,0,,0,1,27.0
21,Paula Deen,10,0.0,3,Louis van Amstel,TV Personality,Georgia,United States,68,Eliminated Week 6,9,True,0,6,11,0,,0,1,
21,Tamar Braxton,10,0.0,3,Valentin Chmerkovskiy,Singer/Rapper,Maryland,United States,38,Withdrew,5,True,0,9,11,0,,0,1,
21,Victor Espinoza,10,0.0,3,Karina Smirnoff,Athlete,,Mexico,43,Eliminated Week 2,12,True,0,2,11,0,,0,1,
21,Alek Skarlatos,11,27.999899999999997,3,Lindsay Arnold,Military,California,United States,22,3rd Place,3,True,1,11,11,0,,0,1,27.999899999999997
21,Alexa PenaVega,11,0.0,3,Mark Ballas,Actor/Actress,Florida,United States,27,Eliminated Week 9,6,True,0,9,11,0,,0,1,
21,Andy Grammer,11,0.0,3,Allison Holker,Singer/Rapper,California,United States,31,Eliminated Week 8,7,True,0,8,11,0,,0,1,
21,Bindi Irwin,11,30.0,3,Derek Hough,TV Personality,,Australia,17,1st Place,1,True,1,11,11,0,,0,1,30.0
21,Carlos PenaVega,11,30.0,3,Witney Carson,Actor/Actress,Missouri,United States,26,Eliminated Week 11,4,True,1,11,11,0,,0,1,30.0
21,Chaka Khan,11,0.0,3,Keo Motsepe,Singer/Rapper,Illinois,United States,62,Eliminated Week 2,13,True,0,2,11,0,,0,1,
21,Gary Busey,11,0.0,3,Anna Trebunskaya,Actor/Actress,Texas,United States,71,Eliminated Week 4,10,True,0,4,11,0,,0,1,
21,Hayes Grier,11,0.0,3,Emma Slater,Social Media Personality,North Carolina,United States,15,Eliminated Week 7,8,True,0,7,11,0,,0,1,
21,Kim Zolciak-Biermann,11,0.0,3,Tony Dovolani,TV Personality,Florida,United States,37,Withdrew,11,True,0,2,11,0,,0,1,
21,Nick Carter,11,30.0,3,Sharna Burgess,Singer/Rapper,New York,United States,35,2nd Place,2,True,1,11,11,0,,0,1,30.0
21,Paula Deen,11,0.0,3,Louis van Amstel,TV Personality,Georgia,United States,68,Eliminated Week 6,9,True,0,6,11,0,,0,1,
21,Tamar Braxton,11,0.0,3,Valentin Chmerkovskiy,Singer/Rapper,Maryland,United States,38,Withdrew,5,True,0,9,11,0,,0,1,
21,Victor Espinoza,11,0.0,3,Karina Smirnoff,Athlete,,Mexico,43,Eliminated Week 2,12,True,0,2,11,0,,0,1,
22,Antonio Brown,1,21.0,3,Sharna Burgess,Athlete,Florida,United States,27,Eliminated Week 9,5,True,1,9,10,0,,0,1,21.0
22,Doug Flutie,1,15.0,3,Karina Smirnoff,Athlete,Maryland,United States,53,Eliminated Week 6,9,True,1,6,10,0,,0,1,15.0
22,Geraldo Rivera,1,13.0,3,Edyta Sliwinska,Journalist,New York,United States,72,Eliminated Week 2,12,True,1,2,10,0,,0,1,13.0
22,Ginger Zee,1,23.0,3,Valentin Chmerkovskiy,News Anchor,California,United States,35,3rd Place,3,True,1,10,10,0,,0,1,23.0
22,Jodie Sweetin,1,20.0,3,Keo Motsepe,Actor/Actress,California,United States,34,Eliminated Week 8,6,True,1,8,10,0,,0,1,20.0
22,Kim Fields,1,20.0,3,Sasha Farber,Actor/Actress,New York,United States,46,Eliminated Week 7,8,True,1,7,10,0,,0,1,20.0
22,Marla Maples,1,21.0,3,Tony Dovolani,TV Personality,Georgia,United States,52,Eliminated Week 4,10,True,1,4,10,0,,0,1,21.0
22,Mischa Barton,1,16.0,3,Artem Chigvintsev,Actor/Actress,,England,30,Eliminated Week 3,11,True,1,3,10,0,,0,1,16.0
22,Nyle DiMarco,1,23.0,3,Peta Murgatroyd,Model,New York,United States,26,1st Place,1,True,1,10,10,0,,0,1,23.0
22,Paige VanZant,1,21.0,3,Mark Ballas,Athlete,Oregon,United States,22,2nd Place,2,True,1,10,10,0,,0,1,21.0
22,Von Miller,1,21.0,3,Witney Carson,Athlete,Texas,United States,27,Eliminated Week 7,7,True,1,7,10,0,,0,1,21.0
22,Wanya Morris,1,23.0,3,Lindsay Arnold,Singer/Rapper,Pennsylvania,United States,42,Eliminated Week 9,4,True,1,9,10,0,,0,1,23.0
22,Antonio Brown,2,19.0,3,Sharna Burgess,Athlete,Florida,United States,27,Eliminated Week 9,5,True,1,9,10,0,Geraldo Rivera,1,0,19.0
22,Doug Flutie,2,20.0,3,Karina Smirnoff,Athlete,Maryland,United States,53,Eliminated Week 6,9,True,1,6,10,0,Geraldo Rivera,1,0,20.0
22,Geraldo Rivera,2,13.0,3,Edyta Sliwinska,Journalist,New York,United States,72,Eliminated Week 2,12,True,1,2,10,1,Geraldo Rivera,1,0,13.0
22,Ginger Zee,2,21.0,3,Valentin Chmerkovskiy,News Anchor,California,United States,35,3rd Place,3,True,1,10,10,0,Geraldo Rivera,1,0,21.0
22,Jodie Sweetin,2,21.0,3,Keo Motsepe,Actor/Actress,California,United States,34,Eliminated Week 8,6,True,1,8,10,0,Geraldo Rivera,1,0,21.0
22,Kim Fields,2,19.0,3,Sasha Farber,Actor/Actress,New York,United States,46,Eliminated Week 7,8,True,1,7,10,0,Geraldo Rivera,1,0,19.0
22,Marla Maples,2,20.0,3,Tony Dovolani,TV Personality,Georgia,United States,52,Eliminated Week 4,10,True,1,4,10,0,Geraldo Rivera,1,0,20.0
22,Mischa Barton,2,15.0,3,Artem Chigvintsev,Actor/Actress,,England,30,Eliminated Week 3,11,True,1,3,10,0,Geraldo Rivera,1,0,15.0
22,Nyle DiMarco,2,20.0,3,Peta Murgatroyd,Model,New York,United States,26,1st Place,1,True,1,10,10,0,Geraldo Rivera,1,0,20.0
22,Paige VanZant,2,24.0,3,Mark Ballas,Athlete,Oregon,United States,22,2nd Place,2,True,1,10,10,0,Geraldo Rivera,1,0,24.0
22,Von Miller,2,20.0,3,Witney Carson,Athlete,Texas,United States,27,Eliminated Week 7,7,True,1,7,10,0,Geraldo Rivera,1,0,20.0
22,Wanya Morris,2,24.0,3,Lindsay Arnold,Singer/Rapper,Pennsylvania,United States,42,Eliminated Week 9,4,True,1,9,10,0,Geraldo Rivera,1,0,24.0
22,Antonio Brown,3,20.0,3,Sharna Burgess,Athlete,Florida,United States,27,Eliminated Week 9,5,True,1,9,10,0,Mischa Barton,1,0,20.0
22,Doug Flutie,3,20.0,3,Karina Smirnoff,Athlete,Maryland,United States,53,Eliminated Week 6,9,True,1,6,10,0,Mischa Barton,1,0,20.0
22,Geraldo Rivera,3,0.0,3,Edyta Sliwinska,Journalist,New York,United States,72,Eliminated Week 2,12,True,0,2,10,0,Mischa Barton,1,0,
22,Ginger Zee,3,21.0,3,Valentin Chmerkovskiy,News Anchor,California,United States,35,3rd Place,3,True,1,10,10,0,Mischa Barton,1,0,21.0
22,Jodie Sweetin,3,23.0,3,Keo Motsepe,Actor/Actress,California,United States,34,Eliminated Week 8,6,True,1,8,10,0,Mischa Barton,1,0,23.0
22,Kim Fields,3,22.0,3,Sasha Farber,Actor/Actress,New York,United States,46,Eliminated Week 7,8,True,1,7,10,0,Mischa Barton,1,0,22.0
22,Marla Maples,3,21.0,3,Tony Dovolani,TV Personality,Georgia,United States,52,Eliminated Week 4,10,True,1,4,10,0,Mischa Barton,1,0,21.0
22,Mischa Barton,3,18.0,3,Artem Chigvintsev,Actor/Actress,,England,30,Eliminated Week 3,11,True,1,3,10,1,Mischa Barton,1,0,18.0
22,Nyle DiMarco,3,25.0,3,Peta Murgatroyd,Model,New York,United States,26,1st Place,1,True,1,10,10,0,Mischa Barton,1,0,25.0
22,Paige VanZant,3,23.0,3,Mark Ballas,Athlete,Oregon,United States,22,2nd Place,2,True,1,10,10,0,Mischa Barton,1,0,23.0
22,Von Miller,3,20.0,3,Witney Carson,Athlete,Texas,United States,27,Eliminated Week 7,7,True,1,7,10,0,Mischa Barton,1,0,20.0
22,Wanya Morris,3,24.0,3,Lindsay Arnold,Singer/Rapper,Pennsylvania,United States,42,Eliminated Week 9,4,True,1,9,10,0,Mischa Barton,1,0,24.0
22,Antonio Brown,4,35.0,4,Sharna Burgess,Athlete,Florida,United States,27,Eliminated Week 9,5,True,1,9,10,0,Marla Maples,1,0,35.0
22,Doug Flutie,4,24.0,4,Karina Smirnoff,Athlete,Maryland,United States,53,Eliminated Week 6,9,True,1,6,10,0,Marla Maples,1,0,24.0
22,Geraldo Rivera,4,0.0,4,Edyta Sliwinska,Journalist,New York,United States,72,Eliminated Week 2,12,True,0,2,10,0,Marla Maples,1,0,
22,Ginger Zee,4,36.0,4,Valentin Chmerkovskiy,News Anchor,California,United States,35,3rd Place,3,True,1,10,10,0,Marla Maples,1,0,36.0
22,Jodie Sweetin,4,27.0,4,Keo Motsepe,Actor/Actress,California,United States,34,Eliminated Week 8,6,True,1,8,10,0,Marla Maples,1,0,27.0
22,Kim Fields,4,32.0,4,Sasha Farber,Actor/Actress,New York,United States,46,Eliminated Week 7,8,True,1,7,10,0,Marla Maples,1,0,32.0
22,Marla Maples,4,28.0,4,Tony Dovolani,TV Personality,Georgia,United States,52,Eliminated Week 4,10,True,1,4,10,1,Marla Maples,1,0,28.0
22,Mischa Barton,4,0.0,4,Artem Chigvintsev,Actor/Actress,,England,30,Eliminated Week 3,11,True,0,3,10,0,Marla Maples,1,0,
22,Nyle DiMarco,4,34.0,4,Peta Murgatroyd,Model,New York,United States,26,1st Place,1,True,1,10,10,0,Marla Maples,1,0,34.0
22,Paige VanZant,4,36.0,4,Mark Ballas,Athlete,Oregon,United States,22,2nd Place,2,True,1,10,10,0,Marla Maples,1,0,36.0
22,Von Miller,4,32.0,4,Witney Carson,Athlete,Texas,United States,27,Eliminated Week 7,7,True,1,7,10,0,Marla Maples,1,0,32.0
22,Wanya Morris,4,35.0,4,Lindsay Arnold,Singer/Rapper,Pennsylvania,United States,42,Eliminated Week 9,4,True,1,9,10,0,Marla Maples,1,0,35.0
22,Antonio Brown,5,26.0,4,Sharna Burgess,Athlete,Florida,United States,27,Eliminated Week 9,5,True,1,9,10,0,,0,1,26.0
22,Doug Flutie,5,28.0,4,Karina Smirnoff,Athlete,Maryland,United States,53,Eliminated Week 6,9,True,1,6,10,0,,0,1,28.0
22,Geraldo Rivera,5,0.0,4,Edyta Sliwinska,Journalist,New York,United States,72,Eliminated Week 2,12,True,0,2,10,0,,0,1,
22,Ginger Zee,5,32.0,4,Valentin Chmerkovskiy,News Anchor,California,United States,35,3rd Place,3,True,1,10,10,0,,0,1,32.0
22,Jodie Sweetin,5,35.0,4,Keo Motsepe,Actor/Actress,California,United States,34,Eliminated Week 8,6,True,1,8,10,0,,0,1,35.0
22,Kim Fields,5,28.0,4,Sasha Farber,Actor/Actress,New York,United States,46,Eliminated Week 7,8,True,1,7,10,0,,0,1,28.0
22,Marla Maples,5,0.0,4,Tony Dovolani,TV Personality,Georgia,United States,52,Eliminated Week 4,10,True,0,4,10,0,,0,1,
22,Mischa Barton,5,0.0,4,Artem Chigvintsev,Actor/Actress,,England,30,Eliminated Week 3,11,True,0,3,10,0,,0,1,
22,Nyle DiMarco,5,37.0,4,Peta Murgatroyd,Model,New York,United States,26,1st Place,1,True,1,10,10,0,,0,1,37.0
22,Paige VanZant,5,31.0,4,Mark Ballas,Athlete,Oregon,United States,22,2nd Place,2,True,1,10,10,0,,0,1,31.0
22,Von Miller,5,29.0,4,Witney Carson,Athlete,Texas,United States,27,Eliminated Week 7,7,True,1,7,10,0,,0,1,29.0
22,Wanya Morris,5,30.0,4,Lindsay Arnold,Singer/Rapper,Pennsylvania,United States,42,Eliminated Week 9,4,True,1,9,10,0,,0,1,30.0
22,Antonio Brown,6,27.0,3,Sharna Burgess,Athlete,Florida,United States,27,Eliminated Week 9,5,True,1,9,10,0,Doug Flutie,1,0,27.0
22,Doug Flutie,6,21.0,3,Karina Smirnoff,Athlete,Maryland,United States,53,Eliminated Week 6,9,True,1,6,10,1,Doug Flutie,1,0,21.0
22,Geraldo Rivera,6,0.0,3,Edyta Sliwinska,Journalist,New York,United States,72,Eliminated Week 2,12,True,0,2,10,0,Doug Flutie,1,0,
22,Ginger Zee,6,24.0,3,Valentin Chmerkovskiy,News Anchor,California,United States,35,3rd Place,3,True,1,10,10,0,Doug Flutie,1,0,24.0
22,Jodie Sweetin,6,25.0,3,Keo Motsepe,Actor/Actress,California,United States,34,Eliminated Week 8,6,True,1,8,10,0,Doug Flutie,1,0,25.0
22,Kim Fields,6,24.0,3,Sasha Farber,Actor/Actress,New York,United States,46,Eliminated Week 7,8,True,1,7,10,0,Doug Flutie,1,0,24.0
22,Marla Maples,6,0.0,3,Tony Dovolani,TV Personality,Georgia,United States,52,Eliminated Week 4,10,True,0,4,10,0,Doug Flutie,1,0,
22,Mischa Barton,6,0.0,3,Artem Chigvintsev,Actor/Actress,,England,30,Eliminated Week 3,11,True,0,3,10,0,Doug Flutie,1,0,
22,Nyle DiMarco,6,25.0,3,Peta Murgatroyd,Model,New York,United States,26,1st Place,1,True,1,10,10,0,Doug Flutie,1,0,25.0
22,Paige VanZant,6,28.0,3,Mark Ballas,Athlete,Oregon,United States,22,2nd Place,2,True,1,10,10,0,Doug Flutie,1,0,28.0
22,Von Miller,6,24.0,3,Witney Carson,Athlete,Texas,United States,27,Eliminated Week 7,7,True,1,7,10,0,Doug Flutie,1,0,24.0
22,Wanya Morris,6,29.0,3,Lindsay Arnold,Singer/Rapper,Pennsylvania,United States,42,Eliminated Week 9,4,True,1,9,10,0,Doug Flutie,1,0,29.0
22,Antonio Brown,7,26.0,3,Sharna Burgess,Athlete,Florida,United States,27,Eliminated Week 9,5,True,1,9,10,0,Kim Fields; Von Miller,1,0,26.0
22,Doug Flutie,7,0.0,3,Karina Smirnoff,Athlete,Maryland,United States,53,Eliminated Week 6,9,True,0,6,10,0,Kim Fields; Von Miller,1,0,
22,Geraldo Rivera,7,0.0,3,Edyta Sliwinska,Journalist,New York,United States,72,Eliminated Week 2,12,True,0,2,10,0,Kim Fields; Von Miller,1,0,
22,Ginger Zee,7,27.5,3,Valentin Chmerkovskiy,News Anchor,California,United States,35,3rd Place,3,True,1,10,10,0,Kim Fields; Von Miller,1,0,27.5
22,Jodie Sweetin,7,25.5,3,Keo Motsepe,Actor/Actress,California,United States,34,Eliminated Week 8,6,True,1,8,10,0,Kim Fields; Von Miller,1,0,25.5
22,Kim Fields,7,26.0,3,Sasha Farber,Actor/Actress,New York,United States,46,Eliminated Week 7,8,True,1,7,10,1,Kim Fields; Von Miller,1,0,26.0
22,Marla Maples,7,0.0,3,Tony Dovolani,TV Personality,Georgia,United States,52,Eliminated Week 4,10,True,0,4,10,0,Kim Fields; Von Miller,1,0,
22,Mischa Barton,7,0.0,3,Artem Chigvintsev,Actor/Actress,,England,30,Eliminated Week 3,11,True,0,3,10,0,Kim Fields; Von Miller,1,0,
22,Nyle DiMarco,7,28.0,3,Peta Murgatroyd,Model,New York,United States,26,1st Place,1,True,1,10,10,0,Kim Fields; Von Miller,1,0,28.0
22,Paige VanZant,7,27.5,3,Mark Ballas,Athlete,Oregon,United States,22,2nd Place,2,True,1,10,10,0,Kim Fields; Von Miller,1,0,27.5
22,Von Miller,7,26.0,3,Witney Carson,Athlete,Texas,United States,27,Eliminated Week 7,7,True,1,7,10,1,Kim Fields; Von Miller,1,0,26.0
22,Wanya Morris,7,27.5,3,Lindsay Arnold,Singer/Rapper,Pennsylvania,United States,42,Eliminated Week 9,4,True,1,9,10,0,Kim Fields; Von Miller,1,0,27.5
22,Antonio Brown,8,27.0,3,Sharna Burgess,Athlete,Florida,United States,27,Eliminated Week 9,5,True,1,9,10,0,Jodie Sweetin,1,0,27.0
22,Doug Flutie,8,0.0,3,Karina Smirnoff,Athlete,Maryland,United States,53,Eliminated Week 6,9,True,0,6,10,0,Jodie Sweetin,1,0,
22,Geraldo Rivera,8,0.0,3,Edyta Sliwinska,Journalist,New York,United States,72,Eliminated Week 2,12,True,0,2,10,0,Jodie Sweetin,1,0,
22,Ginger Zee,8,30.0,3,Valentin Chmerkovskiy,News Anchor,California,United States,35,3rd Place,3,True,1,10,10,0,Jodie Sweetin,1,0,30.0
22,Jodie Sweetin,8,30.0,3,Keo Motsepe,Actor/Actress,California,United States,34,Eliminated Week 8,6,True,1,8,10,1,Jodie Sweetin,1,0,30.0
22,Kim Fields,8,0.0,3,Sasha Farber,Actor/Actress,New York,United States,46,Eliminated Week 7,8,True,0,7,10,0,Jodie Sweetin,1,0,
22,Marla Maples,8,0.0,3,Tony Dovolani,TV Personality,Georgia,United States,52,Eliminated Week 4,10,True,0,4,10,0,Jodie Sweetin,1,0,
22,Mischa Barton,8,0.0,3,Artem Chigvintsev,Actor/Actress,,England,30,Eliminated Week 3,11,True,0,3,10,0,Jodie Sweetin,1,0,
22,Nyle DiMarco,8,29.0,3,Peta Murgatroyd,Model,New York,United States,26,1st Place,1,True,1,10,10,0,Jodie Sweetin,1,0,29.0
22,Paige VanZant,8,28.0,3,Mark Ballas,Athlete,Oregon,United States,22,2nd Place,2,True,1,10,10,0,Jodie Sweetin,1,0,28.0
22,Von Miller,8,0.0,3,Witney Carson,Athlete,Texas,United States,27,Eliminated Week 7,7,True,0,7,10,0,Jodie Sweetin,1,0,
22,Wanya Morris,8,25.0,3,Lindsay Arnold,Singer/Rapper,Pennsylvania,United States,42,Eliminated Week 9,4,True,1,9,10,0,Jodie Sweetin,1,0,25.0
22,Antonio Brown,9,27.5,3,Sharna Burgess,Athlete,Florida,United States,27,Eliminated Week 9,5,True,1,9,10,1,Antonio Brown; Wanya Morris,1,0,27.5
22,Doug Flutie,9,0.0,3,Karina Smirnoff,Athlete,Maryland,United States,53,Eliminated Week 6,9,True,0,6,10,0,Antonio Brown; Wanya Morris,1,0,
22,Geraldo Rivera,9,0.0,3,Edyta Sliwinska,Journalist,New York,United States,72,Eliminated Week 2,12,True,0,2,10,0,Antonio Brown; Wanya Morris,1,0,
22,Ginger Zee,9,28.0,3,Valentin Chmerkovskiy,News Anchor,California,United States,35,3rd Place,3,True,1,10,10,0,Antonio Brown; Wanya Morris,1,0,28.0
22,Jodie Sweetin,9,0.0,3,Keo Motsepe,Actor/Actress,California,United States,34,Eliminated Week 8,6,True,0,8,10,0,Antonio Brown; Wanya Morris,1,0,
22,Kim Fields,9,0.0,3,Sasha Farber,Actor/Actress,New York,United States,46,Eliminated Week 7,8,True,0,7,10,0,Antonio Brown; Wanya Morris,1,0,
22,Marla Maples,9,0.0,3,Tony Dovolani,TV Personality,Georgia,United States,52,Eliminated Week 4,10,True,0,4,10,0,Antonio Brown; Wanya Morris,1,0,
22,Mischa Barton,9,0.0,3,Artem Chigvintsev,Actor/Actress,,England,30,Eliminated Week 3,11,True,0,3,10,0,Antonio Brown; Wanya Morris,1,0,
22,Nyle DiMarco,9,28.5,3,Peta Murgatroyd,Model,New York,United States,26,1st Place,1,True,1,10,10,0,Antonio Brown; Wanya Morris,1,0,28.5
22,Paige VanZant,9,29.5,3,Mark Ballas,Athlete,Oregon,United States,22,2nd Place,2,True,1,10,10,0,Antonio Brown; Wanya Morris,1,0,29.5
22,Von Miller,9,0.0,3,Witney Carson,Athlete,Texas,United States,27,Eliminated Week 7,7,True,0,7,10,0,Antonio Brown; Wanya Morris,1,0,
22,Wanya Morris,9,30.0,3,Lindsay Arnold,Singer/Rapper,Pennsylvania,United States,42,Eliminated Week 9,4,True,1,9,10,1,Antonio Brown; Wanya Morris,1,0,30.0
22,Antonio Brown,10,0.0,3,Sharna Burgess,Athlete,Florida,United States,27,Eliminated Week 9,5,True,0,9,10,0,,0,1,
22,Doug Flutie,10,0.0,3,Karina Smirnoff,Athlete,Maryland,United States,53,Eliminated Week 6,9,True,0,6,10,0,,0,1,
22,Geraldo Rivera,10,0.0,3,Edyta Sliwinska,Journalist,New York,United States,72,Eliminated Week 2,12,True,0,2,10,0,,0,1,
22,Ginger Zee,10,28.333199999999998,3,Valentin Chmerkovskiy,News Anchor,California,United States,35,3rd Place,3,True,1,10,10,0,,0,1,28.333199999999998
22,Jodie Sweetin,10,0.0,3,Keo Motsepe,Actor/Actress,California,United States,34,Eliminated Week 8,6,True,0,8,10,0,,0,1,
22,Kim Fields,10,0.0,3,Sasha Farber,Actor/Actress,New York,United States,46,Eliminated Week 7,8,True,0,7,10,0,,0,1,
22,Marla Maples,10,0.0,3,Tony Dovolani,TV Personality,Georgia,United States,52,Eliminated Week 4,10,True,0,4,10,0,,0,1,
22,Mischa Barton,10,0.0,3,Artem Chigvintsev,Actor/Actress,,England,30,Eliminated Week 3,11,True,0,3,10,0,,0,1,
22,Nyle DiMarco,10,28.9998,3,Peta Murgatroyd,Model,New York,United States,26,1st Place,1,True,1,10,10,0,,0,1,28.9998
22,Paige VanZant,10,29.666600000000003,3,Mark Ballas,Athlete,Oregon,United States,22,2nd Place,2,True,1,10,10,0,,0,1,29.666600000000003
22,Von Miller,10,0.0,3,Witney Carson,Athlete,Texas,United States,27,Eliminated Week 7,7,True,0,7,10,0,,0,1,
22,Wanya Morris,10,0.0,3,Lindsay Arnold,Singer/Rapper,Pennsylvania,United States,42,Eliminated Week 9,4,True,0,9,10,0,,0,1,
22,Antonio Brown,11,,0,Sharna Burgess,Athlete,Florida,United States,27,Eliminated Week 9,5,False,0,9,10,0,,0,0,
22,Doug Flutie,11,,0,Karina Smirnoff,Athlete,Maryland,United States,53,Eliminated Week 6,9,False,0,6,10,0,,0,0,
22,Geraldo Rivera,11,,0,Edyta Sliwinska,Journalist,New York,United States,72,Eliminated Week 2,12,False,0,2,10,0,,0,0,
22,Ginger Zee,11,,0,Valentin Chmerkovskiy,News Anchor,California,United States,35,3rd Place,3,False,0,10,10,0,,0,0,
22,Jodie Sweetin,11,,0,Keo Motsepe,Actor/Actress,California,United States,34,Eliminated Week 8,6,False,0,8,10,0,,0,0,
22,Kim Fields,11,,0,Sasha Farber,Actor/Actress,New York,United States,46,Eliminated Week 7,8,False,0,7,10,0,,0,0,
22,Marla Maples,11,,0,Tony Dovolani,TV Personality,Georgia,United States,52,Eliminated Week 4,10,False,0,4,10,0,,0,0,
22,Mischa Barton,11,,0,Artem Chigvintsev,Actor/Actress,,England,30,Eliminated Week 3,11,False,0,3,10,0,,0,0,
22,Nyle DiMarco,11,,0,Peta Murgatroyd,Model,New York,United States,26,1st Place,1,False,0,10,10,0,,0,0,
22,Paige VanZant,11,,0,Mark Ballas,Athlete,Oregon,United States,22,2nd Place,2,False,0,10,10,0,,0,0,
22,Von Miller,11,,0,Witney Carson,Athlete,Texas,United States,27,Eliminated Week 7,7,False,0,7,10,0,,0,0,
22,Wanya Morris,11,,0,Lindsay Arnold,Singer/Rapper,Pennsylvania,United States,42,Eliminated Week 9,4,False,0,9,10,0,,0,0,
23,Amber Rose,1,24.0,4,Maksim Chmerkoskiy,Model,Pennsylvania,United States,32,Eliminated Week 6,9,True,1,6,11,0,,0,1,24.0
23,Babyface,1,26.0,4,Allison Holker,Singer/Rapper,Indiana,United States,57,Eliminated Week 4,11,True,1,4,11,0,,0,1,26.0
23,Calvin Johnson Jr.,1,26.0,4,Lindsay Arnold,Athlete,Georgia,United States,30,3rd Place,3,True,1,11,11,0,,0,1,26.0
23,Jake T. Austin,1,22.0,4,Jenna Johnson,Actor/Actress,New York,United States,21,Eliminated Week 2,13,True,1,2,11,0,,0,1,22.0
23,James Hinchcliffe,1,31.0,4,Sharna Burgess,Racing Driver,,Canada,29,2nd Place,2,True,1,11,11,0,,0,1,31.0
23,Jana Kramer,1,27.0,4,Gleb Savchenko,Singer/Rapper,Michigan,United States,32,Eliminated Week 11,4,True,1,11,11,0,,0,1,27.0
23,Laurie Hernandez,1,31.0,4,Valentin Chmerkovskiy,Athlete,New Jersey,United States,16,1st Place,1,True,1,11,11,0,,0,1,31.0
23,Marilu Henner,1,27.0,4,Derek Hough,Actor/Actress,Illinois,United States,64,Eliminated Week 9,6,True,1,9,11,0,,0,1,27.0
23,Maureen McCormick,1,22.0,4,Artem Chigvintsev,Actor/Actress,California,United States,60,Eliminated Week 7,8,True,1,7,11,0,,0,1,22.0
23,Rick Perry,1,20.0,4,Emma Slater,Politician,Texas,United States,66,Eliminated Week 3,12,True,1,3,11,0,,0,1,20.0
23,Ryan Lochte,1,24.0,4,Cheryl Burke,Athlete,New York,United States,32,Eliminated Week 8,7,True,1,8,11,0,,0,1,24.0
23,Terra Jole,1,25.0,4,Sasha Farber,TV Personality,Texas,United States,36,Eliminated Week 10,5,True,1,10,11,0,,0,1,25.0
23,Vanilla Ice,1,25.0,4,Witney Carson,Singer/Rapper,Texas,United States,48,Eliminated Week 4,10,True,1,4,11,0,,0,1,25.0
23,Amber Rose,2,24.0,4,Maksim Chmerkoskiy,Model,Pennsylvania,United States,32,Eliminated Week 6,9,True,1,6,11,0,Jake T. Austin,1,0,24.0
23,Babyface,2,30.0,4,Allison Holker,Singer/Rapper,Indiana,United States,57,Eliminated Week 4,11,True,1,4,11,0,Jake T. Austin,1,0,30.0
23,Calvin Johnson Jr.,2,28.0,4,Lindsay Arnold,Athlete,Georgia,United States,30,3rd Place,3,True,1,11,11,0,Jake T. Austin,1,0,28.0
23,Jake T. Austin,2,24.0,4,Jenna Johnson,Actor/Actress,New York,United States,21,Eliminated Week 2,13,True,1,2,11,1,Jake T. Austin,1,0,24.0
23,James Hinchcliffe,2,29.0,4,Sharna Burgess,Racing Driver,,Canada,29,2nd Place,2,True,1,11,11,0,Jake T. Austin,1,0,29.0
23,Jana Kramer,2,29.0,4,Gleb Savchenko,Singer/Rapper,Michigan,United States,32,Eliminated Week 11,4,True,1,11,11,0,Jake T. Austin,1,0,29.0
23,Laurie Hernandez,2,32.0,4,Valentin Chmerkovskiy,Athlete,New Jersey,United States,16,1st Place,1,True,1,11,11,0,Jake T. Austin,1,0,32.0
23,Marilu Henner,2,27.0,4,Derek Hough,Actor/Actress,Illinois,United States,64,Eliminated Week 9,6,True,1,9,11,0,Jake T. Austin,1,0,27.0
23,Maureen McCormick,2,26.0,4,Artem Chigvintsev,Actor/Actress,California,United States,60,Eliminated Week 7,8,True,1,7,11,0,Jake T. Austin,1,0,26.0
23,Rick Perry,2,22.0,4,Emma Slater,Politician,Texas,United States,66,Eliminated Week 3,12,True,1,3,11,0,Jake T. Austin,1,0,22.0
23,Ryan Lochte,2,24.0,4,Cheryl Burke,Athlete,New York,United States,32,Eliminated Week 8,7,True,1,8,11,0,Jake T. Austin,1,0,24.0
23,Terra Jole,2,31.0,4,Sasha Farber,TV Personality,Texas,United States,36,Eliminated Week 10,5,True,1,10,11,0,Jake T. Austin,1,0,31.0
23,Vanilla Ice,2,26.0,4,Witney Carson,Singer/Rapper,Texas,United States,48,Eliminated Week 4,10,True,1,4,11,0,Jake T. Austin,1,0,26.0
23,Amber Rose,3,25.0,4,Maksim Chmerkoskiy,Model,Pennsylvania,United States,32,Eliminated Week 6,9,True,1,6,11,0,Rick Perry,1,0,25.0
23,Babyface,3,25.0,4,Allison Holker,Singer/Rapper,Indiana,United States,57,Eliminated Week 4,11,True,1,4,11,0,Rick Perry,1,0,25.0
23,Calvin Johnson Jr.,3,32.0,4,Lindsay Arnold,Athlete,Georgia,United States,30,3rd Place,3,True,1,11,11,0,Rick Perry,1,0,32.0
23,Jake T. Austin,3,0.0,4,Jenna Johnson,Actor/Actress,New York,United States,21,Eliminated Week 2,13,True,0,2,11,0,Rick Perry,1,0,
23,James Hinchcliffe,3,29.0,4,Sharna Burgess,Racing Driver,,Canada,29,2nd Place,2,True,1,11,11,0,Rick Perry,1,0,29.0
23,Jana Kramer,3,26.0,4,Gleb Savchenko,Singer/Rapper,Michigan,United States,32,Eliminated Week 11,4,True,1,11,11,0,Rick Perry,1,0,26.0
23,Laurie Hernandez,3,31.0,4,Valentin Chmerkovskiy,Athlete,New Jersey,United States,16,1st Place,1,True,1,11,11,0,Rick Perry,1,0,31.0
23,Marilu Henner,3,28.0,4,Derek Hough,Actor/Actress,Illinois,United States,64,Eliminated Week 9,6,True,1,9,11,0,Rick Perry,1,0,28.0
23,Maureen McCormick,3,28.0,4,Artem Chigvintsev,Actor/Actress,California,United States,60,Eliminated Week 7,8,True,1,7,11,0,Rick Perry,1,0,28.0
23,Rick Perry,3,23.0,4,Emma Slater,Politician,Texas,United States,66,Eliminated Week 3,12,True,1,3,11,1,Rick Perry,1,0,23.0
23,Ryan Lochte,3,25.0,4,Cheryl Burke,Athlete,New York,United States,32,Eliminated Week 8,7,True,1,8,11,0,Rick Perry,1,0,25.0
23,Terra Jole,3,30.0,4,Sasha Farber,TV Personality,Texas,United States,36,Eliminated Week 10,5,True,1,10,11,0,Rick Perry,1,0,30.0
23,Vanilla Ice,3,23.0,4,Witney Carson,Singer/Rapper,Texas,United States,48,Eliminated Week 4,10,True,1,4,11,0,Rick Perry,1,0,23.0
23,Amber Rose,4,24.0,3,Maksim Chmerkoskiy,Model,Pennsylvania,United States,32,Eliminated Week 6,9,True,1,6,11,0,Babyface; Vanilla Ice,1,0,24.0
23,Babyface,4,18.0,3,Allison Holker,Singer/Rapper,Indiana,United States,57,Eliminated Week 4,11,True,1,4,11,1,Babyface; Vanilla Ice,1,0,18.0
23,Calvin Johnson Jr.,4,23.0,3,Lindsay Arnold,Athlete,Georgia,United States,30,3rd Place,3,True,1,11,11,0,Babyface; Vanilla Ice,1,0,23.0
23,Jake T. Austin,4,0.0,3,Jenna Johnson,Actor/Actress,New York,United States,21,Eliminated Week 2,13,True,0,2,11,0,Babyface; Vanilla Ice,1,0,
23,James Hinchcliffe,4,28.0,3,Sharna Burgess,Racing Driver,,Canada,29,2nd Place,2,True,1,11,11,0,Babyface; Vanilla Ice,1,0,28.0
23,Jana Kramer,4,23.0,3,Gleb Savchenko,Singer/Rapper,Michigan,United States,32,Eliminated Week 11,4,True,1,11,11,0,Babyface; Vanilla Ice,1,0,23.0
23,Laurie Hernandez,4,30.0,3,Valentin Chmerkovskiy,Athlete,New Jersey,United States,16,1st Place,1,True,1,11,11,0,Babyface; Vanilla Ice,1,0,30.0
23,Marilu Henner,4,21.0,3,Derek Hough,Actor/Actress,Illinois,United States,64,Eliminated Week 9,6,True,1,9,11,0,Babyface; Vanilla Ice,1,0,21.0
23,Maureen McCormick,4,24.0,3,Artem Chigvintsev,Actor/Actress,California,United States,60,Eliminated Week 7,8,True,1,7,11,0,Babyface; Vanilla Ice,1,0,24.0
23,Rick Perry,4,0.0,3,Emma Slater,Politician,Texas,United States,66,Eliminated Week 3,12,True,0,3,11,0,Babyface; Vanilla Ice,1,0,
23,Ryan Lochte,4,22.0,3,Cheryl Burke,Athlete,New York,United States,32,Eliminated Week 8,7,True,1,8,11,0,Babyface; Vanilla Ice,1,0,22.0
23,Terra Jole,4,25.0,3,Sasha Farber,TV Personality,Texas,United States,36,Eliminated Week 10,5,True,1,10,11,0,Babyface; Vanilla Ice,1,0,25.0
23,Vanilla Ice,4,23.0,3,Witney Carson,Singer/Rapper,Texas,United States,48,Eliminated Week 4,10,True,1,4,11,1,Babyface; Vanilla Ice,1,0,23.0
23,Amber Rose,5,24.0,3,Maksim Chmerkoskiy,Model,Pennsylvania,United States,32,Eliminated Week 6,9,True,1,6,11,0,,0,1,24.0
23,Babyface,5,0.0,3,Allison Holker,Singer/Rapper,Indiana,United States,57,Eliminated Week 4,11,True,0,4,11,0,,0,1,
23,Calvin Johnson Jr.,5,24.0,3,Lindsay Arnold,Athlete,Georgia,United States,30,3rd Place,3,True,1,11,11,0,,0,1,24.0
23,Jake T. Austin,5,0.0,3,Jenna Johnson,Actor/Actress,New York,United States,21,Eliminated Week 2,13,True,0,2,11,0,,0,1,
23,James Hinchcliffe,5,29.0,3,Sharna Burgess,Racing Driver,,Canada,29,2nd Place,2,True,1,11,11,0,,0,1,29.0
23,Jana Kramer,5,26.0,3,Gleb Savchenko,Singer/Rapper,Michigan,United States,32,Eliminated Week 11,4,True,1,11,11,0,,0,1,26.0
23,Laurie Hernandez,5,25.0,3,Valentin Chmerkovskiy,Athlete,New Jersey,United States,16,1st Place,1,True,1,11,11,0,,0,1,25.0
23,Marilu Henner,5,27.0,3,Derek Hough,Actor/Actress,Illinois,United States,64,Eliminated Week 9,6,True,1,9,11,0,,0,1,27.0
23,Maureen McCormick,5,24.0,3,Artem Chigvintsev,Actor/Actress,California,United States,60,Eliminated Week 7,8,True,1,7,11,0,,0,1,24.0
23,Rick Perry,5,0.0,3,Emma Slater,Politician,Texas,United States,66,Eliminated Week 3,12,True,0,3,11,0,,0,1,
23,Ryan Lochte,5,24.0,3,Cheryl Burke,Athlete,New York,United States,32,Eliminated Week 8,7,True,1,8,11,0,,0,1,24.0
23,Terra Jole,5,27.0,3,Sasha Farber,TV Personality,Texas,United States,36,Eliminated Week 10,5,True,1,10,11,0,,0,1,27.0
23,Vanilla Ice,5,0.0,3,Witney Carson,Singer/Rapper,Texas,United States,48,Eliminated Week 4,10,True,0,4,11,0,,0,1,
23,Amber Rose,6,28.0,4,Maksim Chmerkoskiy,Model,Pennsylvania,United States,32,Eliminated Week 6,9,True,1,6,11,1,Amber Rose,1,0,28.0
23,Babyface,6,0.0,4,Allison Holker,Singer/Rapper,Indiana,United States,57,Eliminated Week 4,11,True,0,4,11,0,Amber Rose,1,0,
23,Calvin Johnson Jr.,6,37.0,4,Lindsay Arnold,Athlete,Georgia,United States,30,3rd Place,3,True,1,11,11,0,Amber Rose,1,0,37.0
23,Jake T. Austin,6,0.0,4,Jenna Johnson,Actor/Actress,New York,United States,21,Eliminated Week 2,13,True,0,2,11,0,Amber Rose,1,0,
23,James Hinchcliffe,6,38.0,4,Sharna Burgess,Racing Driver,,Canada,29,2nd Place,2,True,1,11,11,0,Amber Rose,1,0,38.0
23,Jana Kramer,6,40.0,4,Gleb Savchenko,Singer/Rapper,Michigan,United States,32,Eliminated Week 11,4,True,1,11,11,0,Amber Rose,1,0,40.0
23,Laurie Hernandez,6,37.0,4,Valentin Chmerkovskiy,Athlete,New Jersey,United States,16,1st Place,1,True,1,11,11,0,Amber Rose,1,0,37.0
23,Marilu Henner,6,34.0,4,Derek Hough,Actor/Actress,Illinois,United States,64,Eliminated Week 9,6,True,1,9,11,0,Amber Rose,1,0,34.0
23,Maureen McCormick,6,31.0,4,Artem Chigvintsev,Actor/Actress,California,United States,60,Eliminated Week 7,8,True,1,7,11,0,Amber Rose,1,0,31.0
23,Rick Perry,6,0.0,4,Emma Slater,Politician,Texas,United States,66,Eliminated Week 3,12,True,0,3,11,0,Amber Rose,1,0,
23,Ryan Lochte,6,30.0,4,Cheryl Burke,Athlete,New York,United States,32,Eliminated Week 8,7,True,1,8,11,0,Amber Rose,1,0,30.0
23,Terra Jole,6,30.0,4,Sasha Farber,TV Personality,Texas,United States,36,Eliminated Week 10,5,True,1,10,11,0,Amber Rose,1,0,30.0
23,Vanilla Ice,6,0.0,4,Witney Carson,Singer/Rapper,Texas,United States,48,Eliminated Week 4,10,True,0,4,11,0,Amber Rose,1,0,
23,Amber Rose,7,0.0,4,Maksim Chmerkoskiy,Model,Pennsylvania,United States,32,Eliminated Week 6,9,True,0,6,11,0,Maureen McCormick,1,0,
23,Babyface,7,0.0,4,Allison Holker,Singer/Rapper,Indiana,United States,57,Eliminated Week 4,11,True,0,4,11,0,Maureen McCormick,1,0,
23,Calvin Johnson Jr.,7,37.0,4,Lindsay Arnold,Athlete,Georgia,United States,30,3rd Place,3,True,1,11,11,0,Maureen McCormick,1,0,37.0
23,Jake T. Austin,7,0.0,4,Jenna Johnson,Actor/Actress,New York,United States,21,Eliminated Week 2,13,True,0,2,11,0,Maureen McCormick,1,0,
23,James Hinchcliffe,7,37.0,4,Sharna Burgess,Racing Driver,,Canada,29,2nd Place,2,True,1,11,11,0,Maureen McCormick,1,0,37.0
23,Jana Kramer,7,34.5,4,Gleb Savchenko,Singer/Rapper,Michigan,United States,32,Eliminated Week 11,4,True,1,11,11,0,Maureen McCormick,1,0,34.5
23,Laurie Hernandez,7,34.5,4,Valentin Chmerkovskiy,Athlete,New Jersey,United States,16,1st Place,1,True,1,11,11,0,Maureen McCormick,1,0,34.5
23,Marilu Henner,7,32.0,4,Derek Hough,Actor/Actress,Illinois,United States,64,Eliminated Week 9,6,True,1,9,11,0,Maureen McCormick,1,0,32.0
23,Maureen McCormick,7,33.0,4,Artem Chigvintsev,Actor/Actress,California,United States,60,Eliminated Week 7,8,True,1,7,11,1,Maureen McCormick,1,0,33.0
23,Rick Perry,7,0.0,4,Emma Slater,Politician,Texas,United States,66,Eliminated Week 3,12,True,0,3,11,0,Maureen McCormick,1,0,
23,Ryan Lochte,7,33.0,4,Cheryl Burke,Athlete,New York,United States,32,Eliminated Week 8,7,True,1,8,11,0,Maureen McCormick,1,0,33.0
23,Terra Jole,7,34.5,4,Sasha Farber,TV Personality,Texas,United States,36,Eliminated Week 10,5,True,1,10,11,0,Maureen McCormick,1,0,34.5
23,Vanilla Ice,7,0.0,4,Witney Carson,Singer/Rapper,Texas,United States,48,Eliminated Week 4,10,True,0,4,11,0,Maureen McCormick,1,0,
23,Amber Rose,8,0.0,3,Maksim Chmerkoskiy,Model,Pennsylvania,United States,32,Eliminated Week 6,9,True,0,6,11,0,Ryan Lochte,1,0,
23,Babyface,8,0.0,3,Allison Holker,Singer/Rapper,Indiana,United States,57,Eliminated Week 4,11,True,0,4,11,0,Ryan Lochte,1,0,
23,Calvin Johnson Jr.,8,30.0,3,Lindsay Arnold,Athlete,Georgia,United States,30,3rd Place,3,True,1,11,11,0,Ryan Lochte,1,0,30.0
23,Jake T. Austin,8,0.0,3,Jenna Johnson,Actor/Actress,New York,United States,21,Eliminated Week 2,13,True,0,2,11,0,Ryan Lochte,1,0,
23,James Hinchcliffe,8,34.9998,3,Sharna Burgess,Racing Driver,,Canada,29,2nd Place,2,True,1,11,11,0,Ryan Lochte,1,0,34.9998
23,Jana Kramer,8,30.0,3,Gleb Savchenko,Singer/Rapper,Michigan,United States,32,Eliminated Week 11,4,True,1,11,11,0,Ryan Lochte,1,0,30.0
23,Laurie Hernandez,8,33.0,3,Valentin Chmerkovskiy,Athlete,New Jersey,United States,16,1st Place,1,True,1,11,11,0,Ryan Lochte,1,0,33.0
23,Marilu Henner,8,23.0,3,Derek Hough,Actor/Actress,Illinois,United States,64,Eliminated Week 9,6,True,1,9,11,0,Ryan Lochte,1,0,23.0
23,Maureen McCormick,8,0.0,3,Artem Chigvintsev,Actor/Actress,California,United States,60,Eliminated Week 7,8,True,0,7,11,0,Ryan Lochte,1,0,
23,Rick Perry,8,0.0,3,Emma Slater,Politician,Texas,United States,66,Eliminated Week 3,12,True,0,3,11,0,Ryan Lochte,1,0,
23,Ryan Lochte,8,26.0,3,Cheryl Burke,Athlete,New York,United States,32,Eliminated Week 8,7,True,1,8,11,1,Ryan Lochte,1,0,26.0
23,Terra Jole,8,24.0,3,Sasha Farber,TV Personality,Texas,United States,36,Eliminated Week 10,5,True,1,10,11,0,Ryan Lochte,1,0,24.0
23,Vanilla Ice,8,0.0,3,Witney Carson,Singer/Rapper,Texas,United States,48,Eliminated Week 4,10,True,0,4,11,0,Ryan Lochte,1,0,
23,Amber Rose,9,0.0,4,Maksim Chmerkoskiy,Model,Pennsylvania,United States,32,Eliminated Week 6,9,True,0,6,11,0,Marilu Henner,1,0,
23,Babyface,9,0.0,4,Allison Holker,Singer/Rapper,Indiana,United States,57,Eliminated Week 4,11,True,0,4,11,0,Marilu Henner,1,0,
23,Calvin Johnson Jr.,9,37.0,4,Lindsay Arnold,Athlete,Georgia,United States,30,3rd Place,3,True,1,11,11,0,Marilu Henner,1,0,37.0
23,Jake T. Austin,9,0.0,4,Jenna Johnson,Actor/Actress,New York,United States,21,Eliminated Week 2,13,True,0,2,11,0,Marilu Henner,1,0,
23,James Hinchcliffe,9,36.0,4,Sharna Burgess,Racing Driver,,Canada,29,2nd Place,2,True,1,11,11,0,Marilu Henner,1,0,36.0
23,Jana Kramer,9,40.0,4,Gleb Savchenko,Singer/Rapper,Michigan,United States,32,Eliminated Week 11,4,True,1,11,11,0,Marilu Henner,1,0,40.0
23,Laurie Hernandez,9,40.0,4,Valentin Chmerkovskiy,Athlete,New Jersey,United States,16,1st Place,1,True,1,11,11,0,Marilu Henner,1,0,40.0
23,Marilu Henner,9,36.0,4,Derek Hough,Actor/Actress,Illinois,United States,64,Eliminated Week 9,6,True,1,9,11,1,Marilu Henner,1,0,36.0
23,Maureen McCormick,9,0.0,4,Artem Chigvintsev,Actor/Actress,California,United States,60,Eliminated Week 7,8,True,0,7,11,0,Marilu Henner,1,0,
23,Rick Perry,9,0.0,4,Emma Slater,Politician,Texas,United States,66,Eliminated Week 3,12,True,0,3,11,0,Marilu Henner,1,0,
23,Ryan Lochte,9,0.0,4,Cheryl Burke,Athlete,New York,United States,32,Eliminated Week 8,7,True,0,8,11,0,Marilu Henner,1,0,
23,Terra Jole,9,38.0,4,Sasha Farber,TV Personality,Texas,United States,36,Eliminated Week 10,5,True,1,10,11,0,Marilu Henner,1,0,38.0
23,Vanilla Ice,9,0.0,4,Witney Carson,Singer/Rapper,Texas,United States,48,Eliminated Week 4,10,True,0,4,11,0,Marilu Henner,1,0,
23,Amber Rose,10,0.0,3,Maksim Chmerkoskiy,Model,Pennsylvania,United States,32,Eliminated Week 6,9,True,0,6,11,0,Terra Jole,1,0,
23,Babyface,10,0.0,3,Allison Holker,Singer/Rapper,Indiana,United States,57,Eliminated Week 4,11,True,0,4,11,0,Terra Jole,1,0,
23,Calvin Johnson Jr.,10,28.0,3,Lindsay Arnold,Athlete,Georgia,United States,30,3rd Place,3,True,1,11,11,0,Terra Jole,1,0,28.0
23,Jake T. Austin,10,0.0,3,Jenna Johnson,Actor/Actress,New York,United States,21,Eliminated Week 2,13,True,0,2,11,0,Terra Jole,1,0,
23,James Hinchcliffe,10,29.5,3,Sharna Burgess,Racing Driver,,Canada,29,2nd Place,2,True,1,11,11,0,Terra Jole,1,0,29.5
23,Jana Kramer,10,29.0,3,Gleb Savchenko,Singer/Rapper,Michigan,United States,32,Eliminated Week 11,4,True,1,11,11,0,Terra Jole,1,0,29.0
23,Laurie Hernandez,10,30.0,3,Valentin Chmerkovskiy,Athlete,New Jersey,United States,16,1st Place,1,True,1,11,11,0,Terra Jole,1,0,30.0
23,Marilu Henner,10,0.0,3,Derek Hough,Actor/Actress,Illinois,United States,64,Eliminated Week 9,6,True,0,9,11,0,Terra Jole,1,0,
23,Maureen McCormick,10,0.0,3,Artem Chigvintsev,Actor/Actress,California,United States,60,Eliminated Week 7,8,True,0,7,11,0,Terra Jole,1,0,
23,Rick Perry,10,0.0,3,Emma Slater,Politician,Texas,United States,66,Eliminated Week 3,12,True,0,3,11,0,Terra Jole,1,0,
23,Ryan Lochte,10,0.0,3,Cheryl Burke,Athlete,New York,United States,32,Eliminated Week 8,7,True,0,8,11,0,Terra Jole,1,0,
23,Terra Jole,10,30.0,3,Sasha Farber,TV Personality,Texas,United States,36,Eliminated Week 10,5,True,1,10,11,1,Terra Jole,1,0,30.0
23,Vanilla Ice,10,0.0,3,Witney Carson,Singer/Rapper,Texas,United States,48,Eliminated Week 4,10,True,0,4,11,0,Terra Jole,1,0,
23,Amber Rose,11,0.0,4,Maksim Chmerkoskiy,Model,Pennsylvania,United States,32,Eliminated Week 6,9,True,0,6,11,0,,0,1,
23,Babyface,11,0.0,4,Allison Holker,Singer/Rapper,Indiana,United States,57,Eliminated Week 4,11,True,0,4,11,0,,0,1,
23,Calvin Johnson Jr.,11,38.3331,4,Lindsay Arnold,Athlete,Georgia,United States,30,3rd Place,3,True,1,11,11,0,,0,1,38.3331
23,Jake T. Austin,11,0.0,4,Jenna Johnson,Actor/Actress,New York,United States,21,Eliminated Week 2,13,True,0,2,11,0,,0,1,
23,James Hinchcliffe,11,38.9998,4,Sharna Burgess,Racing Driver,,Canada,29,2nd Place,2,True,1,11,11,0,,0,1,38.9998
23,Jana Kramer,11,35.5,4,Gleb Savchenko,Singer/Rapper,Michigan,United States,32,Eliminated Week 11,4,True,1,11,11,0,,0,1,35.5
23,Laurie Hernandez,11,39.333200000000005,4,Valentin Chmerkovskiy,Athlete,New Jersey,United States,16,1st Place,1,True,1,11,11,0,,0,1,39.333200000000005
23,Marilu Henner,11,0.0,4,Derek Hough,Actor/Actress,Illinois,United States,64,Eliminated Week 9,6,True,0,9,11,0,,0,1,
23,Maureen McCormick,11,0.0,4,Artem Chigvintsev,Actor/Actress,California,United States,60,Eliminated Week 7,8,True,0,7,11,0,,0,1,
23,Rick Perry,11,0.0,4,Emma Slater,Politician,Texas,United States,66,Eliminated Week 3,12,True,0,3,11,0,,0,1,
23,Ryan Lochte,11,0.0,4,Cheryl Burke,Athlete,New York,United States,32,Eliminated Week 8,7,True,0,8,11,0,,0,1,
23,Terra Jole,11,0.0,4,Sasha Farber,TV Personality,Texas,United States,36,Eliminated Week 10,5,True,0,10,11,0,,0,1,
23,Vanilla Ice,11,0.0,4,Witney Carson,Singer/Rapper,Texas,United States,48,Eliminated Week 4,10,True,0,4,11,0,,0,1,
24,Bonner Bolton,1,22.0,4,Sharna Burgess,Athlete,Texas,United States,29,Eliminated Week 8,5,True,1,8,10,0,,0,1,22.0
24,Charo,1,21.0,4,Keo Motsepe,Actor/Actress,,Spain,66,Eliminated Week 3,11,True,1,3,10,0,,0,1,21.0
24,Chris Kattan,1,17.0,4,Witney Carson,Comedian,California,United States,46,Eliminated Week 2,12,True,1,2,10,0,,0,1,17.0
24,David Ross,1,28.0,4,Lindsay Arnold,Athlete,Georgia,United States,40,2nd Place,2,True,1,10,10,0,,0,1,28.0
24,Erika Jayne,1,24.0,4,Gleb Savchenko,Singer/Rapper,Georgia,United States,45,Eliminated Week 5,9,True,1,5,10,0,,0,1,24.0
24,Heather Morris,1,28.0,4,Maksim Chmerkoskiy,Actor/Actress,California,United States,30,Eliminated Week 6,8,True,1,6,10,0,,0,1,28.0
24,Mr. T,1,20.0,4,Kym Herjavec,Actor/Actress,Illinois,United States,64,Eliminated Week 4,10,True,1,4,10,0,,0,1,20.0
24,Nancy Kerrigan,1,28.0,4,Artem Chigvintsev,Athlete,Massachusetts,United States,47,Eliminated Week 7,7,True,1,7,10,0,,0,1,28.0
24,Nick Viall,1,24.0,4,Peta Murgatroyd,TV Personality,Wisconsin,United States,36,Eliminated Week 7,6,True,1,7,10,0,,0,1,24.0
24,Normani,1,27.0,4,Valentin Chmerkovskiy,Singer/Rapper,Georgia,United States,20,3rd Place,3,True,1,10,10,0,,0,1,27.0
24,Rashad Jennings,1,31.0,4,Emma Slater,Athlete,Virginia,United States,32,1st Place,1,True,1,10,10,0,,0,1,31.0
24,Simone Biles,1,32.0,4,Sasha Farber,Athlete,Ohio,United States,20,Eliminated Week 9,4,True,1,9,10,0,,0,1,32.0
24,Bonner Bolton,2,28.0,4,Sharna Burgess,Athlete,Texas,United States,29,Eliminated Week 8,5,True,1,8,10,0,Chris Kattan,1,0,28.0
24,Charo,2,25.0,4,Keo Motsepe,Actor/Actress,,Spain,66,Eliminated Week 3,11,True,1,3,10,0,Chris Kattan,1,0,25.0
24,Chris Kattan,2,22.0,4,Witney Carson,Comedian,California,United States,46,Eliminated Week 2,12,True,1,2,10,1,Chris Kattan,1,0,22.0
24,David Ross,2,27.0,4,Lindsay Arnold,Athlete,Georgia,United States,40,2nd Place,2,True,1,10,10,0,Chris Kattan,1,0,27.0
24,Erika Jayne,2,28.0,4,Gleb Savchenko,Singer/Rapper,Georgia,United States,45,Eliminated Week 5,9,True,1,5,10,0,Chris Kattan,1,0,28.0
24,Heather Morris,2,30.0,4,Maksim Chmerkoskiy,Actor/Actress,California,United States,30,Eliminated Week 6,8,True,1,6,10,0,Chris Kattan,1,0,30.0
24,Mr. T,2,22.0,4,Kym Herjavec,Actor/Actress,Illinois,United States,64,Eliminated Week 4,10,True,1,4,10,0,Chris Kattan,1,0,22.0
24,Nancy Kerrigan,2,28.0,4,Artem Chigvintsev,Athlete,Massachusetts,United States,47,Eliminated Week 7,7,True,1,7,10,0,Chris Kattan,1,0,28.0
24,Nick Viall,2,25.0,4,Peta Murgatroyd,TV Personality,Wisconsin,United States,36,Eliminated Week 7,6,True,1,7,10,0,Chris Kattan,1,0,25.0
24,Normani,2,32.0,4,Valentin Chmerkovskiy,Singer/Rapper,Georgia,United States,20,3rd Place,3,True,1,10,10,0,Chris Kattan,1,0,32.0
24,Rashad Jennings,2,32.0,4,Emma Slater,Athlete,Virginia,United States,32,1st Place,1,True,1,10,10,0,Chris Kattan,1,0,32.0
24,Simone Biles,2,29.0,4,Sasha Farber,Athlete,Ohio,United States,20,Eliminated Week 9,4,True,1,9,10,0,Chris Kattan,1,0,29.0
24,Bonner Bolton,3,24.0,4,Sharna Burgess,Athlete,Texas,United States,29,Eliminated Week 8,5,True,1,8,10,0,Charo,1,0,24.0
24,Charo,3,24.0,4,Keo Motsepe,Actor/Actress,,Spain,66,Eliminated Week 3,11,True,1,3,10,1,Charo,1,0,24.0
24,Chris Kattan,3,0.0,4,Witney Carson,Comedian,California,United States,46,Eliminated Week 2,12,True,0,2,10,0,Charo,1,0,
24,David Ross,3,31.0,4,Lindsay Arnold,Athlete,Georgia,United States,40,2nd Place,2,True,1,10,10,0,Charo,1,0,31.0
24,Erika Jayne,3,26.0,4,Gleb Savchenko,Singer/Rapper,Georgia,United States,45,Eliminated Week 5,9,True,1,5,10,0,Charo,1,0,26.0
24,Heather Morris,3,33.0,4,Maksim Chmerkoskiy,Actor/Actress,California,United States,30,Eliminated Week 6,8,True,1,6,10,0,Charo,1,0,33.0
24,Mr. T,3,24.0,4,Kym Herjavec,Actor/Actress,Illinois,United States,64,Eliminated Week 4,10,True,1,4,10,0,Charo,1,0,24.0
24,Nancy Kerrigan,3,33.0,4,Artem Chigvintsev,Athlete,Massachusetts,United States,47,Eliminated Week 7,7,True,1,7,10,0,Charo,1,0,33.0
24,Nick Viall,3,26.0,4,Peta Murgatroyd,TV Personality,Wisconsin,United States,36,Eliminated Week 7,6,True,1,7,10,0,Charo,1,0,26.0
24,Normani,3,34.0,4,Valentin Chmerkovskiy,Singer/Rapper,Georgia,United States,20,3rd Place,3,True,1,10,10,0,Charo,1,0,34.0
24,Rashad Jennings,3,28.0,4,Emma Slater,Athlete,Virginia,United States,32,1st Place,1,True,1,10,10,0,Charo,1,0,28.0
24,Simone Biles,3,32.0,4,Sasha Farber,Athlete,Ohio,United States,20,Eliminated Week 9,4,True,1,9,10,0,Charo,1,0,32.0
24,Bonner Bolton,4,32.0,4,Sharna Burgess,Athlete,Texas,United States,29,Eliminated Week 8,5,True,1,8,10,0,Mr. T,1,0,32.0
24,Charo,4,0.0,4,Keo Motsepe,Actor/Actress,,Spain,66,Eliminated Week 3,11,True,0,3,10,0,Mr. T,1,0,
24,Chris Kattan,4,0.0,4,Witney Carson,Comedian,California,United States,46,Eliminated Week 2,12,True,0,2,10,0,Mr. T,1,0,
24,David Ross,4,31.0,4,Lindsay Arnold,Athlete,Georgia,United States,40,2nd Place,2,True,1,10,10,0,Mr. T,1,0,31.0
24,Erika Jayne,4,30.0,4,Gleb Savchenko,Singer/Rapper,Georgia,United States,45,Eliminated Week 5,9,True,1,5,10,0,Mr. T,1,0,30.0
24,Heather Morris,4,35.0,4,Maksim Chmerkoskiy,Actor/Actress,California,United States,30,Eliminated Week 6,8,True,1,6,10,0,Mr. T,1,0,35.0
24,Mr. T,4,28.0,4,Kym Herjavec,Actor/Actress,Illinois,United States,64,Eliminated Week 4,10,True,1,4,10,1,Mr. T,1,0,28.0
24,Nancy Kerrigan,4,33.0,4,Artem Chigvintsev,Athlete,Massachusetts,United States,47,Eliminated Week 7,7,True,1,7,10,0,Mr. T,1,0,33.0
24,Nick Viall,4,30.0,4,Peta Murgatroyd,TV Personality,Wisconsin,United States,36,Eliminated Week 7,6,True,1,7,10,0,Mr. T,1,0,30.0
24,Normani,4,32.0,4,Valentin Chmerkovskiy,Singer/Rapper,Georgia,United States,20,3rd Place,3,True,1,10,10,0,Mr. T,1,0,32.0
24,Rashad Jennings,4,39.0,4,Emma Slater,Athlete,Virginia,United States,32,1st Place,1,True,1,10,10,0,Mr. T,1,0,39.0
24,Simone Biles,4,36.0,4,Sasha Farber,Athlete,Ohio,United States,20,Eliminated Week 9,4,True,1,9,10,0,Mr. T,1,0,36.0
24,Bonner Bolton,5,30.0,4,Sharna Burgess,Athlete,Texas,United States,29,Eliminated Week 8,5,True,1,8,10,0,Erika Jayne,1,0,30.0
24,Charo,5,0.0,4,Keo Motsepe,Actor/Actress,,Spain,66,Eliminated Week 3,11,True,0,3,10,0,Erika Jayne,1,0,
24,Chris Kattan,5,0.0,4,Witney Carson,Comedian,California,United States,46,Eliminated Week 2,12,True,0,2,10,0,Erika Jayne,1,0,
24,David Ross,5,29.0,4,Lindsay Arnold,Athlete,Georgia,United States,40,2nd Place,2,True,1,10,10,0,Erika Jayne,1,0,29.0
24,Erika Jayne,5,32.0,4,Gleb Savchenko,Singer/Rapper,Georgia,United States,45,Eliminated Week 5,9,True,1,5,10,1,Erika Jayne,1,0,32.0
24,Heather Morris,5,34.0,4,Maksim Chmerkoskiy,Actor/Actress,California,United States,30,Eliminated Week 6,8,True,1,6,10,0,Erika Jayne,1,0,34.0
24,Mr. T,5,0.0,4,Kym Herjavec,Actor/Actress,Illinois,United States,64,Eliminated Week 4,10,True,0,4,10,0,Erika Jayne,1,0,
24,Nancy Kerrigan,5,36.0,4,Artem Chigvintsev,Athlete,Massachusetts,United States,47,Eliminated Week 7,7,True,1,7,10,0,Erika Jayne,1,0,36.0
24,Nick Viall,5,34.0,4,Peta Murgatroyd,TV Personality,Wisconsin,United States,36,Eliminated Week 7,6,True,1,7,10,0,Erika Jayne,1,0,34.0
24,Normani,5,39.0,4,Valentin Chmerkovskiy,Singer/Rapper,Georgia,United States,20,3rd Place,3,True,1,10,10,0,Erika Jayne,1,0,39.0
24,Rashad Jennings,5,32.0,4,Emma Slater,Athlete,Virginia,United States,32,1st Place,1,True,1,10,10,0,Erika Jayne,1,0,32.0
24,Simone Biles,5,38.0,4,Sasha Farber,Athlete,Ohio,United States,20,Eliminated Week 9,4,True,1,9,10,0,Erika Jayne,1,0,38.0
24,Bonner Bolton,6,31.5,4,Sharna Burgess,Athlete,Texas,United States,29,Eliminated Week 8,5,True,1,8,10,0,Heather Morris,1,0,31.5
24,Charo,6,0.0,4,Keo Motsepe,Actor/Actress,,Spain,66,Eliminated Week 3,11,True,0,3,10,0,Heather Morris,1,0,
24,Chris Kattan,6,0.0,4,Witney Carson,Comedian,California,United States,46,Eliminated Week 2,12,True,0,2,10,0,Heather Morris,1,0,
24,David Ross,6,31.0,4,Lindsay Arnold,Athlete,Georgia,United States,40,2nd Place,2,True,1,10,10,0,Heather Morris,1,0,31.0
24,Erika Jayne,6,0.0,4,Gleb Savchenko,Singer/Rapper,Georgia,United States,45,Eliminated Week 5,9,True,0,5,10,0,Heather Morris,1,0,
24,Heather Morris,6,37.0,4,Maksim Chmerkoskiy,Actor/Actress,California,United States,30,Eliminated Week 6,8,True,1,6,10,1,Heather Morris,1,0,37.0
24,Mr. T,6,0.0,4,Kym Herjavec,Actor/Actress,Illinois,United States,64,Eliminated Week 4,10,True,0,4,10,0,Heather Morris,1,0,
24,Nancy Kerrigan,6,33.5,4,Artem Chigvintsev,Athlete,Massachusetts,United States,47,Eliminated Week 7,7,True,1,7,10,0,Heather Morris,1,0,33.5
24,Nick Viall,6,30.5,4,Peta Murgatroyd,TV Personality,Wisconsin,United States,36,Eliminated Week 7,6,True,1,7,10,0,Heather Morris,1,0,30.5
24,Normani,6,36.0,4,Valentin Chmerkovskiy,Singer/Rapper,Georgia,United States,20,3rd Place,3,True,1,10,10,0,Heather Morris,1,0,36.0
24,Rashad Jennings,6,35.0,4,Emma Slater,Athlete,Virginia,United States,32,1st Place,1,True,1,10,10,0,Heather Morris,1,0,35.0
24,Simone Biles,6,34.5,4,Sasha Farber,Athlete,Ohio,United States,20,Eliminated Week 9,4,True,1,9,10,0,Heather Morris,1,0,34.5
24,Bonner Bolton,7,31.0,4,Sharna Burgess,Athlete,Texas,United States,29,Eliminated Week 8,5,True,1,8,10,0,Nancy Kerrigan; Nick Viall,1,0,31.0
24,Charo,7,0.0,4,Keo Motsepe,Actor/Actress,,Spain,66,Eliminated Week 3,11,True,0,3,10,0,Nancy Kerrigan; Nick Viall,1,0,
24,Chris Kattan,7,0.0,4,Witney Carson,Comedian,California,United States,46,Eliminated Week 2,12,True,0,2,10,0,Nancy Kerrigan; Nick Viall,1,0,
24,David Ross,7,32.0,4,Lindsay Arnold,Athlete,Georgia,United States,40,2nd Place,2,True,1,10,10,0,Nancy Kerrigan; Nick Viall,1,0,32.0
24,Erika Jayne,7,0.0,4,Gleb Savchenko,Singer/Rapper,Georgia,United States,45,Eliminated Week 5,9,True,0,5,10,0,Nancy Kerrigan; Nick Viall,1,0,
24,Heather Morris,7,0.0,4,Maksim Chmerkoskiy,Actor/Actress,California,United States,30,Eliminated Week 6,8,True,0,6,10,0,Nancy Kerrigan; Nick Viall,1,0,
24,Mr. T,7,0.0,4,Kym Herjavec,Actor/Actress,Illinois,United States,64,Eliminated Week 4,10,True,0,4,10,0,Nancy Kerrigan; Nick Viall,1,0,
24,Nancy Kerrigan,7,36.0,4,Artem Chigvintsev,Athlete,Massachusetts,United States,47,Eliminated Week 7,7,True,1,7,10,1,Nancy Kerrigan; Nick Viall,1,0,36.0
24,Nick Viall,7,34.0,4,Peta Murgatroyd,TV Personality,Wisconsin,United States,36,Eliminated Week 7,6,True,1,7,10,1,Nancy Kerrigan; Nick Viall,1,0,34.0
24,Normani,7,42.0,4,Valentin Chmerkovskiy,Singer/Rapper,Georgia,United States,20,3rd Place,3,True,1,10,10,0,Nancy Kerrigan; Nick Viall,1,0,42.0
24,Rashad Jennings,7,39.0,4,Emma Slater,Athlete,Virginia,United States,32,1st Place,1,True,1,10,10,0,Nancy Kerrigan; Nick Viall,1,0,39.0
24,Simone Biles,7,39.0,4,Sasha Farber,Athlete,Ohio,United States,20,Eliminated Week 9,4,True,1,9,10,0,Nancy Kerrigan; Nick Viall,1,0,39.0
24,Bonner Bolton,8,29.0,4,Sharna Burgess,Athlete,Texas,United States,29,Eliminated Week 8,5,True,1,8,10,1,Bonner Bolton,1,0,29.0
24,Charo,8,0.0,4,Keo Motsepe,Actor/Actress,,Spain,66,Eliminated Week 3,11,True,0,3,10,0,Bonner Bolton,1,0,
24,Chris Kattan,8,0.0,4,Witney Carson,Comedian,California,United States,46,Eliminated Week 2,12,True,0,2,10,0,Bonner Bolton,1,0,
24,David Ross,8,32.5,4,Lindsay Arnold,Athlete,Georgia,United States,40,2nd Place,2,True,1,10,10,0,Bonner Bolton,1,0,32.5
24,Erika Jayne,8,0.0,4,Gleb Savchenko,Singer/Rapper,Georgia,United States,45,Eliminated Week 5,9,True,0,5,10,0,Bonner Bolton,1,0,
24,Heather Morris,8,0.0,4,Maksim Chmerkoskiy,Actor/Actress,California,United States,30,Eliminated Week 6,8,True,0,6,10,0,Bonner Bolton,1,0,
24,Mr. T,8,0.0,4,Kym Herjavec,Actor/Actress,Illinois,United States,64,Eliminated Week 4,10,True,0,4,10,0,Bonner Bolton,1,0,
24,Nancy Kerrigan,8,0.0,4,Artem Chigvintsev,Athlete,Massachusetts,United States,47,Eliminated Week 7,7,True,0,7,10,0,Bonner Bolton,1,0,
24,Nick Viall,8,0.0,4,Peta Murgatroyd,TV Personality,Wisconsin,United States,36,Eliminated Week 7,6,True,0,7,10,0,Bonner Bolton,1,0,
24,Normani,8,39.5,4,Valentin Chmerkovskiy,Singer/Rapper,Georgia,United States,20,3rd Place,3,True,1,10,10,0,Bonner Bolton,1,0,39.5
24,Rashad Jennings,8,37.5,4,Emma Slater,Athlete,Virginia,United States,32,1st Place,1,True,1,10,10,0,Bonner Bolton,1,0,37.5
24,Simone Biles,8,36.0,4,Sasha Farber,Athlete,Ohio,United States,20,Eliminated Week 9,4,True,1,9,10,0,Bonner Bolton,1,0,36.0
24,Bonner Bolton,9,0.0,4,Sharna Burgess,Athlete,Texas,United States,29,Eliminated Week 8,5,True,0,8,10,0,Simone Biles,1,0,
24,Charo,9,0.0,4,Keo Motsepe,Actor/Actress,,Spain,66,Eliminated Week 3,11,True,0,3,10,0,Simone Biles,1,0,
24,Chris Kattan,9,0.0,4,Witney Carson,Comedian,California,United States,46,Eliminated Week 2,12,True,0,2,10,0,Simone Biles,1,0,
24,David Ross,9,35.0,4,Lindsay Arnold,Athlete,Georgia,United States,40,2nd Place,2,True,1,10,10,0,Simone Biles,1,0,35.0
24,Erika Jayne,9,0.0,4,Gleb Savchenko,Singer/Rapper,Georgia,United States,45,Eliminated Week 5,9,True,0,5,10,0,Simone Biles,1,0,
24,Heather Morris,9,0.0,4,Maksim Chmerkoskiy,Actor/Actress,California,United States,30,Eliminated Week 6,8,True,0,6,10,0,Simone Biles,1,0,
24,Mr. T,9,0.0,4,Kym Herjavec,Actor/Actress,Illinois,United States,64,Eliminated Week 4,10,True,0,4,10,0,Simone Biles,1,0,
24,Nancy Kerrigan,9,0.0,4,Artem Chigvintsev,Athlete,Massachusetts,United States,47,Eliminated Week 7,7,True,0,7,10,0,Simone Biles,1,0,
24,Nick Viall,9,0.0,4,Peta Murgatroyd,TV Personality,Wisconsin,United States,36,Eliminated Week 7,6,True,0,7,10,0,Simone Biles,1,0,
24,Normani,9,38.0,4,Valentin Chmerkovskiy,Singer/Rapper,Georgia,United States,20,3rd Place,3,True,1,10,10,0,Simone Biles,1,0,38.0
24,Rashad Jennings,9,38.5,4,Emma Slater,Athlete,Virginia,United States,32,1st Place,1,True,1,10,10,0,Simone Biles,1,0,38.5
24,Simone Biles,9,40.0,4,Sasha Farber,Athlete,Ohio,United States,20,Eliminated Week 9,4,True,1,9,10,1,Simone Biles,1,0,40.0
24,Bonner Bolton,10,0.0,4,Sharna Burgess,Athlete,Texas,United States,29,Eliminated Week 8,5,True,0,8,10,0,,0,1,
24,Charo,10,0.0,4,Keo Motsepe,Actor/Actress,,Spain,66,Eliminated Week 3,11,True,0,3,10,0,,0,1,
24,Chris Kattan,10,0.0,4,Witney Carson,Comedian,California,United States,46,Eliminated Week 2,12,True,0,2,10,0,,0,1,
24,David Ross,10,36.3333,4,Lindsay Arnold,Athlete,Georgia,United States,40,2nd Place,2,True,1,10,10,0,,0,1,36.3333
24,Erika Jayne,10,0.0,4,Gleb Savchenko,Singer/Rapper,Georgia,United States,45,Eliminated Week 5,9,True,0,5,10,0,,0,1,
24,Heather Morris,10,0.0,4,Maksim Chmerkoskiy,Actor/Actress,California,United States,30,Eliminated Week 6,8,True,0,6,10,0,,0,1,
24,Mr. T,10,0.0,4,Kym Herjavec,Actor/Actress,Illinois,United States,64,Eliminated Week 4,10,True,0,4,10,0,,0,1,
24,Nancy Kerrigan,10,0.0,4,Artem Chigvintsev,Athlete,Massachusetts,United States,47,Eliminated Week 7,7,True,0,7,10,0,,0,1,
24,Nick Viall,10,0.0,4,Peta Murgatroyd,TV Personality,Wisconsin,United States,36,Eliminated Week 7,6,True,0,7,10,0,,0,1,
24,Normani,10,39.333200000000005,4,Valentin Chmerkovskiy,Singer/Rapper,Georgia,United States,20,3rd Place,3,True,1,10,10,0,,0,1,39.333200000000005
24,Rashad Jennings,10,39.6666,4,Emma Slater,Athlete,Virginia,United States,32,1st Place,1,True,1,10,10,0,,0,1,39.6666
24,Simone Biles,10,0.0,4,Sasha Farber,Athlete,Ohio,United States,20,Eliminated Week 9,4,True,0,9,10,0,,0,1,
24,Bonner Bolton,11,,0,Sharna Burgess,Athlete,Texas,United States,29,Eliminated Week 8,5,False,0,8,10,0,,0,0,
24,Charo,11,,0,Keo Motsepe,Actor/Actress,,Spain,66,Eliminated Week 3,11,False,0,3,10,0,,0,0,
24,Chris Kattan,11,,0,Witney Carson,Comedian,California,United States,46,Eliminated Week 2,12,False,0,2,10,0,,0,0,
24,David Ross,11,,0,Lindsay Arnold,Athlete,Georgia,United States,40,2nd Place,2,False,0,10,10,0,,0,0,
24,Erika Jayne,11,,0,Gleb Savchenko,Singer/Rapper,Georgia,United States,45,Eliminated Week 5,9,False,0,5,10,0,,0,0,
24,Heather Morris,11,,0,Maksim Chmerkoskiy,Actor/Actress,California,United States,30,Eliminated Week 6,8,False,0,6,10,0,,0,0,
24,Mr. T,11,,0,Kym Herjavec,Actor/Actress,Illinois,United States,64,Eliminated Week 4,10,False,0,4,10,0,,0,0,
24,Nancy Kerrigan,11,,0,Artem Chigvintsev,Athlete,Massachusetts,United States,47,Eliminated Week 7,7,False,0,7,10,0,,0,0,
24,Nick Viall,11,,0,Peta Murgatroyd,TV Personality,Wisconsin,United States,36,Eliminated Week 7,6,False,0,7,10,0,,0,0,
24,Normani,11,,0,Valentin Chmerkovskiy,Singer/Rapper,Georgia,United States,20,3rd Place,3,False,0,10,10,0,,0,0,
24,Rashad Jennings,11,,0,Emma Slater,Athlete,Virginia,United States,32,1st Place,1,False,0,10,10,0,,0,0,
24,Simone Biles,11,,0,Sasha Farber,Athlete,Ohio,United States,20,Eliminated Week 9,4,False,0,9,10,0,,0,0,
25,Barbara Corcoran,1,14.0,3,Keo Motsepe,Entrepreneur,New Jersey,United States,68,Eliminated Week 2,13,True,1,2,10,0,,0,1,14.0
25,Debbie Gibson,1,17.0,3,Alan Bersten,Singer/Rapper,New York,United States,47,Eliminated Week 2,12,True,1,2,10,0,,0,1,17.0
25,Derek Fisher,1,18.0,3,Sharna Burgess,Athlete,Arkansas,United States,43,Eliminated Week 4,11,True,1,4,10,0,,0,1,18.0
25,Drew Scott,1,16.0,3,Emma Slater,TV Personality,,Canada,39,Eliminated Week 10,4,True,1,10,10,0,,0,1,16.0
25,Frankie Muniz,1,19.0,3,Witney Carson,Actor/Actress,New Jersey,United States,31,3rd Place,3,True,1,10,10,0,,0,1,19.0
25,Jordan Fisher,1,22.0,3,Lindsay Arnold,Actor/Actress,Alabama,United States,23,1st Place,1,True,1,10,10,0,,0,1,22.0
25,Lindsey Stirling,1,22.0,3,Mark Ballas,Musician,California,United States,31,2nd Place,2,True,1,10,10,0,,0,1,22.0
25,Nick Lachey,1,18.0,3,Peta Murgatroyd,Singer/Rapper,Kentucky,United States,43,Eliminated Week 6,9,True,1,6,10,0,,0,1,18.0
25,Nikki Bella,1,20.0,3,Artem Chigvintsev,Athlete,California,United States,33,Eliminated Week 7,8,True,1,7,10,0,,0,1,20.0
25,Sasha Pieterse,1,18.0,3,Gleb Savchenko,Actor/Actress,,South Africa,21,Eliminated Week 5,10,True,1,5,10,0,,0,1,18.0
25,Terrell Owens,1,15.0,3,Cheryl Burke,Athlete,Alabama,United States,43,Eliminated Week 8,6,True,1,8,10,0,,0,1,15.0
25,Vanessa Lachey,1,21.0,3,Maksim Chmerkoskiy,TV Personality,,Philippines,36,Eliminated Week 7,7,True,1,7,10,0,,0,1,21.0
25,Victoria Arlen,1,19.0,3,Valentin Chmerkovskiy,Athlete,New Hamshire,United States,22,Eliminated Week 9,5,True,1,9,10,0,,0,1,19.0
25,Barbara Corcoran,2,17.0,3,Keo Motsepe,Entrepreneur,New Jersey,United States,68,Eliminated Week 2,13,True,1,2,10,1,Barbara Corcoran; Debbie Gibson,1,0,17.0
25,Debbie Gibson,2,20.5,3,Alan Bersten,Singer/Rapper,New York,United States,47,Eliminated Week 2,12,True,1,2,10,1,Barbara Corcoran; Debbie Gibson,1,0,20.5
25,Derek Fisher,2,19.0,3,Sharna Burgess,Athlete,Arkansas,United States,43,Eliminated Week 4,11,True,1,4,10,0,Barbara Corcoran; Debbie Gibson,1,0,19.0
25,Drew Scott,2,20.5,3,Emma Slater,TV Personality,,Canada,39,Eliminated Week 10,4,True,1,10,10,0,Barbara Corcoran; Debbie Gibson,1,0,20.5
25,Frankie Muniz,2,24.0,3,Witney Carson,Actor/Actress,New Jersey,United States,31,3rd Place,3,True,1,10,10,0,Barbara Corcoran; Debbie Gibson,1,0,24.0
25,Jordan Fisher,2,24.0,3,Lindsay Arnold,Actor/Actress,Alabama,United States,23,1st Place,1,True,1,10,10,0,Barbara Corcoran; Debbie Gibson,1,0,24.0
25,Lindsey Stirling,2,22.5,3,Mark Ballas,Musician,California,United States,31,2nd Place,2,True,1,10,10,0,Barbara Corcoran; Debbie Gibson,1,0,22.5
25,Nick Lachey,2,19.0,3,Peta Murgatroyd,Singer/Rapper,Kentucky,United States,43,Eliminated Week 6,9,True,1,6,10,0,Barbara Corcoran; Debbie Gibson,1,0,19.0
25,Nikki Bella,2,19.5,3,Artem Chigvintsev,Athlete,California,United States,33,Eliminated Week 7,8,True,1,7,10,0,Barbara Corcoran; Debbie Gibson,1,0,19.5
25,Sasha Pieterse,2,22.5,3,Gleb Savchenko,Actor/Actress,,South Africa,21,Eliminated Week 5,10,True,1,5,10,0,Barbara Corcoran; Debbie Gibson,1,0,22.5
25,Terrell Owens,2,19.5,3,Cheryl Burke,Athlete,Alabama,United States,43,Eliminated Week 8,6,True,1,8,10,0,Barbara Corcoran; Debbie Gibson,1,0,19.5
25,Vanessa Lachey,2,23.5,3,Maksim Chmerkoskiy,TV Personality,,Philippines,36,Eliminated Week 7,7,True,1,7,10,0,Barbara Corcoran; Debbie Gibson,1,0,23.5
25,Victoria Arlen,2,22.0,3,Valentin Chmerkovskiy,Athlete,New Hamshire,United States,22,Eliminated Week 9,5,True,1,9,10,0,Barbara Corcoran; Debbie Gibson,1,0,22.0
25,Barbara Corcoran,3,0.0,3,Keo Motsepe,Entrepreneur,New Jersey,United States,68,Eliminated Week 2,13,True,0,2,10,0,,0,1,
25,Debbie Gibson,3,0.0,3,Alan Bersten,Singer/Rapper,New York,United States,47,Eliminated Week 2,12,True,0,2,10,0,,0,1,
25,Derek Fisher,3,21.0,3,Sharna Burgess,Athlete,Arkansas,United States,43,Eliminated Week 4,11,True,1,4,10,0,,0,1,21.0
25,Drew Scott,3,23.0,3,Emma Slater,TV Personality,,Canada,39,Eliminated Week 10,4,True,1,10,10,0,,0,1,23.0
25,Frankie Muniz,3,21.0,3,Witney Carson,Actor/Actress,New Jersey,United States,31,3rd Place,3,True,1,10,10,0,,0,1,21.0
25,Jordan Fisher,3,25.0,3,Lindsay Arnold,Actor/Actress,Alabama,United States,23,1st Place,1,True,1,10,10,0,,0,1,25.0
25,Lindsey Stirling,3,27.0,3,Mark Ballas,Musician,California,United States,31,2nd Place,2,True,1,10,10,0,,0,1,27.0
25,Nick Lachey,3,21.0,3,Peta Murgatroyd,Singer/Rapper,Kentucky,United States,43,Eliminated Week 6,9,True,1,6,10,0,,0,1,21.0
25,Nikki Bella,3,21.0,3,Artem Chigvintsev,Athlete,California,United States,33,Eliminated Week 7,8,True,1,7,10,0,,0,1,21.0
25,Sasha Pieterse,3,19.0,3,Gleb Savchenko,Actor/Actress,,South Africa,21,Eliminated Week 5,10,True,1,5,10,0,,0,1,19.0
25,Terrell Owens,3,21.0,3,Cheryl Burke,Athlete,Alabama,United States,43,Eliminated Week 8,6,True,1,8,10,0,,0,1,21.0
25,Vanessa Lachey,3,23.0,3,Maksim Chmerkoskiy,TV Personality,,Philippines,36,Eliminated Week 7,7,True,1,7,10,0,,0,1,23.0
25,Victoria Arlen,3,22.0,3,Valentin Chmerkovskiy,Athlete,New Hamshire,United States,22,Eliminated Week 9,5,True,1,9,10,0,,0,1,22.0
25,Barbara Corcoran,4,0.0,3,Keo Motsepe,Entrepreneur,New Jersey,United States,68,Eliminated Week 2,13,True,0,2,10,0,Derek Fisher,1,0,
25,Debbie Gibson,4,0.0,3,Alan Bersten,Singer/Rapper,New York,United States,47,Eliminated Week 2,12,True,0,2,10,0,Derek Fisher,1,0,
25,Derek Fisher,4,23.0,3,Sharna Burgess,Athlete,Arkansas,United States,43,Eliminated Week 4,11,True,1,4,10,1,Derek Fisher,1,0,23.0
25,Drew Scott,4,24.0,3,Emma Slater,TV Personality,,Canada,39,Eliminated Week 10,4,True,1,10,10,0,Derek Fisher,1,0,24.0
25,Frankie Muniz,4,24.0,3,Witney Carson,Actor/Actress,New Jersey,United States,31,3rd Place,3,True,1,10,10,0,Derek Fisher,1,0,24.0
25,Jordan Fisher,4,29.0,3,Lindsay Arnold,Actor/Actress,Alabama,United States,23,1st Place,1,True,1,10,10,0,Derek Fisher,1,0,29.0
25,Lindsey Stirling,4,26.0,3,Mark Ballas,Musician,California,United States,31,2nd Place,2,True,1,10,10,0,Derek Fisher,1,0,26.0
25,Nick Lachey,4,22.0,3,Peta Murgatroyd,Singer/Rapper,Kentucky,United States,43,Eliminated Week 6,9,True,1,6,10,0,Derek Fisher,1,0,22.0
25,Nikki Bella,4,24.0,3,Artem Chigvintsev,Athlete,California,United States,33,Eliminated Week 7,8,True,1,7,10,0,Derek Fisher,1,0,24.0
25,Sasha Pieterse,4,24.0,3,Gleb Savchenko,Actor/Actress,,South Africa,21,Eliminated Week 5,10,True,1,5,10,0,Derek Fisher,1,0,24.0
25,Terrell Owens,4,24.0,3,Cheryl Burke,Athlete,Alabama,United States,43,Eliminated Week 8,6,True,1,8,10,0,Derek Fisher,1,0,24.0
25,Vanessa Lachey,4,24.0,3,Maksim Chmerkoskiy,TV Personality,,Philippines,36,Eliminated Week 7,7,True,1,7,10,0,Derek Fisher,1,0,24.0
25,Victoria Arlen,4,27.0,3,Valentin Chmerkovskiy,Athlete,New Hamshire,United States,22,Eliminated Week 9,5,True,1,9,10,0,Derek Fisher,1,0,27.0
25,Barbara Corcoran,5,0.0,3,Keo Motsepe,Entrepreneur,New Jersey,United States,68,Eliminated Week 2,13,True,0,2,10,0,Sasha Pieterse,1,0,
25,Debbie Gibson,5,0.0,3,Alan Bersten,Singer/Rapper,New York,United States,47,Eliminated Week 2,12,True,0,2,10,0,Sasha Pieterse,1,0,
25,Derek Fisher,5,0.0,3,Sharna Burgess,Athlete,Arkansas,United States,43,Eliminated Week 4,11,True,0,4,10,0,Sasha Pieterse,1,0,
25,Drew Scott,5,25.0,3,Emma Slater,TV Personality,,Canada,39,Eliminated Week 10,4,True,1,10,10,0,Sasha Pieterse,1,0,25.0
25,Frankie Muniz,5,29.0,3,Witney Carson,Actor/Actress,New Jersey,United States,31,3rd Place,3,True,1,10,10,0,Sasha Pieterse,1,0,29.0
25,Jordan Fisher,5,30.0,3,Lindsay Arnold,Actor/Actress,Alabama,United States,23,1st Place,1,True,1,10,10,0,Sasha Pieterse,1,0,30.0
25,Lindsey Stirling,5,28.0,3,Mark Ballas,Musician,California,United States,31,2nd Place,2,True,1,10,10,0,Sasha Pieterse,1,0,28.0
25,Nick Lachey,5,22.0,3,Peta Murgatroyd,Singer/Rapper,Kentucky,United States,43,Eliminated Week 6,9,True,1,6,10,0,Sasha Pieterse,1,0,22.0
25,Nikki Bella,5,27.0,3,Artem Chigvintsev,Athlete,California,United States,33,Eliminated Week 7,8,True,1,7,10,0,Sasha Pieterse,1,0,27.0
25,Sasha Pieterse,5,24.0,3,Gleb Savchenko,Actor/Actress,,South Africa,21,Eliminated Week 5,10,True,1,5,10,1,Sasha Pieterse,1,0,24.0
25,Terrell Owens,5,25.0,3,Cheryl Burke,Athlete,Alabama,United States,43,Eliminated Week 8,6,True,1,8,10,0,Sasha Pieterse,1,0,25.0
25,Vanessa Lachey,5,24.0,3,Maksim Chmerkoskiy,TV Personality,,Philippines,36,Eliminated Week 7,7,True,1,7,10,0,Sasha Pieterse,1,0,24.0
25,Victoria Arlen,5,27.0,3,Valentin Chmerkovskiy,Athlete,New Hamshire,United States,22,Eliminated Week 9,5,True,1,9,10,0,Sasha Pieterse,1,0,27.0
25,Barbara Corcoran,6,0.0,4,Keo Motsepe,Entrepreneur,New Jersey,United States,68,Eliminated Week 2,13,True,0,2,10,0,Nick Lachey,1,0,
25,Debbie Gibson,6,0.0,4,Alan Bersten,Singer/Rapper,New York,United States,47,Eliminated Week 2,12,True,0,2,10,0,Nick Lachey,1,0,
25,Derek Fisher,6,0.0,4,Sharna Burgess,Athlete,Arkansas,United States,43,Eliminated Week 4,11,True,0,4,10,0,Nick Lachey,1,0,
25,Drew Scott,6,30.0,4,Emma Slater,TV Personality,,Canada,39,Eliminated Week 10,4,True,1,10,10,0,Nick Lachey,1,0,30.0
25,Frankie Muniz,6,31.0,4,Witney Carson,Actor/Actress,New Jersey,United States,31,3rd Place,3,True,1,10,10,0,Nick Lachey,1,0,31.0
25,Jordan Fisher,6,39.0,4,Lindsay Arnold,Actor/Actress,Alabama,United States,23,1st Place,1,True,1,10,10,0,Nick Lachey,1,0,39.0
25,Lindsey Stirling,6,40.0,4,Mark Ballas,Musician,California,United States,31,2nd Place,2,True,1,10,10,0,Nick Lachey,1,0,40.0
25,Nick Lachey,6,26.0,4,Peta Murgatroyd,Singer/Rapper,Kentucky,United States,43,Eliminated Week 6,9,True,1,6,10,1,Nick Lachey,1,0,26.0
25,Nikki Bella,6,36.0,4,Artem Chigvintsev,Athlete,California,United States,33,Eliminated Week 7,8,True,1,7,10,0,Nick Lachey,1,0,36.0
25,Sasha Pieterse,6,0.0,4,Gleb Savchenko,Actor/Actress,,South Africa,21,Eliminated Week 5,10,True,0,5,10,0,Nick Lachey,1,0,
25,Terrell Owens,6,37.0,4,Cheryl Burke,Athlete,Alabama,United States,43,Eliminated Week 8,6,True,1,8,10,0,Nick Lachey,1,0,37.0
25,Vanessa Lachey,6,36.0,4,Maksim Chmerkoskiy,TV Personality,,Philippines,36,Eliminated Week 7,7,True,1,7,10,0,Nick Lachey,1,0,36.0
25,Victoria Arlen,6,31.0,4,Valentin Chmerkovskiy,Athlete,New Hamshire,United States,22,Eliminated Week 9,5,True,1,9,10,0,Nick Lachey,1,0,31.0
25,Barbara Corcoran,7,0.0,3,Keo Motsepe,Entrepreneur,New Jersey,United States,68,Eliminated Week 2,13,True,0,2,10,0,Nikki Bella; Vanessa Lachey,1,0,
25,Debbie Gibson,7,0.0,3,Alan Bersten,Singer/Rapper,New York,United States,47,Eliminated Week 2,12,True,0,2,10,0,Nikki Bella; Vanessa Lachey,1,0,
25,Derek Fisher,7,0.0,3,Sharna Burgess,Athlete,Arkansas,United States,43,Eliminated Week 4,11,True,0,4,10,0,Nikki Bella; Vanessa Lachey,1,0,
25,Drew Scott,7,28.5,3,Emma Slater,TV Personality,,Canada,39,Eliminated Week 10,4,True,1,10,10,0,Nikki Bella; Vanessa Lachey,1,0,28.5
25,Frankie Muniz,7,30.0,3,Witney Carson,Actor/Actress,New Jersey,United States,31,3rd Place,3,True,1,10,10,0,Nikki Bella; Vanessa Lachey,1,0,30.0
25,Jordan Fisher,7,27.0,3,Lindsay Arnold,Actor/Actress,Alabama,United States,23,1st Place,1,True,1,10,10,0,Nikki Bella; Vanessa Lachey,1,0,27.0
25,Lindsey Stirling,7,25.5,3,Mark Ballas,Musician,California,United States,31,2nd Place,2,True,1,10,10,0,Nikki Bella; Vanessa Lachey,1,0,25.5
25,Nick Lachey,7,0.0,3,Peta Murgatroyd,Singer/Rapper,Kentucky,United States,43,Eliminated Week 6,9,True,0,6,10,0,Nikki Bella; Vanessa Lachey,1,0,
25,Nikki Bella,7,24.0,3,Artem Chigvintsev,Athlete,California,United States,33,Eliminated Week 7,8,True,1,7,10,1,Nikki Bella; Vanessa Lachey,1,0,24.0
25,Sasha Pieterse,7,0.0,3,Gleb Savchenko,Actor/Actress,,South Africa,21,Eliminated Week 5,10,True,0,5,10,0,Nikki Bella; Vanessa Lachey,1,0,
25,Terrell Owens,7,24.5,3,Cheryl Burke,Athlete,Alabama,United States,43,Eliminated Week 8,6,True,1,8,10,0,Nikki Bella; Vanessa Lachey,1,0,24.5
25,Vanessa Lachey,7,27.0,3,Maksim Chmerkoskiy,TV Personality,,Philippines,36,Eliminated Week 7,7,True,1,7,10,1,Nikki Bella; Vanessa Lachey,1,0,27.0
25,Victoria Arlen,7,28.5,3,Valentin Chmerkovskiy,Athlete,New Hamshire,United States,22,Eliminated Week 9,5,True,1,9,10,0,Nikki Bella; Vanessa Lachey,1,0,28.5
25,Barbara Corcoran,8,0.0,3,Keo Motsepe,Entrepreneur,New Jersey,United States,68,Eliminated Week 2,13,True,0,2,10,0,Terrell Owens,1,0,
25,Debbie Gibson,8,0.0,3,Alan Bersten,Singer/Rapper,New York,United States,47,Eliminated Week 2,12,True,0,2,10,0,Terrell Owens,1,0,
25,Derek Fisher,8,0.0,3,Sharna Burgess,Athlete,Arkansas,United States,43,Eliminated Week 4,11,True,0,4,10,0,Terrell Owens,1,0,
25,Drew Scott,8,23.5,3,Emma Slater,TV Personality,,Canada,39,Eliminated Week 10,4,True,1,10,10,0,Terrell Owens,1,0,23.5
25,Frankie Muniz,8,26.5,3,Witney Carson,Actor/Actress,New Jersey,United States,31,3rd Place,3,True,1,10,10,0,Terrell Owens,1,0,26.5
25,Jordan Fisher,8,30.0,3,Lindsay Arnold,Actor/Actress,Alabama,United States,23,1st Place,1,True,1,10,10,0,Terrell Owens,1,0,30.0
25,Lindsey Stirling,8,27.0,3,Mark Ballas,Musician,California,United States,31,2nd Place,2,True,1,10,10,0,Terrell Owens,1,0,27.0
25,Nick Lachey,8,0.0,3,Peta Murgatroyd,Singer/Rapper,Kentucky,United States,43,Eliminated Week 6,9,True,0,6,10,0,Terrell Owens,1,0,
25,Nikki Bella,8,0.0,3,Artem Chigvintsev,Athlete,California,United States,33,Eliminated Week 7,8,True,0,7,10,0,Terrell Owens,1,0,
25,Sasha Pieterse,8,0.0,3,Gleb Savchenko,Actor/Actress,,South Africa,21,Eliminated Week 5,10,True,0,5,10,0,Terrell Owens,1,0,
25,Terrell Owens,8,25.5,3,Cheryl Burke,Athlete,Alabama,United States,43,Eliminated Week 8,6,True,1,8,10,1,Terrell Owens,1,0,25.5
25,Vanessa Lachey,8,0.0,3,Maksim Chmerkoskiy,TV Personality,,Philippines,36,Eliminated Week 7,7,True,0,7,10,0,Terrell Owens,1,0,
25,Victoria Arlen,8,24.0,3,Valentin Chmerkovskiy,Athlete,New Hamshire,United States,22,Eliminated Week 9,5,True,1,9,10,0,Terrell Owens,1,0,24.0
25,Barbara Corcoran,9,0.0,3,Keo Motsepe,Entrepreneur,New Jersey,United States,68,Eliminated Week 2,13,True,0,2,10,0,Victoria Arlen,1,0,
25,Debbie Gibson,9,0.0,3,Alan Bersten,Singer/Rapper,New York,United States,47,Eliminated Week 2,12,True,0,2,10,0,Victoria Arlen,1,0,
25,Derek Fisher,9,0.0,3,Sharna Burgess,Athlete,Arkansas,United States,43,Eliminated Week 4,11,True,0,4,10,0,Victoria Arlen,1,0,
25,Drew Scott,9,24.0,3,Emma Slater,TV Personality,,Canada,39,Eliminated Week 10,4,True,1,10,10,0,Victoria Arlen,1,0,24.0
25,Frankie Muniz,9,25.5,3,Witney Carson,Actor/Actress,New Jersey,United States,31,3rd Place,3,True,1,10,10,0,Victoria Arlen,1,0,25.5
25,Jordan Fisher,9,29.0,3,Lindsay Arnold,Actor/Actress,Alabama,United States,23,1st Place,1,True,1,10,10,0,Victoria Arlen,1,0,29.0
25,Lindsey Stirling,9,28.5,3,Mark Ballas,Musician,California,United States,31,2nd Place,2,True,1,10,10,0,Victoria Arlen,1,0,28.5
25,Nick Lachey,9,0.0,3,Peta Murgatroyd,Singer/Rapper,Kentucky,United States,43,Eliminated Week 6,9,True,0,6,10,0,Victoria Arlen,1,0,
25,Nikki Bella,9,0.0,3,Artem Chigvintsev,Athlete,California,United States,33,Eliminated Week 7,8,True,0,7,10,0,Victoria Arlen,1,0,
25,Sasha Pieterse,9,0.0,3,Gleb Savchenko,Actor/Actress,,South Africa,21,Eliminated Week 5,10,True,0,5,10,0,Victoria Arlen,1,0,
25,Terrell Owens,9,0.0,3,Cheryl Burke,Athlete,Alabama,United States,43,Eliminated Week 8,6,True,0,8,10,0,Victoria Arlen,1,0,
25,Vanessa Lachey,9,0.0,3,Maksim Chmerkoskiy,TV Personality,,Philippines,36,Eliminated Week 7,7,True,0,7,10,0,Victoria Arlen,1,0,
25,Victoria Arlen,9,28.0,3,Valentin Chmerkovskiy,Athlete,New Hamshire,United States,22,Eliminated Week 9,5,True,1,9,10,1,Victoria Arlen,1,0,28.0
25,Barbara Corcoran,10,0.0,4,Keo Motsepe,Entrepreneur,New Jersey,United States,68,Eliminated Week 2,13,True,0,2,10,0,,0,1,
25,Debbie Gibson,10,0.0,4,Alan Bersten,Singer/Rapper,New York,United States,47,Eliminated Week 2,12,True,0,2,10,0,,0,1,
25,Derek Fisher,10,0.0,4,Sharna Burgess,Athlete,Arkansas,United States,43,Eliminated Week 4,11,True,0,4,10,0,,0,1,
25,Drew Scott,10,37.5,4,Emma Slater,TV Personality,,Canada,39,Eliminated Week 10,4,True,1,10,10,0,,0,1,37.5
25,Frankie Muniz,10,38.8887,4,Witney Carson,Actor/Actress,New Jersey,United States,31,3rd Place,3,True,1,10,10,0,,0,1,38.8887
25,Jordan Fisher,10,40.0,4,Lindsay Arnold,Actor/Actress,Alabama,United States,23,1st Place,1,True,1,10,10,0,,0,1,40.0
25,Lindsey Stirling,10,40.0,4,Mark Ballas,Musician,California,United States,31,2nd Place,2,True,1,10,10,0,,0,1,40.0
25,Nick Lachey,10,0.0,4,Peta Murgatroyd,Singer/Rapper,Kentucky,United States,43,Eliminated Week 6,9,True,0,6,10,0,,0,1,
25,Nikki Bella,10,0.0,4,Artem Chigvintsev,Athlete,California,United States,33,Eliminated Week 7,8,True,0,7,10,0,,0,1,
25,Sasha Pieterse,10,0.0,4,Gleb Savchenko,Actor/Actress,,South Africa,21,Eliminated Week 5,10,True,0,5,10,0,,0,1,
25,Terrell Owens,10,0.0,4,Cheryl Burke,Athlete,Alabama,United States,43,Eliminated Week 8,6,True,0,8,10,0,,0,1,
25,Vanessa Lachey,10,0.0,4,Maksim Chmerkoskiy,TV Personality,,Philippines,36,Eliminated Week 7,7,True,0,7,10,0,,0,1,
25,Victoria Arlen,10,0.0,4,Valentin Chmerkovskiy,Athlete,New Hamshire,United States,22,Eliminated Week 9,5,True,0,9,10,0,,0,1,
25,Barbara Corcoran,11,,0,Keo Motsepe,Entrepreneur,New Jersey,United States,68,Eliminated Week 2,13,False,0,2,10,0,,0,0,
25,Debbie Gibson,11,,0,Alan Bersten,Singer/Rapper,New York,United States,47,Eliminated Week 2,12,False,0,2,10,0,,0,0,
25,Derek Fisher,11,,0,Sharna Burgess,Athlete,Arkansas,United States,43,Eliminated Week 4,11,False,0,4,10,0,,0,0,
25,Drew Scott,11,,0,Emma Slater,TV Personality,,Canada,39,Eliminated Week 10,4,False,0,10,10,0,,0,0,
25,Frankie Muniz,11,,0,Witney Carson,Actor/Actress,New Jersey,United States,31,3rd Place,3,False,0,10,10,0,,0,0,
25,Jordan Fisher,11,,0,Lindsay Arnold,Actor/Actress,Alabama,United States,23,1st Place,1,False,0,10,10,0,,0,0,
25,Lindsey Stirling,11,,0,Mark Ballas,Musician,California,United States,31,2nd Place,2,False,0,10,10,0,,0,0,
25,Nick Lachey,11,,0,Peta Murgatroyd,Singer/Rapper,Kentucky,United States,43,Eliminated Week 6,9,False,0,6,10,0,,0,0,
25,Nikki Bella,11,,0,Artem Chigvintsev,Athlete,California,United States,33,Eliminated Week 7,8,False,0,7,10,0,,0,0,
25,Sasha Pieterse,11,,0,Gleb Savchenko,Actor/Actress,,South Africa,21,Eliminated Week 5,10,False,0,5,10,0,,0,0,
25,Terrell Owens,11,,0,Cheryl Burke,Athlete,Alabama,United States,43,Eliminated Week 8,6,False,0,8,10,0,,0,0,
25,Vanessa Lachey,11,,0,Maksim Chmerkoskiy,TV Personality,,Philippines,36,Eliminated Week 7,7,False,0,7,10,0,,0,0,
25,Victoria Arlen,11,,0,Valentin Chmerkovskiy,Athlete,New Hamshire,United States,22,Eliminated Week 9,5,False,0,9,10,0,,0,0,
26,Adam Rippon,1,24.0,3,Jenna Johnson,Athlete,Pennsylvania,United States,28,1st Place,1,True,1,4,4,0,Jamie Anderson; Johnny Damon,1,0,24.0
26,Arike Ogunbowale,1,20.0,3,Gleb Savchenko,Athlete,Wisconsin,United States,21,Eliminated Week 2,7,True,1,2,4,0,Jamie Anderson; Johnny Damon,1,0,20.0
26,Chris Mazdzer,1,21.0,3,Witney Carson,Athlete,Massachusetts,United States,29,Eliminated Week 3,5,True,1,3,4,0,Jamie Anderson; Johnny Damon,1,0,21.0
26,Jamie Anderson,1,19.0,3,Artem Chigvintsev,Athlete,California,United States,27,Eliminated Week 1,10,True,1,1,4,1,Jamie Anderson; Johnny Damon,1,0,19.0
26,Jennie Finch Daigle,1,21.0,3,Keo Motsepe,Athlete,California,United States,37,Eliminated Week 3,6,True,1,3,4,0,Jamie Anderson; Johnny Damon,1,0,21.0
26,Johnny Damon,1,18.0,3,Emma Slater,Athlete,Kansas,United States,44,Eliminated Week 1,9,True,1,1,4,1,Jamie Anderson; Johnny Damon,1,0,18.0
26,Josh Norman,1,24.0,3,Sharna Burgess,Athlete,South Carolina,United States,30,2nd Place,2,True,1,4,4,0,Jamie Anderson; Johnny Damon,1,0,24.0
26,Kareem Abdul-Jabbar,1,17.0,3,Lindsay Arnold,Athlete,New York,United States,71,Eliminated Week 2,8,True,1,2,4,0,Jamie Anderson; Johnny Damon,1,0,17.0
26,Mirai Nagasu,1,23.0,3,Alan Bersten,Athlete,California,United States,25,Eliminated Week 3,4,True,1,3,4,0,Jamie Anderson; Johnny Damon,1,0,23.0
26,Tonya Harding,1,23.0,3,Sasha Farber,Athlete,Oregon,United States,47,3rd Place,3,True,1,4,4,0,Jamie Anderson; Johnny Damon,1,0,23.0
26,Adam Rippon,2,37.0,4,Jenna Johnson,Athlete,Pennsylvania,United States,28,1st Place,1,True,1,4,4,0,Arike Ogunbowale; Kareem Abdul-Jabbar,1,0,37.0
26,Arike Ogunbowale,2,35.0,4,Gleb Savchenko,Athlete,Wisconsin,United States,21,Eliminated Week 2,7,True,1,2,4,1,Arike Ogunbowale; Kareem Abdul-Jabbar,1,0,35.0
26,Chris Mazdzer,2,33.0,4,Witney Carson,Athlete,Massachusetts,United States,29,Eliminated Week 3,5,True,1,3,4,0,Arike Ogunbowale; Kareem Abdul-Jabbar,1,0,33.0
26,Jamie Anderson,2,0.0,4,Artem Chigvintsev,Athlete,California,United States,27,Eliminated Week 1,10,True,0,1,4,0,Arike Ogunbowale; Kareem Abdul-Jabbar,1,0,
26,Jennie Finch Daigle,2,31.5,4,Keo Motsepe,Athlete,California,United States,37,Eliminated Week 3,6,True,1,3,4,0,Arike Ogunbowale; Kareem Abdul-Jabbar,1,0,31.5
26,Johnny Damon,2,0.0,4,Emma Slater,Athlete,Kansas,United States,44,Eliminated Week 1,9,True,0,1,4,0,Arike Ogunbowale; Kareem Abdul-Jabbar,1,0,
26,Josh Norman,2,31.5,4,Sharna Burgess,Athlete,South Carolina,United States,30,2nd Place,2,True,1,4,4,0,Arike Ogunbowale; Kareem Abdul-Jabbar,1,0,31.5
26,Kareem Abdul-Jabbar,2,29.5,4,Lindsay Arnold,Athlete,New York,United States,71,Eliminated Week 2,8,True,1,2,4,1,Arike Ogunbowale; Kareem Abdul-Jabbar,1,0,29.5
26,Mirai Nagasu,2,37.0,4,Alan Bersten,Athlete,California,United States,25,Eliminated Week 3,4,True,1,3,4,0,Arike Ogunbowale; Kareem Abdul-Jabbar,1,0,37.0
26,Tonya Harding,2,33.0,4,Sasha Farber,Athlete,Oregon,United States,47,3rd Place,3,True,1,4,4,0,Arike Ogunbowale; Kareem Abdul-Jabbar,1,0,33.0
26,Adam Rippon,3,41.0,4,Jenna Johnson,Athlete,Pennsylvania,United States,28,1st Place,1,True,1,4,4,0,Chris Mazdzer; Jennie Finch Daigle; Mirai Nagasu,1,0,41.0
26,Arike Ogunbowale,3,0.0,4,Gleb Savchenko,Athlete,Wisconsin,United States,21,Eliminated Week 2,7,True,0,2,4,0,Chris Mazdzer; Jennie Finch Daigle; Mirai Nagasu,1,0,
26,Chris Mazdzer,3,33.0,4,Witney Carson,Athlete,Massachusetts,United States,29,Eliminated Week 3,5,True,1,3,4,1,Chris Mazdzer; Jennie Finch Daigle; Mirai Nagasu,1,0,33.0
26,Jamie Anderson,3,0.0,4,Artem Chigvintsev,Athlete,California,United States,27,Eliminated Week 1,10,True,0,1,4,0,Chris Mazdzer; Jennie Finch Daigle; Mirai Nagasu,1,0,
26,Jennie Finch Daigle,3,29.0,4,Keo Motsepe,Athlete,California,United States,37,Eliminated Week 3,6,True,1,3,4,1,Chris Mazdzer; Jennie Finch Daigle; Mirai Nagasu,1,0,29.0
26,Johnny Damon,3,0.0,4,Emma Slater,Athlete,Kansas,United States,44,Eliminated Week 1,9,True,0,1,4,0,Chris Mazdzer; Jennie Finch Daigle; Mirai Nagasu,1,0,
26,Josh Norman,3,38.0,4,Sharna Burgess,Athlete,South Carolina,United States,30,2nd Place,2,True,1,4,4,0,Chris Mazdzer; Jennie Finch Daigle; Mirai Nagasu,1,0,38.0
26,Kareem Abdul-Jabbar,3,0.0,4,Lindsay Arnold,Athlete,New York,United States,71,Eliminated Week 2,8,True,0,2,4,0,Chris Mazdzer; Jennie Finch Daigle; Mirai Nagasu,1,0,
26,Mirai Nagasu,3,35.0,4,Alan Bersten,Athlete,California,United States,25,Eliminated Week 3,4,True,1,3,4,1,Chris Mazdzer; Jennie Finch Daigle; Mirai Nagasu,1,0,35.0
26,Tonya Harding,3,35.0,4,Sasha Farber,Athlete,Oregon,United States,47,3rd Place,3,True,1,4,4,0,Chris Mazdzer; Jennie Finch Daigle; Mirai Nagasu,1,0,35.0
26,Adam Rippon,4,29.0,3,Jenna Johnson,Athlete,Pennsylvania,United States,28,1st Place,1,True,1,4,4,0,,0,1,29.0
26,Arike Ogunbowale,4,0.0,3,Gleb Savchenko,Athlete,Wisconsin,United States,21,Eliminated Week 2,7,True,0,2,4,0,,0,1,
26,Chris Mazdzer,4,0.0,3,Witney Carson,Athlete,Massachusetts,United States,29,Eliminated Week 3,5,True,0,3,4,0,,0,1,
26,Jamie Anderson,4,0.0,3,Artem Chigvintsev,Athlete,California,United States,27,Eliminated Week 1,10,True,0,1,4,0,,0,1,
26,Jennie Finch Daigle,4,0.0,3,Keo Motsepe,Athlete,California,United States,37,Eliminated Week 3,6,True,0,3,4,0,,0,1,
26,Johnny Damon,4,0.0,3,Emma Slater,Athlete,Kansas,United States,44,Eliminated Week 1,9,True,0,1,4,0,,0,1,
26,Josh Norman,4,28.5,3,Sharna Burgess,Athlete,South Carolina,United States,30,2nd Place,2,True,1,4,4,0,,0,1,28.5
26,Kareem Abdul-Jabbar,4,0.0,3,Lindsay Arnold,Athlete,New York,United States,71,Eliminated Week 2,8,True,0,2,4,0,,0,1,
26,Mirai Nagasu,4,0.0,3,Alan Bersten,Athlete,California,United States,25,Eliminated Week 3,4,True,0,3,4,0,,0,1,
26,Tonya Harding,4,28.0,3,Sasha Farber,Athlete,Oregon,United States,47,3rd Place,3,True,1,4,4,0,,0,1,28.0
26,Adam Rippon,5,,0,Jenna Johnson,Athlete,Pennsylvania,United States,28,1st Place,1,False,0,4,4,0,,0,0,
26,Arike Ogunbowale,5,,0,Gleb Savchenko,Athlete,Wisconsin,United States,21,Eliminated Week 2,7,False,0,2,4,0,,0,0,
26,Chris Mazdzer,5,,0,Witney Carson,Athlete,Massachusetts,United States,29,Eliminated Week 3,5,False,0,3,4,0,,0,0,
26,Jamie Anderson,5,,0,Artem Chigvintsev,Athlete,California,United States,27,Eliminated Week 1,10,False,0,1,4,0,,0,0,
26,Jennie Finch Daigle,5,,0,Keo Motsepe,Athlete,California,United States,37,Eliminated Week 3,6,False,0,3,4,0,,0,0,
26,Johnny Damon,5,,0,Emma Slater,Athlete,Kansas,United States,44,Eliminated Week 1,9,False,0,1,4,0,,0,0,
26,Josh Norman,5,,0,Sharna Burgess,Athlete,South Carolina,United States,30,2nd Place,2,False,0,4,4,0,,0,0,
26,Kareem Abdul-Jabbar,5,,0,Lindsay Arnold,Athlete,New York,United States,71,Eliminated Week 2,8,False,0,2,4,0,,0,0,
26,Mirai Nagasu,5,,0,Alan Bersten,Athlete,California,United States,25,Eliminated Week 3,4,False,0,3,4,0,,0,0,
26,Tonya Harding,5,,0,Sasha Farber,Athlete,Oregon,United States,47,3rd Place,3,False,0,4,4,0,,0,0,
26,Adam Rippon,6,,0,Jenna Johnson,Athlete,Pennsylvania,United States,28,1st Place,1,False,0,4,4,0,,0,0,
26,Arike Ogunbowale,6,,0,Gleb Savchenko,Athlete,Wisconsin,United States,21,Eliminated Week 2,7,False,0,2,4,0,,0,0,
26,Chris Mazdzer,6,,0,Witney Carson,Athlete,Massachusetts,United States,29,Eliminated Week 3,5,False,0,3,4,0,,0,0,
26,Jamie Anderson,6,,0,Artem Chigvintsev,Athlete,California,United States,27,Eliminated Week 1,10,False,0,1,4,0,,0,0,
26,Jennie Finch Daigle,6,,0,Keo Motsepe,Athlete,California,United States,37,Eliminated Week 3,6,False,0,3,4,0,,0,0,
26,Johnny Damon,6,,0,Emma Slater,Athlete,Kansas,United States,44,Eliminated Week 1,9,False,0,1,4,0,,0,0,
26,Josh Norman,6,,0,Sharna Burgess,Athlete,South Carolina,United States,30,2nd Place,2,False,0,4,4,0,,0,0,
26,Kareem Abdul-Jabbar,6,,0,Lindsay Arnold,Athlete,New York,United States,71,Eliminated Week 2,8,False,0,2,4,0,,0,0,
26,Mirai Nagasu,6,,0,Alan Bersten,Athlete,California,United States,25,Eliminated Week 3,4,False,0,3,4,0,,0,0,
26,Tonya Harding,6,,0,Sasha Farber,Athlete,Oregon,United States,47,3rd Place,3,False,0,4,4,0,,0,0,
26,Adam Rippon,7,,0,Jenna Johnson,Athlete,Pennsylvania,United States,28,1st Place,1,False,0,4,4,0,,0,0,
26,Arike Ogunbowale,7,,0,Gleb Savchenko,Athlete,Wisconsin,United States,21,Eliminated Week 2,7,False,0,2,4,0,,0,0,
26,Chris Mazdzer,7,,0,Witney Carson,Athlete,Massachusetts,United States,29,Eliminated Week 3,5,False,0,3,4,0,,0,0,
26,Jamie Anderson,7,,0,Artem Chigvintsev,Athlete,California,United States,27,Eliminated Week 1,10,False,0,1,4,0,,0,0,
26,Jennie Finch Daigle,7,,0,Keo Motsepe,Athlete,California,United States,37,Eliminated Week 3,6,False,0,3,4,0,,0,0,
26,Johnny Damon,7,,0,Emma Slater,Athlete,Kansas,United States,44,Eliminated Week 1,9,False,0,1,4,0,,0,0,
26,Josh Norman,7,,0,Sharna Burgess,Athlete,South Carolina,United States,30,2nd Place,2,False,0,4,4,0,,0,0,
26,Kareem Abdul-Jabbar,7,,0,Lindsay Arnold,Athlete,New York,United States,71,Eliminated Week 2,8,False,0,2,4,0,,0,0,
26,Mirai Nagasu,7,,0,Alan Bersten,Athlete,California,United States,25,Eliminated Week 3,4,False,0,3,4,0,,0,0,
26,Tonya Harding,7,,0,Sasha Farber,Athlete,Oregon,United States,47,3rd Place,3,False,0,4,4,0,,0,0,
26,Adam Rippon,8,,0,Jenna Johnson,Athlete,Pennsylvania,United States,28,1st Place,1,False,0,4,4,0,,0,0,
26,Arike Ogunbowale,8,,0,Gleb Savchenko,Athlete,Wisconsin,United States,21,Eliminated Week 2,7,False,0,2,4,0,,0,0,
26,Chris Mazdzer,8,,0,Witney Carson,Athlete,Massachusetts,United States,29,Eliminated Week 3,5,False,0,3,4,0,,0,0,
26,Jamie Anderson,8,,0,Artem Chigvintsev,Athlete,California,United States,27,Eliminated Week 1,10,False,0,1,4,0,,0,0,
26,Jennie Finch Daigle,8,,0,Keo Motsepe,Athlete,California,United States,37,Eliminated Week 3,6,False,0,3,4,0,,0,0,
26,Johnny Damon,8,,0,Emma Slater,Athlete,Kansas,United States,44,Eliminated Week 1,9,False,0,1,4,0,,0,0,
26,Josh Norman,8,,0,Sharna Burgess,Athlete,South Carolina,United States,30,2nd Place,2,False,0,4,4,0,,0,0,
26,Kareem Abdul-Jabbar,8,,0,Lindsay Arnold,Athlete,New York,United States,71,Eliminated Week 2,8,False,0,2,4,0,,0,0,
26,Mirai Nagasu,8,,0,Alan Bersten,Athlete,California,United States,25,Eliminated Week 3,4,False,0,3,4,0,,0,0,
26,Tonya Harding,8,,0,Sasha Farber,Athlete,Oregon,United States,47,3rd Place,3,False,0,4,4,0,,0,0,
26,Adam Rippon,9,,0,Jenna Johnson,Athlete,Pennsylvania,United States,28,1st Place,1,False,0,4,4,0,,0,0,
26,Arike Ogunbowale,9,,0,Gleb Savchenko,Athlete,Wisconsin,United States,21,Eliminated Week 2,7,False,0,2,4,0,,0,0,
26,Chris Mazdzer,9,,0,Witney Carson,Athlete,Massachusetts,United States,29,Eliminated Week 3,5,False,0,3,4,0,,0,0,
26,Jamie Anderson,9,,0,Artem Chigvintsev,Athlete,California,United States,27,Eliminated Week 1,10,False,0,1,4,0,,0,0,
26,Jennie Finch Daigle,9,,0,Keo Motsepe,Athlete,California,United States,37,Eliminated Week 3,6,False,0,3,4,0,,0,0,
26,Johnny Damon,9,,0,Emma Slater,Athlete,Kansas,United States,44,Eliminated Week 1,9,False,0,1,4,0,,0,0,
26,Josh Norman,9,,0,Sharna Burgess,Athlete,South Carolina,United States,30,2nd Place,2,False,0,4,4,0,,0,0,
26,Kareem Abdul-Jabbar,9,,0,Lindsay Arnold,Athlete,New York,United States,71,Eliminated Week 2,8,False,0,2,4,0,,0,0,
26,Mirai Nagasu,9,,0,Alan Bersten,Athlete,California,United States,25,Eliminated Week 3,4,False,0,3,4,0,,0,0,
26,Tonya Harding,9,,0,Sasha Farber,Athlete,Oregon,United States,47,3rd Place,3,False,0,4,4,0,,0,0,
26,Adam Rippon,10,,0,Jenna Johnson,Athlete,Pennsylvania,United States,28,1st Place,1,False,0,4,4,0,,0,0,
26,Arike Ogunbowale,10,,0,Gleb Savchenko,Athlete,Wisconsin,United States,21,Eliminated Week 2,7,False,0,2,4,0,,0,0,
26,Chris Mazdzer,10,,0,Witney Carson,Athlete,Massachusetts,United States,29,Eliminated Week 3,5,False,0,3,4,0,,0,0,
26,Jamie Anderson,10,,0,Artem Chigvintsev,Athlete,California,United States,27,Eliminated Week 1,10,False,0,1,4,0,,0,0,
26,Jennie Finch Daigle,10,,0,Keo Motsepe,Athlete,California,United States,37,Eliminated Week 3,6,False,0,3,4,0,,0,0,
26,Johnny Damon,10,,0,Emma Slater,Athlete,Kansas,United States,44,Eliminated Week 1,9,False,0,1,4,0,,0,0,
26,Josh Norman,10,,0,Sharna Burgess,Athlete,South Carolina,United States,30,2nd Place,2,False,0,4,4,0,,0,0,
26,Kareem Abdul-Jabbar,10,,0,Lindsay Arnold,Athlete,New York,United States,71,Eliminated Week 2,8,False,0,2,4,0,,0,0,
26,Mirai Nagasu,10,,0,Alan Bersten,Athlete,California,United States,25,Eliminated Week 3,4,False,0,3,4,0,,0,0,
26,Tonya Harding,10,,0,Sasha Farber,Athlete,Oregon,United States,47,3rd Place,3,False,0,4,4,0,,0,0,
26,Adam Rippon,11,,0,Jenna Johnson,Athlete,Pennsylvania,United States,28,1st Place,1,False,0,4,4,0,,0,0,
26,Arike Ogunbowale,11,,0,Gleb Savchenko,Athlete,Wisconsin,United States,21,Eliminated Week 2,7,False,0,2,4,0,,0,0,
26,Chris Mazdzer,11,,0,Witney Carson,Athlete,Massachusetts,United States,29,Eliminated Week 3,5,False,0,3,4,0,,0,0,
26,Jamie Anderson,11,,0,Artem Chigvintsev,Athlete,California,United States,27,Eliminated Week 1,10,False,0,1,4,0,,0,0,
26,Jennie Finch Daigle,11,,0,Keo Motsepe,Athlete,California,United States,37,Eliminated Week 3,6,False,0,3,4,0,,0,0,
26,Johnny Damon,11,,0,Emma Slater,Athlete,Kansas,United States,44,Eliminated Week 1,9,False,0,1,4,0,,0,0,
26,Josh Norman,11,,0,Sharna Burgess,Athlete,South Carolina,United States,30,2nd Place,2,False,0,4,4,0,,0,0,
26,Kareem Abdul-Jabbar,11,,0,Lindsay Arnold,Athlete,New York,United States,71,Eliminated Week 2,8,False,0,2,4,0,,0,0,
26,Mirai Nagasu,11,,0,Alan Bersten,Athlete,California,United States,25,Eliminated Week 3,4,False,0,3,4,0,,0,0,
26,Tonya Harding,11,,0,Sasha Farber,Athlete,Oregon,United States,47,3rd Place,3,False,0,4,4,0,,0,0,
27,Alexis Ren,1,22.0,3,Alan Bersten,Social Media Personality,California,United States,21,4th Place,4,True,1,9,9,0,Nikki Glaser,1,0,22.0
27,Bobby Bones,1,20.0,3,Sharna Burgess,Radio Personality,Arkansas,United States,38,1st Place,1,True,1,9,9,0,Nikki Glaser,1,0,20.0
27,Danelle Umstead,1,18.0,3,Artem Chigvintsev,Athlete,New Mexico,United States,46,Eliminated Week 2,12,True,1,2,9,0,Nikki Glaser,1,0,18.0
27,DeMarcus Ware,1,23.0,3,Lindsay Arnold,Athlete,Alabama,United States,36,Eliminated Week 7,7,True,1,7,9,0,Nikki Glaser,1,0,23.0
27,Evanna Lynch,1,18.0,3,Keo Motsepe,Actor/Actress,,Ireland,27,3rd Place,3,True,1,9,9,0,Nikki Glaser,1,0,18.0
27,Joe Amabile,1,14.0,3,Jenna Johnson,TV Personality,Illinois,United States,32,Eliminated Week 8,6,True,1,8,9,0,Nikki Glaser,1,0,14.0
27,John Schneider,1,18.0,3,Emma Slater,Actor/Actress,New York,United States,58,Eliminated Week 7,8,True,1,7,9,0,Nikki Glaser,1,0,18.0
27,Juan Pablo Di Pace,1,22.0,3,Cheryl Burke,Actor/Actress,,Argentina,39,Eliminated Week 8,5,True,1,8,9,0,Nikki Glaser,1,0,22.0
27,Mary Lou Retton,1,20.0,3,Sasha Farber,Athlete,West Virginia,United States,50,Eliminated Week 6,9,True,1,6,9,0,Nikki Glaser,1,0,20.0
27,Milo Manheim,1,20.0,3,Witney Carson,Actor/Actress,California,United States,17,2nd Place,2,True,1,9,9,0,Nikki Glaser,1,0,20.0
27,Nancy McKeon,1,19.5,3,Valentin Chmerkovskiy,Actor/Actress,New York,United States,52,Eliminated Week 3,11,True,1,3,9,0,Nikki Glaser,1,0,19.5
27,Nikki Glaser,1,17.5,3,Gleb Savchenko,Comedian,Ohio,United States,34,Eliminated Week 1,13,True,1,1,9,1,Nikki Glaser,1,0,17.5
27,Tinashe,1,23.0,3,Brandon Armstrong,Singer/Rapper,Kentucky,United States,25,Eliminated Week 4,10,True,1,4,9,0,Nikki Glaser,1,0,23.0
27,Alexis Ren,2,24.5,3,Alan Bersten,Social Media Personality,California,United States,21,4th Place,4,True,1,9,9,0,Danelle Umstead,1,0,24.5
27,Bobby Bones,2,19.5,3,Sharna Burgess,Radio Personality,Arkansas,United States,38,1st Place,1,True,1,9,9,0,Danelle Umstead,1,0,19.5
27,Danelle Umstead,2,18.5,3,Artem Chigvintsev,Athlete,New Mexico,United States,46,Eliminated Week 2,12,True,1,2,9,1,Danelle Umstead,1,0,18.5
27,DeMarcus Ware,2,23.5,3,Lindsay Arnold,Athlete,Alabama,United States,36,Eliminated Week 7,7,True,1,7,9,0,Danelle Umstead,1,0,23.5
27,Evanna Lynch,2,24.0,3,Keo Motsepe,Actor/Actress,,Ireland,27,3rd Place,3,True,1,9,9,0,Danelle Umstead,1,0,24.0
27,Joe Amabile,2,17.5,3,Jenna Johnson,TV Personality,Illinois,United States,32,Eliminated Week 8,6,True,1,8,9,0,Danelle Umstead,1,0,17.5
27,John Schneider,2,21.5,3,Emma Slater,Actor/Actress,New York,United States,58,Eliminated Week 7,8,True,1,7,9,0,Danelle Umstead,1,0,21.5
27,Juan Pablo Di Pace,2,26.0,3,Cheryl Burke,Actor/Actress,,Argentina,39,Eliminated Week 8,5,True,1,8,9,0,Danelle Umstead,1,0,26.0
27,Mary Lou Retton,2,23.0,3,Sasha Farber,Athlete,West Virginia,United States,50,Eliminated Week 6,9,True,1,6,9,0,Danelle Umstead,1,0,23.0
27,Milo Manheim,2,26.0,3,Witney Carson,Actor/Actress,California,United States,17,2nd Place,2,True,1,9,9,0,Danelle Umstead,1,0,26.0
27,Nancy McKeon,2,20.5,3,Valentin Chmerkovskiy,Actor/Actress,New York,United States,52,Eliminated Week 3,11,True,1,3,9,0,Danelle Umstead,1,0,20.5
27,Nikki Glaser,2,0.0,3,Gleb Savchenko,Comedian,Ohio,United States,34,Eliminated Week 1,13,True,0,1,9,0,Danelle Umstead,1,0,
27,Tinashe,2,26.0,3,Brandon Armstrong,Singer/Rapper,Kentucky,United States,25,Eliminated Week 4,10,True,1,4,9,0,Danelle Umstead,1,0,26.0
27,Alexis Ren,3,26.0,3,Alan Bersten,Social Media Personality,California,United States,21,4th Place,4,True,1,9,9,0,Nancy McKeon,1,0,26.0
27,Bobby Bones,3,23.0,3,Sharna Burgess,Radio Personality,Arkansas,United States,38,1st Place,1,True,1,9,9,0,Nancy McKeon,1,0,23.0
27,Danelle Umstead,3,0.0,3,Artem Chigvintsev,Athlete,New Mexico,United States,46,Eliminated Week 2,12,True,0,2,9,0,Nancy McKeon,1,0,
27,DeMarcus Ware,3,26.0,3,Lindsay Arnold,Athlete,Alabama,United States,36,Eliminated Week 7,7,True,1,7,9,0,Nancy McKeon,1,0,26.0
27,Evanna Lynch,3,27.0,3,Keo Motsepe,Actor/Actress,,Ireland,27,3rd Place,3,True,1,9,9,0,Nancy McKeon,1,0,27.0
27,Joe Amabile,3,18.0,3,Jenna Johnson,TV Personality,Illinois,United States,32,Eliminated Week 8,6,True,1,8,9,0,Nancy McKeon,1,0,18.0
27,John Schneider,3,21.0,3,Emma Slater,Actor/Actress,New York,United States,58,Eliminated Week 7,8,True,1,7,9,0,Nancy McKeon,1,0,21.0
27,Juan Pablo Di Pace,3,30.0,3,Cheryl Burke,Actor/Actress,,Argentina,39,Eliminated Week 8,5,True,1,8,9,0,Nancy McKeon,1,0,30.0
27,Mary Lou Retton,3,24.0,3,Sasha Farber,Athlete,West Virginia,United States,50,Eliminated Week 6,9,True,1,6,9,0,Nancy McKeon,1,0,24.0
27,Milo Manheim,3,27.0,3,Witney Carson,Actor/Actress,California,United States,17,2nd Place,2,True,1,9,9,0,Nancy McKeon,1,0,27.0
27,Nancy McKeon,3,22.0,3,Valentin Chmerkovskiy,Actor/Actress,New York,United States,52,Eliminated Week 3,11,True,1,3,9,1,Nancy McKeon,1,0,22.0
27,Nikki Glaser,3,0.0,3,Gleb Savchenko,Comedian,Ohio,United States,34,Eliminated Week 1,13,True,0,1,9,0,Nancy McKeon,1,0,
27,Tinashe,3,27.0,3,Brandon Armstrong,Singer/Rapper,Kentucky,United States,25,Eliminated Week 4,10,True,1,4,9,0,Nancy McKeon,1,0,27.0
27,Alexis Ren,4,25.0,3,Alan Bersten,Social Media Personality,California,United States,21,4th Place,4,True,1,9,9,0,Tinashe,1,0,25.0
27,Bobby Bones,4,20.0,3,Sharna Burgess,Radio Personality,Arkansas,United States,38,1st Place,1,True,1,9,9,0,Tinashe,1,0,20.0
27,Danelle Umstead,4,0.0,3,Artem Chigvintsev,Athlete,New Mexico,United States,46,Eliminated Week 2,12,True,0,2,9,0,Tinashe,1,0,
27,DeMarcus Ware,4,22.0,3,Lindsay Arnold,Athlete,Alabama,United States,36,Eliminated Week 7,7,True,1,7,9,0,Tinashe,1,0,22.0
27,Evanna Lynch,4,24.0,3,Keo Motsepe,Actor/Actress,,Ireland,27,3rd Place,3,True,1,9,9,0,Tinashe,1,0,24.0
27,Joe Amabile,4,15.0,3,Jenna Johnson,TV Personality,Illinois,United States,32,Eliminated Week 8,6,True,1,8,9,0,Tinashe,1,0,15.0
27,John Schneider,4,21.0,3,Emma Slater,Actor/Actress,New York,United States,58,Eliminated Week 7,8,True,1,7,9,0,Tinashe,1,0,21.0
27,Juan Pablo Di Pace,4,24.0,3,Cheryl Burke,Actor/Actress,,Argentina,39,Eliminated Week 8,5,True,1,8,9,0,Tinashe,1,0,24.0
27,Mary Lou Retton,4,26.0,3,Sasha Farber,Athlete,West Virginia,United States,50,Eliminated Week 6,9,True,1,6,9,0,Tinashe,1,0,26.0
27,Milo Manheim,4,29.0,3,Witney Carson,Actor/Actress,California,United States,17,2nd Place,2,True,1,9,9,0,Tinashe,1,0,29.0
27,Nancy McKeon,4,0.0,3,Valentin Chmerkovskiy,Actor/Actress,New York,United States,52,Eliminated Week 3,11,True,0,3,9,0,Tinashe,1,0,
27,Nikki Glaser,4,0.0,3,Gleb Savchenko,Comedian,Ohio,United States,34,Eliminated Week 1,13,True,0,1,9,0,Tinashe,1,0,
27,Tinashe,4,26.0,3,Brandon Armstrong,Singer/Rapper,Kentucky,United States,25,Eliminated Week 4,10,True,1,4,9,1,Tinashe,1,0,26.0
27,Alexis Ren,5,29.0,3,Alan Bersten,Social Media Personality,California,United States,21,4th Place,4,True,1,9,9,0,,0,1,29.0
27,Bobby Bones,5,21.0,3,Sharna Burgess,Radio Personality,Arkansas,United States,38,1st Place,1,True,1,9,9,0,,0,1,21.0
27,Danelle Umstead,5,0.0,3,Artem Chigvintsev,Athlete,New Mexico,United States,46,Eliminated Week 2,12,True,0,2,9,0,,0,1,
27,DeMarcus Ware,5,26.0,3,Lindsay Arnold,Athlete,Alabama,United States,36,Eliminated Week 7,7,True,1,7,9,0,,0,1,26.0
27,Evanna Lynch,5,24.0,3,Keo Motsepe,Actor/Actress,,Ireland,27,3rd Place,3,True,1,9,9,0,,0,1,24.0
27,Joe Amabile,5,17.0,3,Jenna Johnson,TV Personality,Illinois,United States,32,Eliminated Week 8,6,True,1,8,9,0,,0,1,17.0
27,John Schneider,5,24.0,3,Emma Slater,Actor/Actress,New York,United States,58,Eliminated Week 7,8,True,1,7,9,0,,0,1,24.0
27,Juan Pablo Di Pace,5,29.0,3,Cheryl Burke,Actor/Actress,,Argentina,39,Eliminated Week 8,5,True,1,8,9,0,,0,1,29.0
27,Mary Lou Retton,5,25.0,3,Sasha Farber,Athlete,West Virginia,United States,50,Eliminated Week 6,9,True,1,6,9,0,,0,1,25.0
27,Milo Manheim,5,27.0,3,Witney Carson,Actor/Actress,California,United States,17,2nd Place,2,True,1,9,9,0,,0,1,27.0
27,Nancy McKeon,5,0.0,3,Valentin Chmerkovskiy,Actor/Actress,New York,United States,52,Eliminated Week 3,11,True,0,3,9,0,,0,1,
27,Nikki Glaser,5,0.0,3,Gleb Savchenko,Comedian,Ohio,United States,34,Eliminated Week 1,13,True,0,1,9,0,,0,1,
27,Tinashe,5,0.0,3,Brandon Armstrong,Singer/Rapper,Kentucky,United States,25,Eliminated Week 4,10,True,0,4,9,0,,0,1,
27,Alexis Ren,6,27.0,3,Alan Bersten,Social Media Personality,California,United States,21,4th Place,4,True,1,9,9,0,Mary Lou Retton,1,0,27.0
27,Bobby Bones,6,22.0,3,Sharna Burgess,Radio Personality,Arkansas,United States,38,1st Place,1,True,1,9,9,0,Mary Lou Retton,1,0,22.0
27,Danelle Umstead,6,0.0,3,Artem Chigvintsev,Athlete,New Mexico,United States,46,Eliminated Week 2,12,True,0,2,9,0,Mary Lou Retton,1,0,
27,DeMarcus Ware,6,26.0,3,Lindsay Arnold,Athlete,Alabama,United States,36,Eliminated Week 7,7,True,1,7,9,0,Mary Lou Retton,1,0,26.0
27,Evanna Lynch,6,29.0,3,Keo Motsepe,Actor/Actress,,Ireland,27,3rd Place,3,True,1,9,9,0,Mary Lou Retton,1,0,29.0
27,Joe Amabile,6,22.0,3,Jenna Johnson,TV Personality,Illinois,United States,32,Eliminated Week 8,6,True,1,8,9,0,Mary Lou Retton,1,0,22.0
27,John Schneider,6,19.0,3,Emma Slater,Actor/Actress,New York,United States,58,Eliminated Week 7,8,True,1,7,9,0,Mary Lou Retton,1,0,19.0
27,Juan Pablo Di Pace,6,30.0,3,Cheryl Burke,Actor/Actress,,Argentina,39,Eliminated Week 8,5,True,1,8,9,0,Mary Lou Retton,1,0,30.0
27,Mary Lou Retton,6,24.0,3,Sasha Farber,Athlete,West Virginia,United States,50,Eliminated Week 6,9,True,1,6,9,1,Mary Lou Retton,1,0,24.0
27,Milo Manheim,6,30.0,3,Witney Carson,Actor/Actress,California,United States,17,2nd Place,2,True,1,9,9,0,Mary Lou Retton,1,0,30.0
27,Nancy McKeon,6,0.0,3,Valentin Chmerkovskiy,Actor/Actress,New York,United States,52,Eliminated Week 3,11,True,0,3,9,0,Mary Lou Retton,1,0,
27,Nikki Glaser,6,0.0,3,Gleb Savchenko,Comedian,Ohio,United States,34,Eliminated Week 1,13,True,0,1,9,0,Mary Lou Retton,1,0,
27,Tinashe,6,0.0,3,Brandon Armstrong,Singer/Rapper,Kentucky,United States,25,Eliminated Week 4,10,True,0,4,9,0,Mary Lou Retton,1,0,
27,Alexis Ren,7,27.5,3,Alan Bersten,Social Media Personality,California,United States,21,4th Place,4,True,1,9,9,0,DeMarcus Ware; John Schneider,1,0,27.5
27,Bobby Bones,7,26.5,3,Sharna Burgess,Radio Personality,Arkansas,United States,38,1st Place,1,True,1,9,9,0,DeMarcus Ware; John Schneider,1,0,26.5
27,Danelle Umstead,7,0.0,3,Artem Chigvintsev,Athlete,New Mexico,United States,46,Eliminated Week 2,12,True,0,2,9,0,DeMarcus Ware; John Schneider,1,0,
27,DeMarcus Ware,7,26.5,3,Lindsay Arnold,Athlete,Alabama,United States,36,Eliminated Week 7,7,True,1,7,9,1,DeMarcus Ware; John Schneider,1,0,26.5
27,Evanna Lynch,7,29.5,3,Keo Motsepe,Actor/Actress,,Ireland,27,3rd Place,3,True,1,9,9,0,DeMarcus Ware; John Schneider,1,0,29.5
27,Joe Amabile,7,23.5,3,Jenna Johnson,TV Personality,Illinois,United States,32,Eliminated Week 8,6,True,1,8,9,0,DeMarcus Ware; John Schneider,1,0,23.5
27,John Schneider,7,27.0,3,Emma Slater,Actor/Actress,New York,United States,58,Eliminated Week 7,8,True,1,7,9,1,DeMarcus Ware; John Schneider,1,0,27.0
27,Juan Pablo Di Pace,7,28.0,3,Cheryl Burke,Actor/Actress,,Argentina,39,Eliminated Week 8,5,True,1,8,9,0,DeMarcus Ware; John Schneider,1,0,28.0
27,Mary Lou Retton,7,0.0,3,Sasha Farber,Athlete,West Virginia,United States,50,Eliminated Week 6,9,True,0,6,9,0,DeMarcus Ware; John Schneider,1,0,
27,Milo Manheim,7,29.0,3,Witney Carson,Actor/Actress,California,United States,17,2nd Place,2,True,1,9,9,0,DeMarcus Ware; John Schneider,1,0,29.0
27,Nancy McKeon,7,0.0,3,Valentin Chmerkovskiy,Actor/Actress,New York,United States,52,Eliminated Week 3,11,True,0,3,9,0,DeMarcus Ware; John Schneider,1,0,
27,Nikki Glaser,7,0.0,3,Gleb Savchenko,Comedian,Ohio,United States,34,Eliminated Week 1,13,True,0,1,9,0,DeMarcus Ware; John Schneider,1,0,
27,Tinashe,7,0.0,3,Brandon Armstrong,Singer/Rapper,Kentucky,United States,25,Eliminated Week 4,10,True,0,4,9,0,DeMarcus Ware; John Schneider,1,0,
27,Alexis Ren,8,29.0,3,Alan Bersten,Social Media Personality,California,United States,21,4th Place,4,True,1,9,9,0,Joe Amabile; Juan Pablo Di Pace,1,0,29.0
27,Bobby Bones,8,22.5,3,Sharna Burgess,Radio Personality,Arkansas,United States,38,1st Place,1,True,1,9,9,0,Joe Amabile; Juan Pablo Di Pace,1,0,22.5
27,Danelle Umstead,8,0.0,3,Artem Chigvintsev,Athlete,New Mexico,United States,46,Eliminated Week 2,12,True,0,2,9,0,Joe Amabile; Juan Pablo Di Pace,1,0,
27,DeMarcus Ware,8,0.0,3,Lindsay Arnold,Athlete,Alabama,United States,36,Eliminated Week 7,7,True,0,7,9,0,Joe Amabile; Juan Pablo Di Pace,1,0,
27,Evanna Lynch,8,29.0,3,Keo Motsepe,Actor/Actress,,Ireland,27,3rd Place,3,True,1,9,9,0,Joe Amabile; Juan Pablo Di Pace,1,0,29.0
27,Joe Amabile,8,23.0,3,Jenna Johnson,TV Personality,Illinois,United States,32,Eliminated Week 8,6,True,1,8,9,1,Joe Amabile; Juan Pablo Di Pace,1,0,23.0
27,John Schneider,8,0.0,3,Emma Slater,Actor/Actress,New York,United States,58,Eliminated Week 7,8,True,0,7,9,0,Joe Amabile; Juan Pablo Di Pace,1,0,
27,Juan Pablo Di Pace,8,30.0,3,Cheryl Burke,Actor/Actress,,Argentina,39,Eliminated Week 8,5,True,1,8,9,1,Joe Amabile; Juan Pablo Di Pace,1,0,30.0
27,Mary Lou Retton,8,0.0,3,Sasha Farber,Athlete,West Virginia,United States,50,Eliminated Week 6,9,True,0,6,9,0,Joe Amabile; Juan Pablo Di Pace,1,0,
27,Milo Manheim,8,27.5,3,Witney Carson,Actor/Actress,California,United States,17,2nd Place,2,True,1,9,9,0,Joe Amabile; Juan Pablo Di Pace,1,0,27.5
27,Nancy McKeon,8,0.0,3,Valentin Chmerkovskiy,Actor/Actress,New York,United States,52,Eliminated Week 3,11,True,0,3,9,0,Joe Amabile; Juan Pablo Di Pace,1,0,
27,Nikki Glaser,8,0.0,3,Gleb Savchenko,Comedian,Ohio,United States,34,Eliminated Week 1,13,True,0,1,9,0,Joe Amabile; Juan Pablo Di Pace,1,0,
27,Tinashe,8,0.0,3,Brandon Armstrong,Singer/Rapper,Kentucky,United States,25,Eliminated Week 4,10,True,0,4,9,0,Joe Amabile; Juan Pablo Di Pace,1,0,
27,Alexis Ren,9,28.5,3,Alan Bersten,Social Media Personality,California,United States,21,4th Place,4,True,1,9,9,0,,0,1,28.5
27,Bobby Bones,9,27.0,3,Sharna Burgess,Radio Personality,Arkansas,United States,38,1st Place,1,True,1,9,9,0,,0,1,27.0
27,Danelle Umstead,9,0.0,3,Artem Chigvintsev,Athlete,New Mexico,United States,46,Eliminated Week 2,12,True,0,2,9,0,,0,1,
27,DeMarcus Ware,9,0.0,3,Lindsay Arnold,Athlete,Alabama,United States,36,Eliminated Week 7,7,True,0,7,9,0,,0,1,
27,Evanna Lynch,9,30.0,3,Keo Motsepe,Actor/Actress,,Ireland,27,3rd Place,3,True,1,9,9,0,,0,1,30.0
27,Joe Amabile,9,0.0,3,Jenna Johnson,TV Personality,Illinois,United States,32,Eliminated Week 8,6,True,0,8,9,0,,0,1,
27,John Schneider,9,0.0,3,Emma Slater,Actor/Actress,New York,United States,58,Eliminated Week 7,8,True,0,7,9,0,,0,1,
27,Juan Pablo Di Pace,9,0.0,3,Cheryl Burke,Actor/Actress,,Argentina,39,Eliminated Week 8,5,True,0,8,9,0,,0,1,
27,Mary Lou Retton,9,0.0,3,Sasha Farber,Athlete,West Virginia,United States,50,Eliminated Week 6,9,True,0,6,9,0,,0,1,
27,Milo Manheim,9,30.0,3,Witney Carson,Actor/Actress,California,United States,17,2nd Place,2,True,1,9,9,0,,0,1,30.0
27,Nancy McKeon,9,0.0,3,Valentin Chmerkovskiy,Actor/Actress,New York,United States,52,Eliminated Week 3,11,True,0,3,9,0,,0,1,
27,Nikki Glaser,9,0.0,3,Gleb Savchenko,Comedian,Ohio,United States,34,Eliminated Week 1,13,True,0,1,9,0,,0,1,
27,Tinashe,9,0.0,3,Brandon Armstrong,Singer/Rapper,Kentucky,United States,25,Eliminated Week 4,10,True,0,4,9,0,,0,1,
27,Alexis Ren,10,,0,Alan Bersten,Social Media Personality,California,United States,21,4th Place,4,False,0,9,9,0,,0,0,
27,Bobby Bones,10,,0,Sharna Burgess,Radio Personality,Arkansas,United States,38,1st Place,1,False,0,9,9,0,,0,0,
27,Danelle Umstead,10,,0,Artem Chigvintsev,Athlete,New Mexico,United States,46,Eliminated Week 2,12,False,0,2,9,0,,0,0,
27,DeMarcus Ware,10,,0,Lindsay Arnold,Athlete,Alabama,United States,36,Eliminated Week 7,7,False,0,7,9,0,,0,0,
27,Evanna Lynch,10,,0,Keo Motsepe,Actor/Actress,,Ireland,27,3rd Place,3,False,0,9,9,0,,0,0,
27,Joe Amabile,10,,0,Jenna Johnson,TV Personality,Illinois,United States,32,Eliminated Week 8,6,False,0,8,9,0,,0,0,
27,John Schneider,10,,0,Emma Slater,Actor/Actress,New York,United States,58,Eliminated Week 7,8,False,0,7,9,0,,0,0,
27,Juan Pablo Di Pace,10,,0,Cheryl Burke,Actor/Actress,,Argentina,39,Eliminated Week 8,5,False,0,8,9,0,,0,0,
27,Mary Lou Retton,10,,0,Sasha Farber,Athlete,West Virginia,United States,50,Eliminated Week 6,9,False,0,6,9,0,,0,0,
27,Milo Manheim,10,,0,Witney Carson,Actor/Actress,California,United States,17,2nd Place,2,False,0,9,9,0,,0,0,
27,Nancy McKeon,10,,0,Valentin Chmerkovskiy,Actor/Actress,New York,United States,52,Eliminated Week 3,11,False,0,3,9,0,,0,0,
27,Nikki Glaser,10,,0,Gleb Savchenko,Comedian,Ohio,United States,34,Eliminated Week 1,13,False,0,1,9,0,,0,0,
27,Tinashe,10,,0,Brandon Armstrong,Singer/Rapper,Kentucky,United States,25,Eliminated Week 4,10,False,0,4,9,0,,0,0,
27,Alexis Ren,11,,0,Alan Bersten,Social Media Personality,California,United States,21,4th Place,4,False,0,9,9,0,,0,0,
27,Bobby Bones,11,,0,Sharna Burgess,Radio Personality,Arkansas,United States,38,1st Place,1,False,0,9,9,0,,0,0,
27,Danelle Umstead,11,,0,Artem Chigvintsev,Athlete,New Mexico,United States,46,Eliminated Week 2,12,False,0,2,9,0,,0,0,
27,DeMarcus Ware,11,,0,Lindsay Arnold,Athlete,Alabama,United States,36,Eliminated Week 7,7,False,0,7,9,0,,0,0,
27,Evanna Lynch,11,,0,Keo Motsepe,Actor/Actress,,Ireland,27,3rd Place,3,False,0,9,9,0,,0,0,
27,Joe Amabile,11,,0,Jenna Johnson,TV Personality,Illinois,United States,32,Eliminated Week 8,6,False,0,8,9,0,,0,0,
27,John Schneider,11,,0,Emma Slater,Actor/Actress,New York,United States,58,Eliminated Week 7,8,False,0,7,9,0,,0,0,
27,Juan Pablo Di Pace,11,,0,Cheryl Burke,Actor/Actress,,Argentina,39,Eliminated Week 8,5,False,0,8,9,0,,0,0,
27,Mary Lou Retton,11,,0,Sasha Farber,Athlete,West Virginia,United States,50,Eliminated Week 6,9,False,0,6,9,0,,0,0,
27,Milo Manheim,11,,0,Witney Carson,Actor/Actress,California,United States,17,2nd Place,2,False,0,9,9,0,,0,0,
27,Nancy McKeon,11,,0,Valentin Chmerkovskiy,Actor/Actress,New York,United States,52,Eliminated Week 3,11,False,0,3,9,0,,0,0,
27,Nikki Glaser,11,,0,Gleb Savchenko,Comedian,Ohio,United States,34,Eliminated Week 1,13,False,0,1,9,0,,0,0,
27,Tinashe,11,,0,Brandon Armstrong,Singer/Rapper,Kentucky,United States,25,Eliminated Week 4,10,False,0,4,9,0,,0,0,
28,Ally Brooke,1,16.0,3,Sasha Farber,Singer/Rapper,Texas,United States,26,3rd Place,3,True,1,11,11,0,,0,1,16.0
28,Hannah Brown,1,20.0,3,Alan Bersten,TV Personality,Alabama,United States,24,1st Place,1,True,1,11,11,0,,0,1,20.0
28,James Van Der Beek,1,21.0,3,Emma Slater,Actor/Actress,Connecticut,United States,42,Eliminated Week 10,5,True,1,10,11,0,,0,1,21.0
28,Karamo Brown,1,17.0,3,Jenna Johnson,TV Personality,Texas,United States,38,Eliminated Week 7,8,True,1,7,11,0,,0,1,17.0
28,Kate Flannery,1,15.0,3,Pasha Pashkov,Actor/Actress,Pennsylvania,United States,55,Eliminated Week 8,7,True,1,8,11,0,,0,1,15.0
28,Kel Mitchell,1,16.0,3,Witney Carson,Actor/Actress,Illinois,United States,41,2nd Place,2,True,1,11,11,0,,0,1,16.0
28,Lamar Odom,1,11.0,3,Peta Murgatroyd,Athlete,New York,United States,39,Eliminated Week 4,10,True,1,4,11,0,,0,1,11.0
28,Lauren Alaina,1,19.0,3,Gleb Savchenko,Singer/Rapper,Georgia,United States,24,4th Place,4,True,1,11,11,0,,0,1,19.0
28,Mary Wilson,1,17.0,3,Brandon Armstrong,Singer/Rapper,Nevada,United States,75,Eliminated Week 2,12,True,1,2,11,0,,0,1,17.0
28,Ray Lewis,1,15.0,3,Cheryl Burke,Athlete,Florida,United States,44,Withdrew,11,True,1,2,11,0,,0,1,15.0
28,Sailor Brinkley-Cook,1,18.0,3,Valentin Chmerkovskiy,Model,New York,United States,21,Eliminated Week 6,9,True,1,6,11,0,,0,1,18.0
28,Sean Spicer,1,12.0,3,Lindsay Arnold,Politician,New York,United States,48,Eliminated Week 9,6,True,1,9,11,0,,0,1,12.0
28,Ally Brooke,2,20.0,3,Sasha Farber,Singer/Rapper,Texas,United States,26,3rd Place,3,True,1,11,11,0,Mary Wilson; Ray Lewis,1,0,20.0
28,Hannah Brown,2,24.0,3,Alan Bersten,TV Personality,Alabama,United States,24,1st Place,1,True,1,11,11,0,Mary Wilson; Ray Lewis,1,0,24.0
28,James Van Der Beek,2,20.0,3,Emma Slater,Actor/Actress,Connecticut,United States,42,Eliminated Week 10,5,True,1,10,11,0,Mary Wilson; Ray Lewis,1,0,20.0
28,Karamo Brown,2,19.0,3,Jenna Johnson,TV Personality,Texas,United States,38,Eliminated Week 7,8,True,1,7,11,0,Mary Wilson; Ray Lewis,1,0,19.0
28,Kate Flannery,2,21.0,3,Pasha Pashkov,Actor/Actress,Pennsylvania,United States,55,Eliminated Week 8,7,True,1,8,11,0,Mary Wilson; Ray Lewis,1,0,21.0
28,Kel Mitchell,2,20.0,3,Witney Carson,Actor/Actress,Illinois,United States,41,2nd Place,2,True,1,11,11,0,Mary Wilson; Ray Lewis,1,0,20.0
28,Lamar Odom,2,12.0,3,Peta Murgatroyd,Athlete,New York,United States,39,Eliminated Week 4,10,True,1,4,11,0,Mary Wilson; Ray Lewis,1,0,12.0
28,Lauren Alaina,2,19.0,3,Gleb Savchenko,Singer/Rapper,Georgia,United States,24,4th Place,4,True,1,11,11,0,Mary Wilson; Ray Lewis,1,0,19.0
28,Mary Wilson,2,15.0,3,Brandon Armstrong,Singer/Rapper,Nevada,United States,75,Eliminated Week 2,12,True,1,2,11,1,Mary Wilson; Ray Lewis,1,0,15.0
28,Ray Lewis,2,15.0,3,Cheryl Burke,Athlete,Florida,United States,44,Withdrew,11,True,1,2,11,1,Mary Wilson; Ray Lewis,1,0,15.0
28,Sailor Brinkley-Cook,2,18.0,3,Valentin Chmerkovskiy,Model,New York,United States,21,Eliminated Week 6,9,True,1,6,11,0,Mary Wilson; Ray Lewis,1,0,18.0
28,Sean Spicer,2,16.0,3,Lindsay Arnold,Politician,New York,United States,48,Eliminated Week 9,6,True,1,9,11,0,Mary Wilson; Ray Lewis,1,0,16.0
28,Ally Brooke,3,24.0,3,Sasha Farber,Singer/Rapper,Texas,United States,26,3rd Place,3,True,1,11,11,0,,0,1,24.0
28,Hannah Brown,3,21.0,3,Alan Bersten,TV Personality,Alabama,United States,24,1st Place,1,True,1,11,11,0,,0,1,21.0
28,James Van Der Beek,3,23.0,3,Emma Slater,Actor/Actress,Connecticut,United States,42,Eliminated Week 10,5,True,1,10,11,0,,0,1,23.0
28,Karamo Brown,3,16.0,3,Jenna Johnson,TV Personality,Texas,United States,38,Eliminated Week 7,8,True,1,7,11,0,,0,1,16.0
28,Kate Flannery,3,24.0,3,Pasha Pashkov,Actor/Actress,Pennsylvania,United States,55,Eliminated Week 8,7,True,1,8,11,0,,0,1,24.0
28,Kel Mitchell,3,20.0,3,Witney Carson,Actor/Actress,Illinois,United States,41,2nd Place,2,True,1,11,11,0,,0,1,20.0
28,Lamar Odom,3,12.0,3,Peta Murgatroyd,Athlete,New York,United States,39,Eliminated Week 4,10,True,1,4,11,0,,0,1,12.0
28,Lauren Alaina,3,20.0,3,Gleb Savchenko,Singer/Rapper,Georgia,United States,24,4th Place,4,True,1,11,11,0,,0,1,20.0
28,Mary Wilson,3,0.0,3,Brandon Armstrong,Singer/Rapper,Nevada,United States,75,Eliminated Week 2,12,True,0,2,11,0,,0,1,
28,Ray Lewis,3,0.0,3,Cheryl Burke,Athlete,Florida,United States,44,Withdrew,11,True,0,2,11,0,,0,1,
28,Sailor Brinkley-Cook,3,23.0,3,Valentin Chmerkovskiy,Model,New York,United States,21,Eliminated Week 6,9,True,1,6,11,0,,0,1,23.0
28,Sean Spicer,3,15.0,3,Lindsay Arnold,Politician,New York,United States,48,Eliminated Week 9,6,True,1,9,11,0,,0,1,15.0
28,Ally Brooke,4,32.0,4,Sasha Farber,Singer/Rapper,Texas,United States,26,3rd Place,3,True,1,11,11,0,Lamar Odom,1,0,32.0
28,Hannah Brown,4,32.0,4,Alan Bersten,TV Personality,Alabama,United States,24,1st Place,1,True,1,11,11,0,Lamar Odom,1,0,32.0
28,James Van Der Beek,4,28.0,4,Emma Slater,Actor/Actress,Connecticut,United States,42,Eliminated Week 10,5,True,1,10,11,0,Lamar Odom,1,0,28.0
28,Karamo Brown,4,28.0,4,Jenna Johnson,TV Personality,Texas,United States,38,Eliminated Week 7,8,True,1,7,11,0,Lamar Odom,1,0,28.0
28,Kate Flannery,4,26.0,4,Pasha Pashkov,Actor/Actress,Pennsylvania,United States,55,Eliminated Week 8,7,True,1,8,11,0,Lamar Odom,1,0,26.0
28,Kel Mitchell,4,32.0,4,Witney Carson,Actor/Actress,Illinois,United States,41,2nd Place,2,True,1,11,11,0,Lamar Odom,1,0,32.0
28,Lamar Odom,4,20.0,4,Peta Murgatroyd,Athlete,New York,United States,39,Eliminated Week 4,10,True,1,4,11,1,Lamar Odom,1,0,20.0
28,Lauren Alaina,4,32.0,4,Gleb Savchenko,Singer/Rapper,Georgia,United States,24,4th Place,4,True,1,11,11,0,Lamar Odom,1,0,32.0
28,Mary Wilson,4,0.0,4,Brandon Armstrong,Singer/Rapper,Nevada,United States,75,Eliminated Week 2,12,True,0,2,11,0,Lamar Odom,1,0,
28,Ray Lewis,4,0.0,4,Cheryl Burke,Athlete,Florida,United States,44,Withdrew,11,True,0,2,11,0,Lamar Odom,1,0,
28,Sailor Brinkley-Cook,4,31.0,4,Valentin Chmerkovskiy,Model,New York,United States,21,Eliminated Week 6,9,True,1,6,11,0,Lamar Odom,1,0,31.0
28,Sean Spicer,4,21.0,4,Lindsay Arnold,Politician,New York,United States,48,Eliminated Week 9,6,True,1,9,11,0,Lamar Odom,1,0,21.0
28,Ally Brooke,5,27.0,3,Sasha Farber,Singer/Rapper,Texas,United States,26,3rd Place,3,True,1,11,11,0,,0,1,27.0
28,Hannah Brown,5,25.0,3,Alan Bersten,TV Personality,Alabama,United States,24,1st Place,1,True,1,11,11,0,,0,1,25.0
28,James Van Der Beek,5,26.0,3,Emma Slater,Actor/Actress,Connecticut,United States,42,Eliminated Week 10,5,True,1,10,11,0,,0,1,26.0
28,Karamo Brown,5,21.0,3,Jenna Johnson,TV Personality,Texas,United States,38,Eliminated Week 7,8,True,1,7,11,0,,0,1,21.0
28,Kate Flannery,5,24.0,3,Pasha Pashkov,Actor/Actress,Pennsylvania,United States,55,Eliminated Week 8,7,True,1,8,11,0,,0,1,24.0
28,Kel Mitchell,5,26.0,3,Witney Carson,Actor/Actress,Illinois,United States,41,2nd Place,2,True,1,11,11,0,,0,1,26.0
28,Lamar Odom,5,0.0,3,Peta Murgatroyd,Athlete,New York,United States,39,Eliminated Week 4,10,True,0,4,11,0,,0,1,
28,Lauren Alaina,5,23.0,3,Gleb Savchenko,Singer/Rapper,Georgia,United States,24,4th Place,4,True,1,11,11,0,,0,1,23.0
28,Mary Wilson,5,0.0,3,Brandon Armstrong,Singer/Rapper,Nevada,United States,75,Eliminated Week 2,12,True,0,2,11,0,,0,1,
28,Ray Lewis,5,0.0,3,Cheryl Burke,Athlete,Florida,United States,44,Withdrew,11,True,0,2,11,0,,0,1,
28,Sailor Brinkley-Cook,5,24.0,3,Valentin Chmerkovskiy,Model,New York,United States,21,Eliminated Week 6,9,True,1,6,11,0,,0,1,24.0
28,Sean Spicer,5,19.0,3,Lindsay Arnold,Politician,New York,United States,48,Eliminated Week 9,6,True,1,9,11,0,,0,1,19.0
28,Ally Brooke,6,25.0,3,Sasha Farber,Singer/Rapper,Texas,United States,26,3rd Place,3,True,1,11,11,0,Sailor Brinkley-Cook,1,0,25.0
28,Hannah Brown,6,24.0,3,Alan Bersten,TV Personality,Alabama,United States,24,1st Place,1,True,1,11,11,0,Sailor Brinkley-Cook,1,0,24.0
28,James Van Der Beek,6,27.0,3,Emma Slater,Actor/Actress,Connecticut,United States,42,Eliminated Week 10,5,True,1,10,11,0,Sailor Brinkley-Cook,1,0,27.0
28,Karamo Brown,6,25.0,3,Jenna Johnson,TV Personality,Texas,United States,38,Eliminated Week 7,8,True,1,7,11,0,Sailor Brinkley-Cook,1,0,25.0
28,Kate Flannery,6,27.0,3,Pasha Pashkov,Actor/Actress,Pennsylvania,United States,55,Eliminated Week 8,7,True,1,8,11,0,Sailor Brinkley-Cook,1,0,27.0
28,Kel Mitchell,6,26.0,3,Witney Carson,Actor/Actress,Illinois,United States,41,2nd Place,2,True,1,11,11,0,Sailor Brinkley-Cook,1,0,26.0
28,Lamar Odom,6,0.0,3,Peta Murgatroyd,Athlete,New York,United States,39,Eliminated Week 4,10,True,0,4,11,0,Sailor Brinkley-Cook,1,0,
28,Lauren Alaina,6,26.0,3,Gleb Savchenko,Singer/Rapper,Georgia,United States,24,4th Place,4,True,1,11,11,0,Sailor Brinkley-Cook,1,0,26.0
28,Mary Wilson,6,0.0,3,Brandon Armstrong,Singer/Rapper,Nevada,United States,75,Eliminated Week 2,12,True,0,2,11,0,Sailor Brinkley-Cook,1,0,
28,Ray Lewis,6,0.0,3,Cheryl Burke,Athlete,Florida,United States,44,Withdrew,11,True,0,2,11,0,Sailor Brinkley-Cook,1,0,
28,Sailor Brinkley-Cook,6,27.0,3,Valentin Chmerkovskiy,Model,New York,United States,21,Eliminated Week 6,9,True,1,6,11,1,Sailor Brinkley-Cook,1,0,27.0
28,Sean Spicer,6,21.0,3,Lindsay Arnold,Politician,New York,United States,48,Eliminated Week 9,6,True,1,9,11,0,Sailor Brinkley-Cook,1,0,21.0
28,Ally Brooke,7,27.0,3,Sasha Farber,Singer/Rapper,Texas,United States,26,3rd Place,3,True,1,11,11,0,Karamo Brown,1,0,27.0
28,Hannah Brown,7,26.0,3,Alan Bersten,TV Personality,Alabama,United States,24,1st Place,1,True,1,11,11,0,Karamo Brown,1,0,26.0
28,James Van Der Beek,7,27.0,3,Emma Slater,Actor/Actress,Connecticut,United States,42,Eliminated Week 10,5,True,1,10,11,0,Karamo Brown,1,0,27.0
28,Karamo Brown,7,24.5,3,Jenna Johnson,TV Personality,Texas,United States,38,Eliminated Week 7,8,True,1,7,11,1,Karamo Brown,1,0,24.5
28,Kate Flannery,7,24.0,3,Pasha Pashkov,Actor/Actress,Pennsylvania,United States,55,Eliminated Week 8,7,True,1,8,11,0,Karamo Brown,1,0,24.0
28,Kel Mitchell,7,25.5,3,Witney Carson,Actor/Actress,Illinois,United States,41,2nd Place,2,True,1,11,11,0,Karamo Brown,1,0,25.5
28,Lamar Odom,7,0.0,3,Peta Murgatroyd,Athlete,New York,United States,39,Eliminated Week 4,10,True,0,4,11,0,Karamo Brown,1,0,
28,Lauren Alaina,7,27.0,3,Gleb Savchenko,Singer/Rapper,Georgia,United States,24,4th Place,4,True,1,11,11,0,Karamo Brown,1,0,27.0
28,Mary Wilson,7,0.0,3,Brandon Armstrong,Singer/Rapper,Nevada,United States,75,Eliminated Week 2,12,True,0,2,11,0,Karamo Brown,1,0,
28,Ray Lewis,7,0.0,3,Cheryl Burke,Athlete,Florida,United States,44,Withdrew,11,True,0,2,11,0,Karamo Brown,1,0,
28,Sailor Brinkley-Cook,7,0.0,3,Valentin Chmerkovskiy,Model,New York,United States,21,Eliminated Week 6,9,True,0,6,11,0,Karamo Brown,1,0,
28,Sean Spicer,7,21.0,3,Lindsay Arnold,Politician,New York,United States,48,Eliminated Week 9,6,True,1,9,11,0,Karamo Brown,1,0,21.0
28,Ally Brooke,8,30.0,3,Sasha Farber,Singer/Rapper,Texas,United States,26,3rd Place,3,True,1,11,11,0,Kate Flannery,1,0,30.0
28,Hannah Brown,8,30.9998,3,Alan Bersten,TV Personality,Alabama,United States,24,1st Place,1,True,1,11,11,0,Kate Flannery,1,0,30.9998
28,James Van Der Beek,8,31.9998,3,Emma Slater,Actor/Actress,Connecticut,United States,42,Eliminated Week 10,5,True,1,10,11,0,Kate Flannery,1,0,31.9998
28,Karamo Brown,8,0.0,3,Jenna Johnson,TV Personality,Texas,United States,38,Eliminated Week 7,8,True,0,7,11,0,Kate Flannery,1,0,
28,Kate Flannery,8,25.9998,3,Pasha Pashkov,Actor/Actress,Pennsylvania,United States,55,Eliminated Week 8,7,True,1,8,11,1,Kate Flannery,1,0,25.9998
28,Kel Mitchell,8,29.9998,3,Witney Carson,Actor/Actress,Illinois,United States,41,2nd Place,2,True,1,11,11,0,Kate Flannery,1,0,29.9998
28,Lamar Odom,8,0.0,3,Peta Murgatroyd,Athlete,New York,United States,39,Eliminated Week 4,10,True,0,4,11,0,Kate Flannery,1,0,
28,Lauren Alaina,8,24.0,3,Gleb Savchenko,Singer/Rapper,Georgia,United States,24,4th Place,4,True,1,11,11,0,Kate Flannery,1,0,24.0
28,Mary Wilson,8,0.0,3,Brandon Armstrong,Singer/Rapper,Nevada,United States,75,Eliminated Week 2,12,True,0,2,11,0,Kate Flannery,1,0,
28,Ray Lewis,8,0.0,3,Cheryl Burke,Athlete,Florida,United States,44,Withdrew,11,True,0,2,11,0,Kate Flannery,1,0,
28,Sailor Brinkley-Cook,8,0.0,3,Valentin Chmerkovskiy,Model,New York,United States,21,Eliminated Week 6,9,True,0,6,11,0,Kate Flannery,1,0,
28,Sean Spicer,8,20.0,3,Lindsay Arnold,Politician,New York,United States,48,Eliminated Week 9,6,True,1,9,11,0,Kate Flannery,1,0,20.0
28,Ally Brooke,9,40.0,4,Sasha Farber,Singer/Rapper,Texas,United States,26,3rd Place,3,True,1,11,11,0,Sean Spicer,1,0,40.0
28,Hannah Brown,9,35.5,4,Alan Bersten,TV Personality,Alabama,United States,24,1st Place,1,True,1,11,11,0,Sean Spicer,1,0,35.5
28,James Van Der Beek,9,36.0,4,Emma Slater,Actor/Actress,Connecticut,United States,42,Eliminated Week 10,5,True,1,10,11,0,Sean Spicer,1,0,36.0
28,Karamo Brown,9,0.0,4,Jenna Johnson,TV Personality,Texas,United States,38,Eliminated Week 7,8,True,0,7,11,0,Sean Spicer,1,0,
28,Kate Flannery,9,0.0,4,Pasha Pashkov,Actor/Actress,Pennsylvania,United States,55,Eliminated Week 8,7,True,0,8,11,0,Sean Spicer,1,0,
28,Kel Mitchell,9,37.0,4,Witney Carson,Actor/Actress,Illinois,United States,41,2nd Place,2,True,1,11,11,0,Sean Spicer,1,0,37.0
28,Lamar Odom,9,0.0,4,Peta Murgatroyd,Athlete,New York,United States,39,Eliminated Week 4,10,True,0,4,11,0,Sean Spicer,1,0,
28,Lauren Alaina,9,35.0,4,Gleb Savchenko,Singer/Rapper,Georgia,United States,24,4th Place,4,True,1,11,11,0,Sean Spicer,1,0,35.0
28,Mary Wilson,9,0.0,4,Brandon Armstrong,Singer/Rapper,Nevada,United States,75,Eliminated Week 2,12,True,0,2,11,0,Sean Spicer,1,0,
28,Ray Lewis,9,0.0,4,Cheryl Burke,Athlete,Florida,United States,44,Withdrew,11,True,0,2,11,0,Sean Spicer,1,0,
28,Sailor Brinkley-Cook,9,0.0,4,Valentin Chmerkovskiy,Model,New York,United States,21,Eliminated Week 6,9,True,0,6,11,0,Sean Spicer,1,0,
28,Sean Spicer,9,25.0,4,Lindsay Arnold,Politician,New York,United States,48,Eliminated Week 9,6,True,1,9,11,1,Sean Spicer,1,0,25.0
28,Ally Brooke,10,29.5,3,Sasha Farber,Singer/Rapper,Texas,United States,26,3rd Place,3,True,1,11,11,0,James Van Der Beek,1,0,29.5
28,Hannah Brown,10,27.0,3,Alan Bersten,TV Personality,Alabama,United States,24,1st Place,1,True,1,11,11,0,James Van Der Beek,1,0,27.0
28,James Van Der Beek,10,25.5,3,Emma Slater,Actor/Actress,Connecticut,United States,42,Eliminated Week 10,5,True,1,10,11,1,James Van Der Beek,1,0,25.5
28,Karamo Brown,10,0.0,3,Jenna Johnson,TV Personality,Texas,United States,38,Eliminated Week 7,8,True,0,7,11,0,James Van Der Beek,1,0,
28,Kate Flannery,10,0.0,3,Pasha Pashkov,Actor/Actress,Pennsylvania,United States,55,Eliminated Week 8,7,True,0,8,11,0,James Van Der Beek,1,0,
28,Kel Mitchell,10,28.5,3,Witney Carson,Actor/Actress,Illinois,United States,41,2nd Place,2,True,1,11,11,0,James Van Der Beek,1,0,28.5
28,Lamar Odom,10,0.0,3,Peta Murgatroyd,Athlete,New York,United States,39,Eliminated Week 4,10,True,0,4,11,0,James Van Der Beek,1,0,
28,Lauren Alaina,10,27.0,3,Gleb Savchenko,Singer/Rapper,Georgia,United States,24,4th Place,4,True,1,11,11,0,James Van Der Beek,1,0,27.0
28,Mary Wilson,10,0.0,3,Brandon Armstrong,Singer/Rapper,Nevada,United States,75,Eliminated Week 2,12,True,0,2,11,0,James Van Der Beek,1,0,
28,Ray Lewis,10,0.0,3,Cheryl Burke,Athlete,Florida,United States,44,Withdrew,11,True,0,2,11,0,James Van Der Beek,1,0,
28,Sailor Brinkley-Cook,10,0.0,3,Valentin Chmerkovskiy,Model,New York,United States,21,Eliminated Week 6,9,True,0,6,11,0,James Van Der Beek,1,0,
28,Sean Spicer,10,0.0,3,Lindsay Arnold,Politician,New York,United States,48,Eliminated Week 9,6,True,0,9,11,0,James Van Der Beek,1,0,
28,Ally Brooke,11,30.0,3,Sasha Farber,Singer/Rapper,Texas,United States,26,3rd Place,3,True,1,11,11,0,,0,1,30.0
28,Hannah Brown,11,29.0,3,Alan Bersten,TV Personality,Alabama,United States,24,1st Place,1,True,1,11,11,0,,0,1,29.0
28,James Van Der Beek,11,0.0,3,Emma Slater,Actor/Actress,Connecticut,United States,42,Eliminated Week 10,5,True,0,10,11,0,,0,1,
28,Karamo Brown,11,0.0,3,Jenna Johnson,TV Personality,Texas,United States,38,Eliminated Week 7,8,True,0,7,11,0,,0,1,
28,Kate Flannery,11,0.0,3,Pasha Pashkov,Actor/Actress,Pennsylvania,United States,55,Eliminated Week 8,7,True,0,8,11,0,,0,1,
28,Kel Mitchell,11,29.5,3,Witney Carson,Actor/Actress,Illinois,United States,41,2nd Place,2,True,1,11,11,0,,0,1,29.5
28,Lamar Odom,11,0.0,3,Peta Murgatroyd,Athlete,New York,United States,39,Eliminated Week 4,10,True,0,4,11,0,,0,1,
28,Lauren Alaina,11,28.5,3,Gleb Savchenko,Singer/Rapper,Georgia,United States,24,4th Place,4,True,1,11,11,0,,0,1,28.5
28,Mary Wilson,11,0.0,3,Brandon Armstrong,Singer/Rapper,Nevada,United States,75,Eliminated Week 2,12,True,0,2,11,0,,0,1,
28,Ray Lewis,11,0.0,3,Cheryl Burke,Athlete,Florida,United States,44,Withdrew,11,True,0,2,11,0,,0,1,
28,Sailor Brinkley-Cook,11,0.0,3,Valentin Chmerkovskiy,Model,New York,United States,21,Eliminated Week 6,9,True,0,6,11,0,,0,1,
28,Sean Spicer,11,0.0,3,Lindsay Arnold,Politician,New York,United States,48,Eliminated Week 9,6,True,0,9,11,0,,0,1,
29,AJ McLean,1,18.0,3,Cheryl Burke,Singer/Rapper,Florida,United States,42,Eliminated Week 9,7,True,1,9,11,0,,0,1,18.0
29,Anne Heche,1,18.0,3,Keo Motsepe,Actor/Actress,Ohio,United States,51,Eliminated Week 4,13,True,1,4,11,0,,0,1,18.0
29,Carole Baskin,1,11.0,3,Pasha Pashkov,TV Personality,Texas,United States,59,Eliminated Week 3,14,True,1,3,11,0,,0,1,11.0
29,Charles Oakley,1,12.0,3,Emma Slater,Athlete,Ohio,United States,56,Eliminated Week 2,15,True,1,2,11,0,,0,1,12.0
29,Chrishell Stause,1,13.0,3,Gleb Savchenko,Actor/Actress,Kentucky,United States,39,Eliminated Week 8,8,True,1,8,11,0,,0,1,13.0
29,Jeannie Mai,1,18.0,3,Brandon Armstrong,TV Personality,California,United States,41,Withdrew,9,True,1,7,11,0,,0,1,18.0
29,Jesse Metcalfe,1,18.0,3,Sharna Burgess,Actor/Actress,California,United States,41,Eliminated Week 5,12,True,1,5,11,0,,0,1,18.0
29,Johnny Weir,1,18.0,3,Britt Stewart,Athlete,Pennsylvania,United States,36,Eliminated Week 10,6,True,1,10,11,0,,0,1,18.0
29,Justina Machado,1,21.0,3,Sasha Farber,Actor/Actress,Illinois,United States,48,4th Place,4,True,1,11,11,0,,0,1,21.0
29,Kaitlyn Bristowe,1,20.0,3,Artem Chigvintsev,TV Personality,,Canada,35,1st Place,1,True,1,11,11,0,,0,1,20.0
29,Monica Aldama,1,19.0,3,Valentin Chmerkovskiy,TV Personality,Alabama,United States,48,Eliminated Week 7,10,True,1,7,11,0,,0,1,19.0
29,Nelly,1,16.0,3,Daniella Karagach,Singer/Rapper,Texas,United States,45,3rd Place,3,True,1,11,11,0,,0,1,16.0
29,Nev Schulman,1,20.0,3,Jenna Johnson,Producer,New York,United States,35,2nd Place,2,True,1,11,11,0,,0,1,20.0
29,Skai Jackson,1,21.0,3,Alan Bersten,Actor/Actress,New York,United States,18,Eliminated Week 10,5,True,1,10,11,0,,0,1,21.0
29,Veron Davis,1,17.0,3,Peta Murgatroyd,Athlete,Washington D.C.,United States,36,Eliminated Week 6,11,True,1,6,11,0,,0,1,17.0
29,AJ McLean,2,19.0,3,Cheryl Burke,Singer/Rapper,Florida,United States,42,Eliminated Week 9,7,True,1,9,11,0,Charles Oakley,1,0,19.0
29,Anne Heche,2,18.0,3,Keo Motsepe,Actor/Actress,Ohio,United States,51,Eliminated Week 4,13,True,1,4,11,0,Charles Oakley,1,0,18.0
29,Carole Baskin,2,16.0,3,Pasha Pashkov,TV Personality,Texas,United States,59,Eliminated Week 3,14,True,1,3,11,0,Charles Oakley,1,0,16.0
29,Charles Oakley,2,15.0,3,Emma Slater,Athlete,Ohio,United States,56,Eliminated Week 2,15,True,1,2,11,1,Charles Oakley,1,0,15.0
29,Chrishell Stause,2,18.0,3,Gleb Savchenko,Actor/Actress,Kentucky,United States,39,Eliminated Week 8,8,True,1,8,11,0,Charles Oakley,1,0,18.0
29,Jeannie Mai,2,18.0,3,Brandon Armstrong,TV Personality,California,United States,41,Withdrew,9,True,1,7,11,0,Charles Oakley,1,0,18.0
29,Jesse Metcalfe,2,20.0,3,Sharna Burgess,Actor/Actress,California,United States,41,Eliminated Week 5,12,True,1,5,11,0,Charles Oakley,1,0,20.0
29,Johnny Weir,2,18.0,3,Britt Stewart,Athlete,Pennsylvania,United States,36,Eliminated Week 10,6,True,1,10,11,0,Charles Oakley,1,0,18.0
29,Justina Machado,2,21.0,3,Sasha Farber,Actor/Actress,Illinois,United States,48,4th Place,4,True,1,11,11,0,Charles Oakley,1,0,21.0
29,Kaitlyn Bristowe,2,22.0,3,Artem Chigvintsev,TV Personality,,Canada,35,1st Place,1,True,1,11,11,0,Charles Oakley,1,0,22.0
29,Monica Aldama,2,16.0,3,Valentin Chmerkovskiy,TV Personality,Alabama,United States,48,Eliminated Week 7,10,True,1,7,11,0,Charles Oakley,1,0,16.0
29,Nelly,2,18.0,3,Daniella Karagach,Singer/Rapper,Texas,United States,45,3rd Place,3,True,1,11,11,0,Charles Oakley,1,0,18.0
29,Nev Schulman,2,21.0,3,Jenna Johnson,Producer,New York,United States,35,2nd Place,2,True,1,11,11,0,Charles Oakley,1,0,21.0
29,Skai Jackson,2,15.0,3,Alan Bersten,Actor/Actress,New York,United States,18,Eliminated Week 10,5,True,1,10,11,0,Charles Oakley,1,0,15.0
29,Veron Davis,2,18.0,3,Peta Murgatroyd,Athlete,Washington D.C.,United States,36,Eliminated Week 6,11,True,1,6,11,0,Charles Oakley,1,0,18.0
29,AJ McLean,3,21.0,3,Cheryl Burke,Singer/Rapper,Florida,United States,42,Eliminated Week 9,7,True,1,9,11,0,Carole Baskin,1,0,21.0
29,Anne Heche,3,15.0,3,Keo Motsepe,Actor/Actress,Ohio,United States,51,Eliminated Week 4,13,True,1,4,11,0,Carole Baskin,1,0,15.0
29,Carole Baskin,3,12.0,3,Pasha Pashkov,TV Personality,Texas,United States,59,Eliminated Week 3,14,True,1,3,11,1,Carole Baskin,1,0,12.0
29,Charles Oakley,3,0.0,3,Emma Slater,Athlete,Ohio,United States,56,Eliminated Week 2,15,True,0,2,11,0,Carole Baskin,1,0,
29,Chrishell Stause,3,22.0,3,Gleb Savchenko,Actor/Actress,Kentucky,United States,39,Eliminated Week 8,8,True,1,8,11,0,Carole Baskin,1,0,22.0
29,Jeannie Mai,3,22.0,3,Brandon Armstrong,TV Personality,California,United States,41,Withdrew,9,True,1,7,11,0,Carole Baskin,1,0,22.0
29,Jesse Metcalfe,3,20.0,3,Sharna Burgess,Actor/Actress,California,United States,41,Eliminated Week 5,12,True,1,5,11,0,Carole Baskin,1,0,20.0
29,Johnny Weir,3,24.0,3,Britt Stewart,Athlete,Pennsylvania,United States,36,Eliminated Week 10,6,True,1,10,11,0,Carole Baskin,1,0,24.0
29,Justina Machado,3,19.0,3,Sasha Farber,Actor/Actress,Illinois,United States,48,4th Place,4,True,1,11,11,0,Carole Baskin,1,0,19.0
29,Kaitlyn Bristowe,3,23.0,3,Artem Chigvintsev,TV Personality,,Canada,35,1st Place,1,True,1,11,11,0,Carole Baskin,1,0,23.0
29,Monica Aldama,3,21.0,3,Valentin Chmerkovskiy,TV Personality,Alabama,United States,48,Eliminated Week 7,10,True,1,7,11,0,Carole Baskin,1,0,21.0
29,Nelly,3,18.0,3,Daniella Karagach,Singer/Rapper,Texas,United States,45,3rd Place,3,True,1,11,11,0,Carole Baskin,1,0,18.0
29,Nev Schulman,3,24.0,3,Jenna Johnson,Producer,New York,United States,35,2nd Place,2,True,1,11,11,0,Carole Baskin,1,0,24.0
29,Skai Jackson,3,18.0,3,Alan Bersten,Actor/Actress,New York,United States,18,Eliminated Week 10,5,True,1,10,11,0,Carole Baskin,1,0,18.0
29,Veron Davis,3,22.0,3,Peta Murgatroyd,Athlete,Washington D.C.,United States,36,Eliminated Week 6,11,True,1,6,11,0,Carole Baskin,1,0,22.0
29,AJ McLean,4,24.0,3,Cheryl Burke,Singer/Rapper,Florida,United States,42,Eliminated Week 9,7,True,1,9,11,0,Anne Heche,1,0,24.0
29,Anne Heche,4,21.0,3,Keo Motsepe,Actor/Actress,Ohio,United States,51,Eliminated Week 4,13,True,1,4,11,1,Anne Heche,1,0,21.0
29,Carole Baskin,4,0.0,3,Pasha Pashkov,TV Personality,Texas,United States,59,Eliminated Week 3,14,True,0,3,11,0,Anne Heche,1,0,
29,Charles Oakley,4,0.0,3,Emma Slater,Athlete,Ohio,United States,56,Eliminated Week 2,15,True,0,2,11,0,Anne Heche,1,0,
29,Chrishell Stause,4,22.0,3,Gleb Savchenko,Actor/Actress,Kentucky,United States,39,Eliminated Week 8,8,True,1,8,11,0,Anne Heche,1,0,22.0
29,Jeannie Mai,4,21.0,3,Brandon Armstrong,TV Personality,California,United States,41,Withdrew,9,True,1,7,11,0,Anne Heche,1,0,21.0
29,Jesse Metcalfe,4,21.0,3,Sharna Burgess,Actor/Actress,California,United States,41,Eliminated Week 5,12,True,1,5,11,0,Anne Heche,1,0,21.0
29,Johnny Weir,4,24.0,3,Britt Stewart,Athlete,Pennsylvania,United States,36,Eliminated Week 10,6,True,1,10,11,0,Anne Heche,1,0,24.0
29,Justina Machado,4,24.0,3,Sasha Farber,Actor/Actress,Illinois,United States,48,4th Place,4,True,1,11,11,0,Anne Heche,1,0,24.0
29,Kaitlyn Bristowe,4,25.0,3,Artem Chigvintsev,TV Personality,,Canada,35,1st Place,1,True,1,11,11,0,Anne Heche,1,0,25.0
29,Monica Aldama,4,24.0,3,Valentin Chmerkovskiy,TV Personality,Alabama,United States,48,Eliminated Week 7,10,True,1,7,11,0,Anne Heche,1,0,24.0
29,Nelly,4,21.0,3,Daniella Karagach,Singer/Rapper,Texas,United States,45,3rd Place,3,True,1,11,11,0,Anne Heche,1,0,21.0
29,Nev Schulman,4,24.0,3,Jenna Johnson,Producer,New York,United States,35,2nd Place,2,True,1,11,11,0,Anne Heche,1,0,24.0
29,Skai Jackson,4,28.0,3,Alan Bersten,Actor/Actress,New York,United States,18,Eliminated Week 10,5,True,1,10,11,0,Anne Heche,1,0,28.0
29,Veron Davis,4,22.0,3,Peta Murgatroyd,Athlete,Washington D.C.,United States,36,Eliminated Week 6,11,True,1,6,11,0,Anne Heche,1,0,22.0
29,AJ McLean,5,24.0,3,Cheryl Burke,Singer/Rapper,Florida,United States,42,Eliminated Week 9,7,True,1,9,11,0,Jesse Metcalfe,1,0,24.0
29,Anne Heche,5,0.0,3,Keo Motsepe,Actor/Actress,Ohio,United States,51,Eliminated Week 4,13,True,0,4,11,0,Jesse Metcalfe,1,0,
29,Carole Baskin,5,0.0,3,Pasha Pashkov,TV Personality,Texas,United States,59,Eliminated Week 3,14,True,0,3,11,0,Jesse Metcalfe,1,0,
29,Charles Oakley,5,0.0,3,Emma Slater,Athlete,Ohio,United States,56,Eliminated Week 2,15,True,0,2,11,0,Jesse Metcalfe,1,0,
29,Chrishell Stause,5,19.0,3,Gleb Savchenko,Actor/Actress,Kentucky,United States,39,Eliminated Week 8,8,True,1,8,11,0,Jesse Metcalfe,1,0,19.0
29,Jeannie Mai,5,24.0,3,Brandon Armstrong,TV Personality,California,United States,41,Withdrew,9,True,1,7,11,0,Jesse Metcalfe,1,0,24.0
29,Jesse Metcalfe,5,19.0,3,Sharna Burgess,Actor/Actress,California,United States,41,Eliminated Week 5,12,True,1,5,11,1,Jesse Metcalfe,1,0,19.0
29,Johnny Weir,5,29.0,3,Britt Stewart,Athlete,Pennsylvania,United States,36,Eliminated Week 10,6,True,1,10,11,0,Jesse Metcalfe,1,0,29.0
29,Justina Machado,5,24.0,3,Sasha Farber,Actor/Actress,Illinois,United States,48,4th Place,4,True,1,11,11,0,Jesse Metcalfe,1,0,24.0
29,Kaitlyn Bristowe,5,27.0,3,Artem Chigvintsev,TV Personality,,Canada,35,1st Place,1,True,1,11,11,0,Jesse Metcalfe,1,0,27.0
29,Monica Aldama,5,26.0,3,Valentin Chmerkovskiy,TV Personality,Alabama,United States,48,Eliminated Week 7,10,True,1,7,11,0,Jesse Metcalfe,1,0,26.0
29,Nelly,5,24.0,3,Daniella Karagach,Singer/Rapper,Texas,United States,45,3rd Place,3,True,1,11,11,0,Jesse Metcalfe,1,0,24.0
29,Nev Schulman,5,26.0,3,Jenna Johnson,Producer,New York,United States,35,2nd Place,2,True,1,11,11,0,Jesse Metcalfe,1,0,26.0
29,Skai Jackson,5,24.0,3,Alan Bersten,Actor/Actress,New York,United States,18,Eliminated Week 10,5,True,1,10,11,0,Jesse Metcalfe,1,0,24.0
29,Veron Davis,5,21.0,3,Peta Murgatroyd,Athlete,Washington D.C.,United States,36,Eliminated Week 6,11,True,1,6,11,0,Jesse Metcalfe,1,0,21.0
29,AJ McLean,6,27.0,3,Cheryl Burke,Singer/Rapper,Florida,United States,42,Eliminated Week 9,7,True,1,9,11,0,Veron Davis,1,0,27.0
29,Anne Heche,6,0.0,3,Keo Motsepe,Actor/Actress,Ohio,United States,51,Eliminated Week 4,13,True,0,4,11,0,Veron Davis,1,0,
29,Carole Baskin,6,0.0,3,Pasha Pashkov,TV Personality,Texas,United States,59,Eliminated Week 3,14,True,0,3,11,0,Veron Davis,1,0,
29,Charles Oakley,6,0.0,3,Emma Slater,Athlete,Ohio,United States,56,Eliminated Week 2,15,True,0,2,11,0,Veron Davis,1,0,
29,Chrishell Stause,6,24.0,3,Gleb Savchenko,Actor/Actress,Kentucky,United States,39,Eliminated Week 8,8,True,1,8,11,0,Veron Davis,1,0,24.0
29,Jeannie Mai,6,25.0,3,Brandon Armstrong,TV Personality,California,United States,41,Withdrew,9,True,1,7,11,0,Veron Davis,1,0,25.0
29,Jesse Metcalfe,6,0.0,3,Sharna Burgess,Actor/Actress,California,United States,41,Eliminated Week 5,12,True,0,5,11,0,Veron Davis,1,0,
29,Johnny Weir,6,22.0,3,Britt Stewart,Athlete,Pennsylvania,United States,36,Eliminated Week 10,6,True,1,10,11,0,Veron Davis,1,0,22.0
29,Justina Machado,6,27.0,3,Sasha Farber,Actor/Actress,Illinois,United States,48,4th Place,4,True,1,11,11,0,Veron Davis,1,0,27.0
29,Kaitlyn Bristowe,6,27.0,3,Artem Chigvintsev,TV Personality,,Canada,35,1st Place,1,True,1,11,11,0,Veron Davis,1,0,27.0
29,Monica Aldama,6,27.0,3,Valentin Chmerkovskiy,TV Personality,Alabama,United States,48,Eliminated Week 7,10,True,1,7,11,0,Veron Davis,1,0,27.0
29,Nelly,6,24.0,3,Daniella Karagach,Singer/Rapper,Texas,United States,45,3rd Place,3,True,1,11,11,0,Veron Davis,1,0,24.0
29,Nev Schulman,6,26.0,3,Jenna Johnson,Producer,New York,United States,35,2nd Place,2,True,1,11,11,0,Veron Davis,1,0,26.0
29,Skai Jackson,6,18.0,3,Alan Bersten,Actor/Actress,New York,United States,18,Eliminated Week 10,5,True,1,10,11,0,Veron Davis,1,0,18.0
29,Veron Davis,6,21.0,3,Peta Murgatroyd,Athlete,Washington D.C.,United States,36,Eliminated Week 6,11,True,1,6,11,1,Veron Davis,1,0,21.0
29,AJ McLean,7,26.0,3,Cheryl Burke,Singer/Rapper,Florida,United States,42,Eliminated Week 9,7,True,1,9,11,0,Jeannie Mai; Monica Aldama,1,0,26.0
29,Anne Heche,7,0.0,3,Keo Motsepe,Actor/Actress,Ohio,United States,51,Eliminated Week 4,13,True,0,4,11,0,Jeannie Mai; Monica Aldama,1,0,
29,Carole Baskin,7,0.0,3,Pasha Pashkov,TV Personality,Texas,United States,59,Eliminated Week 3,14,True,0,3,11,0,Jeannie Mai; Monica Aldama,1,0,
29,Charles Oakley,7,0.0,3,Emma Slater,Athlete,Ohio,United States,56,Eliminated Week 2,15,True,0,2,11,0,Jeannie Mai; Monica Aldama,1,0,
29,Chrishell Stause,7,26.0,3,Gleb Savchenko,Actor/Actress,Kentucky,United States,39,Eliminated Week 8,8,True,1,8,11,0,Jeannie Mai; Monica Aldama,1,0,26.0
29,Jeannie Mai,7,25.0,3,Brandon Armstrong,TV Personality,California,United States,41,Withdrew,9,True,1,7,11,1,Jeannie Mai; Monica Aldama,1,0,25.0
29,Jesse Metcalfe,7,0.0,3,Sharna Burgess,Actor/Actress,California,United States,41,Eliminated Week 5,12,True,0,5,11,0,Jeannie Mai; Monica Aldama,1,0,
29,Johnny Weir,7,27.0,3,Britt Stewart,Athlete,Pennsylvania,United States,36,Eliminated Week 10,6,True,1,10,11,0,Jeannie Mai; Monica Aldama,1,0,27.0
29,Justina Machado,7,26.0,3,Sasha Farber,Actor/Actress,Illinois,United States,48,4th Place,4,True,1,11,11,0,Jeannie Mai; Monica Aldama,1,0,26.0
29,Kaitlyn Bristowe,7,24.0,3,Artem Chigvintsev,TV Personality,,Canada,35,1st Place,1,True,1,11,11,0,Jeannie Mai; Monica Aldama,1,0,24.0
29,Monica Aldama,7,22.0,3,Valentin Chmerkovskiy,TV Personality,Alabama,United States,48,Eliminated Week 7,10,True,1,7,11,1,Jeannie Mai; Monica Aldama,1,0,22.0
29,Nelly,7,27.0,3,Daniella Karagach,Singer/Rapper,Texas,United States,45,3rd Place,3,True,1,11,11,0,Jeannie Mai; Monica Aldama,1,0,27.0
29,Nev Schulman,7,30.0,3,Jenna Johnson,Producer,New York,United States,35,2nd Place,2,True,1,11,11,0,Jeannie Mai; Monica Aldama,1,0,30.0
29,Skai Jackson,7,27.0,3,Alan Bersten,Actor/Actress,New York,United States,18,Eliminated Week 10,5,True,1,10,11,0,Jeannie Mai; Monica Aldama,1,0,27.0
29,Veron Davis,7,0.0,3,Peta Murgatroyd,Athlete,Washington D.C.,United States,36,Eliminated Week 6,11,True,0,6,11,0,Jeannie Mai; Monica Aldama,1,0,
29,AJ McLean,8,27.0,3,Cheryl Burke,Singer/Rapper,Florida,United States,42,Eliminated Week 9,7,True,1,9,11,0,Chrishell Stause,1,0,27.0
29,Anne Heche,8,0.0,3,Keo Motsepe,Actor/Actress,Ohio,United States,51,Eliminated Week 4,13,True,0,4,11,0,Chrishell Stause,1,0,
29,Carole Baskin,8,0.0,3,Pasha Pashkov,TV Personality,Texas,United States,59,Eliminated Week 3,14,True,0,3,11,0,Chrishell Stause,1,0,
29,Charles Oakley,8,0.0,3,Emma Slater,Athlete,Ohio,United States,56,Eliminated Week 2,15,True,0,2,11,0,Chrishell Stause,1,0,
29,Chrishell Stause,8,27.0,3,Gleb Savchenko,Actor/Actress,Kentucky,United States,39,Eliminated Week 8,8,True,1,8,11,1,Chrishell Stause,1,0,27.0
29,Jeannie Mai,8,0.0,3,Brandon Armstrong,TV Personality,California,United States,41,Withdrew,9,True,0,7,11,0,Chrishell Stause,1,0,
29,Jesse Metcalfe,8,0.0,3,Sharna Burgess,Actor/Actress,California,United States,41,Eliminated Week 5,12,True,0,5,11,0,Chrishell Stause,1,0,
29,Johnny Weir,8,30.0,3,Britt Stewart,Athlete,Pennsylvania,United States,36,Eliminated Week 10,6,True,1,10,11,0,Chrishell Stause,1,0,30.0
29,Justina Machado,8,28.9998,3,Sasha Farber,Actor/Actress,Illinois,United States,48,4th Place,4,True,1,11,11,0,Chrishell Stause,1,0,28.9998
29,Kaitlyn Bristowe,8,28.0,3,Artem Chigvintsev,TV Personality,,Canada,35,1st Place,1,True,1,11,11,0,Chrishell Stause,1,0,28.0
29,Monica Aldama,8,0.0,3,Valentin Chmerkovskiy,TV Personality,Alabama,United States,48,Eliminated Week 7,10,True,0,7,11,0,Chrishell Stause,1,0,
29,Nelly,8,24.0,3,Daniella Karagach,Singer/Rapper,Texas,United States,45,3rd Place,3,True,1,11,11,0,Chrishell Stause,1,0,24.0
29,Nev Schulman,8,30.0,3,Jenna Johnson,Producer,New York,United States,35,2nd Place,2,True,1,11,11,0,Chrishell Stause,1,0,30.0
29,Skai Jackson,8,26.9998,3,Alan Bersten,Actor/Actress,New York,United States,18,Eliminated Week 10,5,True,1,10,11,0,Chrishell Stause,1,0,26.9998
29,Veron Davis,8,0.0,3,Peta Murgatroyd,Athlete,Washington D.C.,United States,36,Eliminated Week 6,11,True,0,6,11,0,Chrishell Stause,1,0,
29,AJ McLean,9,24.9998,3,Cheryl Burke,Singer/Rapper,Florida,United States,42,Eliminated Week 9,7,True,1,9,11,1,AJ McLean,1,0,24.9998
29,Anne Heche,9,0.0,3,Keo Motsepe,Actor/Actress,Ohio,United States,51,Eliminated Week 4,13,True,0,4,11,0,AJ McLean,1,0,
29,Carole Baskin,9,0.0,3,Pasha Pashkov,TV Personality,Texas,United States,59,Eliminated Week 3,14,True,0,3,11,0,AJ McLean,1,0,
29,Charles Oakley,9,0.0,3,Emma Slater,Athlete,Ohio,United States,56,Eliminated Week 2,15,True,0,2,11,0,AJ McLean,1,0,
29,Chrishell Stause,9,0.0,3,Gleb Savchenko,Actor/Actress,Kentucky,United States,39,Eliminated Week 8,8,True,0,8,11,0,AJ McLean,1,0,
29,Jeannie Mai,9,0.0,3,Brandon Armstrong,TV Personality,California,United States,41,Withdrew,9,True,0,7,11,0,AJ McLean,1,0,
29,Jesse Metcalfe,9,0.0,3,Sharna Burgess,Actor/Actress,California,United States,41,Eliminated Week 5,12,True,0,5,11,0,AJ McLean,1,0,
29,Johnny Weir,9,30.0,3,Britt Stewart,Athlete,Pennsylvania,United States,36,Eliminated Week 10,6,True,1,10,11,0,AJ McLean,1,0,30.0
29,Justina Machado,9,25.9998,3,Sasha Farber,Actor/Actress,Illinois,United States,48,4th Place,4,True,1,11,11,0,AJ McLean,1,0,25.9998
29,Kaitlyn Bristowe,9,30.0,3,Artem Chigvintsev,TV Personality,,Canada,35,1st Place,1,True,1,11,11,0,AJ McLean,1,0,30.0
29,Monica Aldama,9,0.0,3,Valentin Chmerkovskiy,TV Personality,Alabama,United States,48,Eliminated Week 7,10,True,0,7,11,0,AJ McLean,1,0,
29,Nelly,9,24.0,3,Daniella Karagach,Singer/Rapper,Texas,United States,45,3rd Place,3,True,1,11,11,0,AJ McLean,1,0,24.0
29,Nev Schulman,9,28.9998,3,Jenna Johnson,Producer,New York,United States,35,2nd Place,2,True,1,11,11,0,AJ McLean,1,0,28.9998
29,Skai Jackson,9,28.9998,3,Alan Bersten,Actor/Actress,New York,United States,18,Eliminated Week 10,5,True,1,10,11,0,AJ McLean,1,0,28.9998
29,Veron Davis,9,0.0,3,Peta Murgatroyd,Athlete,Washington D.C.,United States,36,Eliminated Week 6,11,True,0,6,11,0,AJ McLean,1,0,
29,AJ McLean,10,0.0,3,Cheryl Burke,Singer/Rapper,Florida,United States,42,Eliminated Week 9,7,True,0,9,11,0,Johnny Weir; Skai Jackson,1,0,
29,Anne Heche,10,0.0,3,Keo Motsepe,Actor/Actress,Ohio,United States,51,Eliminated Week 4,13,True,0,4,11,0,Johnny Weir; Skai Jackson,1,0,
29,Carole Baskin,10,0.0,3,Pasha Pashkov,TV Personality,Texas,United States,59,Eliminated Week 3,14,True,0,3,11,0,Johnny Weir; Skai Jackson,1,0,
29,Charles Oakley,10,0.0,3,Emma Slater,Athlete,Ohio,United States,56,Eliminated Week 2,15,True,0,2,11,0,Johnny Weir; Skai Jackson,1,0,
29,Chrishell Stause,10,0.0,3,Gleb Savchenko,Actor/Actress,Kentucky,United States,39,Eliminated Week 8,8,True,0,8,11,0,Johnny Weir; Skai Jackson,1,0,
29,Jeannie Mai,10,0.0,3,Brandon Armstrong,TV Personality,California,United States,41,Withdrew,9,True,0,7,11,0,Johnny Weir; Skai Jackson,1,0,
29,Jesse Metcalfe,10,0.0,3,Sharna Burgess,Actor/Actress,California,United States,41,Eliminated Week 5,12,True,0,5,11,0,Johnny Weir; Skai Jackson,1,0,
29,Johnny Weir,10,28.5,3,Britt Stewart,Athlete,Pennsylvania,United States,36,Eliminated Week 10,6,True,1,10,11,1,Johnny Weir; Skai Jackson,1,0,28.5
29,Justina Machado,10,29.0,3,Sasha Farber,Actor/Actress,Illinois,United States,48,4th Place,4,True,1,11,11,0,Johnny Weir; Skai Jackson,1,0,29.0
29,Kaitlyn Bristowe,10,30.0,3,Artem Chigvintsev,TV Personality,,Canada,35,1st Place,1,True,1,11,11,0,Johnny Weir; Skai Jackson,1,0,30.0
29,Monica Aldama,10,0.0,3,Valentin Chmerkovskiy,TV Personality,Alabama,United States,48,Eliminated Week 7,10,True,0,7,11,0,Johnny Weir; Skai Jackson,1,0,
29,Nelly,10,28.0,3,Daniella Karagach,Singer/Rapper,Texas,United States,45,3rd Place,3,True,1,11,11,0,Johnny Weir; Skai Jackson,1,0,28.0
29,Nev Schulman,10,30.0,3,Jenna Johnson,Producer,New York,United States,35,2nd Place,2,True,1,11,11,0,Johnny Weir; Skai Jackson,1,0,30.0
29,Skai Jackson,10,28.5,3,Alan Bersten,Actor/Actress,New York,United States,18,Eliminated Week 10,5,True,1,10,11,1,Johnny Weir; Skai Jackson,1,0,28.5
29,Veron Davis,10,0.0,3,Peta Murgatroyd,Athlete,Washington D.C.,United States,36,Eliminated Week 6,11,True,0,6,11,0,Johnny Weir; Skai Jackson,1,0,
29,AJ McLean,11,0.0,3,Cheryl Burke,Singer/Rapper,Florida,United States,42,Eliminated Week 9,7,True,0,9,11,0,,0,1,
29,Anne Heche,11,0.0,3,Keo Motsepe,Actor/Actress,Ohio,United States,51,Eliminated Week 4,13,True,0,4,11,0,,0,1,
29,Carole Baskin,11,0.0,3,Pasha Pashkov,TV Personality,Texas,United States,59,Eliminated Week 3,14,True,0,3,11,0,,0,1,
29,Charles Oakley,11,0.0,3,Emma Slater,Athlete,Ohio,United States,56,Eliminated Week 2,15,True,0,2,11,0,,0,1,
29,Chrishell Stause,11,0.0,3,Gleb Savchenko,Actor/Actress,Kentucky,United States,39,Eliminated Week 8,8,True,0,8,11,0,,0,1,
29,Jeannie Mai,11,0.0,3,Brandon Armstrong,TV Personality,California,United States,41,Withdrew,9,True,0,7,11,0,,0,1,
29,Jesse Metcalfe,11,0.0,3,Sharna Burgess,Actor/Actress,California,United States,41,Eliminated Week 5,12,True,0,5,11,0,,0,1,
29,Johnny Weir,11,0.0,3,Britt Stewart,Athlete,Pennsylvania,United States,36,Eliminated Week 10,6,True,0,10,11,0,,0,1,
29,Justina Machado,11,30.0,3,Sasha Farber,Actor/Actress,Illinois,United States,48,4th Place,4,True,1,11,11,0,,0,1,30.0
29,Kaitlyn Bristowe,11,30.0,3,Artem Chigvintsev,TV Personality,,Canada,35,1st Place,1,True,1,11,11,0,,0,1,30.0
29,Monica Aldama,11,0.0,3,Valentin Chmerkovskiy,TV Personality,Alabama,United States,48,Eliminated Week 7,10,True,0,7,11,0,,0,1,
29,Nelly,11,28.5,3,Daniella Karagach,Singer/Rapper,Texas,United States,45,3rd Place,3,True,1,11,11,0,,0,1,28.5
29,Nev Schulman,11,30.0,3,Jenna Johnson,Producer,New York,United States,35,2nd Place,2,True,1,11,11,0,,0,1,30.0
29,Skai Jackson,11,0.0,3,Alan Bersten,Actor/Actress,New York,United States,18,Eliminated Week 10,5,True,0,10,11,0,,0,1,
29,Veron Davis,11,0.0,3,Peta Murgatroyd,Athlete,Washington D.C.,United States,36,Eliminated Week 6,11,True,0,6,11,0,,0,1,
30,Amanda Kloots,1,28.0,4,Alan Bersten,TV Personality,Ohio,United States,39,4th Place,4,True,1,10,10,0,,0,1,28.0
30,Brian Austin Green,1,24.0,4,Sharna Burgess,Actor/Actress,California,United States,48,Eliminated Week 4,13,True,1,4,10,0,,0,1,24.0
30,Christine Chiu,1,25.0,4,Pasha Pashkov,TV Personality,,Taiwan China,38,Eliminated Week 3,14,True,1,3,10,0,,0,1,25.0
30,Cody Rigsby,1,24.0,4,Cheryl Burke,Fitness Instructor,California,United States,34,3rd Place,3,True,1,10,10,0,,0,1,24.0
30,Iman Shumpert,1,21.0,4,Daniella Karagach,Athlete,Illinois,United States,31,1st Place,1,True,1,10,10,0,,0,1,21.0
30,Jimmie Allen,1,22.0,4,Emma Slater,Singer/Rapper,Delaware,United States,36,Eliminated Week 8,7,True,1,8,10,0,,0,1,22.0
30,JoJo Siwa,1,29.0,4,Jenna Johnson,Social Media Personality,Nebraska,United States,18,2nd Place,2,True,1,10,10,0,,0,1,29.0
30,Kenya Moore,1,26.0,4,Brandon Armstrong,TV Personality,Michigan,United States,50,Eliminated Week 6,10,True,1,6,10,0,,0,1,26.0
30,Martin Kove,1,13.0,4,Britt Stewart,Actor/Actress,New York,United States,75,Eliminated Week 2,15,True,1,2,10,0,,0,1,13.0
30,Matt James,1,24.0,4,Lindsay Arnold,Athlete,North Carolina,United States,29,Eliminated Week 4,12,True,1,4,10,0,,0,1,24.0
30,Melanie C,1,27.0,4,Gleb Savchenko,Singer/Rapper,,England,47,Eliminated Week 5,11,True,1,5,10,0,,0,1,27.0
30,Melora Hardin,1,26.0,4,Artem Chigvintsev,Actor/Actress,Texas,United States,54,Eliminated Week 9,6,True,1,9,10,0,,0,1,26.0
30,"Mike ""The Miz"" Mizanin",1,24.0,4,Witney Carson,Athlete,Ohio,United States,40,Eliminated Week 7,9,True,1,7,10,0,,0,1,24.0
30,Olivia Jade,1,25.0,4,Valentin Chmerkovskiy,Social Media Personality,California,United States,21,Eliminated Week 8,8,True,1,8,10,0,,0,1,25.0
30,Suni Lee,1,28.0,4,Sasha Farber,Athlete,Minnesota,United States,18,Eliminated Week 9,5,True,1,9,10,0,,0,1,28.0
30,Amanda Kloots,2,32.0,4,Alan Bersten,TV Personality,Ohio,United States,39,4th Place,4,True,1,10,10,0,Martin Kove,1,0,32.0
30,Brian Austin Green,2,23.0,4,Sharna Burgess,Actor/Actress,California,United States,48,Eliminated Week 4,13,True,1,4,10,0,Martin Kove,1,0,23.0
30,Christine Chiu,2,24.0,4,Pasha Pashkov,TV Personality,,Taiwan China,38,Eliminated Week 3,14,True,1,3,10,0,Martin Kove,1,0,24.0
30,Cody Rigsby,2,24.0,4,Cheryl Burke,Fitness Instructor,California,United States,34,3rd Place,3,True,1,10,10,0,Martin Kove,1,0,24.0
30,Iman Shumpert,2,25.0,4,Daniella Karagach,Athlete,Illinois,United States,31,1st Place,1,True,1,10,10,0,Martin Kove,1,0,25.0
30,Jimmie Allen,2,27.0,4,Emma Slater,Singer/Rapper,Delaware,United States,36,Eliminated Week 8,7,True,1,8,10,0,Martin Kove,1,0,27.0
30,JoJo Siwa,2,31.0,4,Jenna Johnson,Social Media Personality,Nebraska,United States,18,2nd Place,2,True,1,10,10,0,Martin Kove,1,0,31.0
30,Kenya Moore,2,24.0,4,Brandon Armstrong,TV Personality,Michigan,United States,50,Eliminated Week 6,10,True,1,6,10,0,Martin Kove,1,0,24.0
30,Martin Kove,2,15.0,4,Britt Stewart,Actor/Actress,New York,United States,75,Eliminated Week 2,15,True,1,2,10,1,Martin Kove,1,0,15.0
30,Matt James,2,22.0,4,Lindsay Arnold,Athlete,North Carolina,United States,29,Eliminated Week 4,12,True,1,4,10,0,Martin Kove,1,0,22.0
30,Melanie C,2,30.0,4,Gleb Savchenko,Singer/Rapper,,England,47,Eliminated Week 5,11,True,1,5,10,0,Martin Kove,1,0,30.0
30,Melora Hardin,2,27.0,4,Artem Chigvintsev,Actor/Actress,Texas,United States,54,Eliminated Week 9,6,True,1,9,10,0,Martin Kove,1,0,27.0
30,"Mike ""The Miz"" Mizanin",2,26.0,4,Witney Carson,Athlete,Ohio,United States,40,Eliminated Week 7,9,True,1,7,10,0,Martin Kove,1,0,26.0
30,Olivia Jade,2,27.0,4,Valentin Chmerkovskiy,Social Media Personality,California,United States,21,Eliminated Week 8,8,True,1,8,10,0,Martin Kove,1,0,27.0
30,Suni Lee,2,28.0,4,Sasha Farber,Athlete,Minnesota,United States,18,Eliminated Week 9,5,True,1,9,10,0,Martin Kove,1,0,28.0
30,Amanda Kloots,3,24.0,3,Alan Bersten,TV Personality,Ohio,United States,39,4th Place,4,True,1,10,10,0,Christine Chiu,1,0,24.0
30,Brian Austin Green,3,19.0,3,Sharna Burgess,Actor/Actress,California,United States,48,Eliminated Week 4,13,True,1,4,10,0,Christine Chiu,1,0,19.0
30,Christine Chiu,3,21.0,3,Pasha Pashkov,TV Personality,,Taiwan China,38,Eliminated Week 3,14,True,1,3,10,1,Christine Chiu,1,0,21.0
30,Cody Rigsby,3,18.0,3,Cheryl Burke,Fitness Instructor,California,United States,34,3rd Place,3,True,1,10,10,0,Christine Chiu,1,0,18.0
30,Iman Shumpert,3,19.0,3,Daniella Karagach,Athlete,Illinois,United States,31,1st Place,1,True,1,10,10,0,Christine Chiu,1,0,19.0
30,Jimmie Allen,3,20.0,3,Emma Slater,Singer/Rapper,Delaware,United States,36,Eliminated Week 8,7,True,1,8,10,0,Christine Chiu,1,0,20.0
30,JoJo Siwa,3,24.0,3,Jenna Johnson,Social Media Personality,Nebraska,United States,18,2nd Place,2,True,1,10,10,0,Christine Chiu,1,0,24.0
30,Kenya Moore,3,21.0,3,Brandon Armstrong,TV Personality,Michigan,United States,50,Eliminated Week 6,10,True,1,6,10,0,Christine Chiu,1,0,21.0
30,Martin Kove,3,0.0,3,Britt Stewart,Actor/Actress,New York,United States,75,Eliminated Week 2,15,True,0,2,10,0,Christine Chiu,1,0,
30,Matt James,3,20.0,3,Lindsay Arnold,Athlete,North Carolina,United States,29,Eliminated Week 4,12,True,1,4,10,0,Christine Chiu,1,0,20.0
30,Melanie C,3,22.0,3,Gleb Savchenko,Singer/Rapper,,England,47,Eliminated Week 5,11,True,1,5,10,0,Christine Chiu,1,0,22.0
30,Melora Hardin,3,23.0,3,Artem Chigvintsev,Actor/Actress,Texas,United States,54,Eliminated Week 9,6,True,1,9,10,0,Christine Chiu,1,0,23.0
30,"Mike ""The Miz"" Mizanin",3,22.0,3,Witney Carson,Athlete,Ohio,United States,40,Eliminated Week 7,9,True,1,7,10,0,Christine Chiu,1,0,22.0
30,Olivia Jade,3,24.0,3,Valentin Chmerkovskiy,Social Media Personality,California,United States,21,Eliminated Week 8,8,True,1,8,10,0,Christine Chiu,1,0,24.0
30,Suni Lee,3,21.0,3,Sasha Farber,Athlete,Minnesota,United States,18,Eliminated Week 9,5,True,1,9,10,0,Christine Chiu,1,0,21.0
30,Amanda Kloots,4,34.0,4,Alan Bersten,TV Personality,Ohio,United States,39,4th Place,4,True,1,10,10,0,Brian Austin Green; Matt James,1,0,34.0
30,Brian Austin Green,4,26.0,4,Sharna Burgess,Actor/Actress,California,United States,48,Eliminated Week 4,13,True,1,4,10,1,Brian Austin Green; Matt James,1,0,26.0
30,Christine Chiu,4,0.0,4,Pasha Pashkov,TV Personality,,Taiwan China,38,Eliminated Week 3,14,True,0,3,10,0,Brian Austin Green; Matt James,1,0,
30,Cody Rigsby,4,29.0,4,Cheryl Burke,Fitness Instructor,California,United States,34,3rd Place,3,True,1,10,10,0,Brian Austin Green; Matt James,1,0,29.0
30,Iman Shumpert,4,31.5,4,Daniella Karagach,Athlete,Illinois,United States,31,1st Place,1,True,1,10,10,0,Brian Austin Green; Matt James,1,0,31.5
30,Jimmie Allen,4,32.5,4,Emma Slater,Singer/Rapper,Delaware,United States,36,Eliminated Week 8,7,True,1,8,10,0,Brian Austin Green; Matt James,1,0,32.5
30,JoJo Siwa,4,35.0,4,Jenna Johnson,Social Media Personality,Nebraska,United States,18,2nd Place,2,True,1,10,10,0,Brian Austin Green; Matt James,1,0,35.0
30,Kenya Moore,4,29.5,4,Brandon Armstrong,TV Personality,Michigan,United States,50,Eliminated Week 6,10,True,1,6,10,0,Brian Austin Green; Matt James,1,0,29.5
30,Martin Kove,4,0.0,4,Britt Stewart,Actor/Actress,New York,United States,75,Eliminated Week 2,15,True,0,2,10,0,Brian Austin Green; Matt James,1,0,
30,Matt James,4,28.5,4,Lindsay Arnold,Athlete,North Carolina,United States,29,Eliminated Week 4,12,True,1,4,10,1,Brian Austin Green; Matt James,1,0,28.5
30,Melanie C,4,33.0,4,Gleb Savchenko,Singer/Rapper,,England,47,Eliminated Week 5,11,True,1,5,10,0,Brian Austin Green; Matt James,1,0,33.0
30,Melora Hardin,4,36.5,4,Artem Chigvintsev,Actor/Actress,Texas,United States,54,Eliminated Week 9,6,True,1,9,10,0,Brian Austin Green; Matt James,1,0,36.5
30,"Mike ""The Miz"" Mizanin",4,32.5,4,Witney Carson,Athlete,Ohio,United States,40,Eliminated Week 7,9,True,1,7,10,0,Brian Austin Green; Matt James,1,0,32.5
30,Olivia Jade,4,35.0,4,Valentin Chmerkovskiy,Social Media Personality,California,United States,21,Eliminated Week 8,8,True,1,8,10,0,Brian Austin Green; Matt James,1,0,35.0
30,Suni Lee,4,34.0,4,Sasha Farber,Athlete,Minnesota,United States,18,Eliminated Week 9,5,True,1,9,10,0,Brian Austin Green; Matt James,1,0,34.0
30,Amanda Kloots,5,39.0,4,Alan Bersten,TV Personality,Ohio,United States,39,4th Place,4,True,1,10,10,0,Melanie C,1,0,39.0
30,Brian Austin Green,5,0.0,4,Sharna Burgess,Actor/Actress,California,United States,48,Eliminated Week 4,13,True,0,4,10,0,Melanie C,1,0,
30,Christine Chiu,5,0.0,4,Pasha Pashkov,TV Personality,,Taiwan China,38,Eliminated Week 3,14,True,0,3,10,0,Melanie C,1,0,
30,Cody Rigsby,5,32.0,4,Cheryl Burke,Fitness Instructor,California,United States,34,3rd Place,3,True,1,10,10,0,Melanie C,1,0,32.0
30,Iman Shumpert,5,28.0,4,Daniella Karagach,Athlete,Illinois,United States,31,1st Place,1,True,1,10,10,0,Melanie C,1,0,28.0
30,Jimmie Allen,5,34.0,4,Emma Slater,Singer/Rapper,Delaware,United States,36,Eliminated Week 8,7,True,1,8,10,0,Melanie C,1,0,34.0
30,JoJo Siwa,5,40.0,4,Jenna Johnson,Social Media Personality,Nebraska,United States,18,2nd Place,2,True,1,10,10,0,Melanie C,1,0,40.0
30,Kenya Moore,5,36.0,4,Brandon Armstrong,TV Personality,Michigan,United States,50,Eliminated Week 6,10,True,1,6,10,0,Melanie C,1,0,36.0
30,Martin Kove,5,0.0,4,Britt Stewart,Actor/Actress,New York,United States,75,Eliminated Week 2,15,True,0,2,10,0,Melanie C,1,0,
30,Matt James,5,0.0,4,Lindsay Arnold,Athlete,North Carolina,United States,29,Eliminated Week 4,12,True,0,4,10,0,Melanie C,1,0,
30,Melanie C,5,36.0,4,Gleb Savchenko,Singer/Rapper,,England,47,Eliminated Week 5,11,True,1,5,10,1,Melanie C,1,0,36.0
30,Melora Hardin,5,36.0,4,Artem Chigvintsev,Actor/Actress,Texas,United States,54,Eliminated Week 9,6,True,1,9,10,0,Melanie C,1,0,36.0
30,"Mike ""The Miz"" Mizanin",5,32.0,4,Witney Carson,Athlete,Ohio,United States,40,Eliminated Week 7,9,True,1,7,10,0,Melanie C,1,0,32.0
30,Olivia Jade,5,36.0,4,Valentin Chmerkovskiy,Social Media Personality,California,United States,21,Eliminated Week 8,8,True,1,8,10,0,Melanie C,1,0,36.0
30,Suni Lee,5,36.0,4,Sasha Farber,Athlete,Minnesota,United States,18,Eliminated Week 9,5,True,1,9,10,0,Melanie C,1,0,36.0
30,Amanda Kloots,6,38.0,4,Alan Bersten,TV Personality,Ohio,United States,39,4th Place,4,True,1,10,10,0,Kenya Moore,1,0,38.0
30,Brian Austin Green,6,0.0,4,Sharna Burgess,Actor/Actress,California,United States,48,Eliminated Week 4,13,True,0,4,10,0,Kenya Moore,1,0,
30,Christine Chiu,6,0.0,4,Pasha Pashkov,TV Personality,,Taiwan China,38,Eliminated Week 3,14,True,0,3,10,0,Kenya Moore,1,0,
30,Cody Rigsby,6,36.0,4,Cheryl Burke,Fitness Instructor,California,United States,34,3rd Place,3,True,1,10,10,0,Kenya Moore,1,0,36.0
30,Iman Shumpert,6,40.0,4,Daniella Karagach,Athlete,Illinois,United States,31,1st Place,1,True,1,10,10,0,Kenya Moore,1,0,40.0
30,Jimmie Allen,6,38.0,4,Emma Slater,Singer/Rapper,Delaware,United States,36,Eliminated Week 8,7,True,1,8,10,0,Kenya Moore,1,0,38.0
30,JoJo Siwa,6,40.0,4,Jenna Johnson,Social Media Personality,Nebraska,United States,18,2nd Place,2,True,1,10,10,0,Kenya Moore,1,0,40.0
30,Kenya Moore,6,32.0,4,Brandon Armstrong,TV Personality,Michigan,United States,50,Eliminated Week 6,10,True,1,6,10,1,Kenya Moore,1,0,32.0
30,Martin Kove,6,0.0,4,Britt Stewart,Actor/Actress,New York,United States,75,Eliminated Week 2,15,True,0,2,10,0,Kenya Moore,1,0,
30,Matt James,6,0.0,4,Lindsay Arnold,Athlete,North Carolina,United States,29,Eliminated Week 4,12,True,0,4,10,0,Kenya Moore,1,0,
30,Melanie C,6,0.0,4,Gleb Savchenko,Singer/Rapper,,England,47,Eliminated Week 5,11,True,0,5,10,0,Kenya Moore,1,0,
30,Melora Hardin,6,34.0,4,Artem Chigvintsev,Actor/Actress,Texas,United States,54,Eliminated Week 9,6,True,1,9,10,0,Kenya Moore,1,0,34.0
30,"Mike ""The Miz"" Mizanin",6,34.0,4,Witney Carson,Athlete,Ohio,United States,40,Eliminated Week 7,9,True,1,7,10,0,Kenya Moore,1,0,34.0
30,Olivia Jade,6,36.0,4,Valentin Chmerkovskiy,Social Media Personality,California,United States,21,Eliminated Week 8,8,True,1,8,10,0,Kenya Moore,1,0,36.0
30,Suni Lee,6,36.0,4,Sasha Farber,Athlete,Minnesota,United States,18,Eliminated Week 9,5,True,1,9,10,0,Kenya Moore,1,0,36.0
30,Amanda Kloots,7,34.0,4,Alan Bersten,TV Personality,Ohio,United States,39,4th Place,4,True,1,10,10,0,"Mike ""The Miz"" Mizanin",1,0,34.0
30,Brian Austin Green,7,0.0,4,Sharna Burgess,Actor/Actress,California,United States,48,Eliminated Week 4,13,True,0,4,10,0,"Mike ""The Miz"" Mizanin",1,0,
30,Christine Chiu,7,0.0,4,Pasha Pashkov,TV Personality,,Taiwan China,38,Eliminated Week 3,14,True,0,3,10,0,"Mike ""The Miz"" Mizanin",1,0,
30,Cody Rigsby,7,36.0,4,Cheryl Burke,Fitness Instructor,California,United States,34,3rd Place,3,True,1,10,10,0,"Mike ""The Miz"" Mizanin",1,0,36.0
30,Iman Shumpert,7,34.0,4,Daniella Karagach,Athlete,Illinois,United States,31,1st Place,1,True,1,10,10,0,"Mike ""The Miz"" Mizanin",1,0,34.0
30,Jimmie Allen,7,38.0,4,Emma Slater,Singer/Rapper,Delaware,United States,36,Eliminated Week 8,7,True,1,8,10,0,"Mike ""The Miz"" Mizanin",1,0,38.0
30,JoJo Siwa,7,39.0,4,Jenna Johnson,Social Media Personality,Nebraska,United States,18,2nd Place,2,True,1,10,10,0,"Mike ""The Miz"" Mizanin",1,0,39.0
30,Kenya Moore,7,0.0,4,Brandon Armstrong,TV Personality,Michigan,United States,50,Eliminated Week 6,10,True,0,6,10,0,"Mike ""The Miz"" Mizanin",1,0,
30,Martin Kove,7,0.0,4,Britt Stewart,Actor/Actress,New York,United States,75,Eliminated Week 2,15,True,0,2,10,0,"Mike ""The Miz"" Mizanin",1,0,
30,Matt James,7,0.0,4,Lindsay Arnold,Athlete,North Carolina,United States,29,Eliminated Week 4,12,True,0,4,10,0,"Mike ""The Miz"" Mizanin",1,0,
30,Melanie C,7,0.0,4,Gleb Savchenko,Singer/Rapper,,England,47,Eliminated Week 5,11,True,0,5,10,0,"Mike ""The Miz"" Mizanin",1,0,
30,Melora Hardin,7,38.0,4,Artem Chigvintsev,Actor/Actress,Texas,United States,54,Eliminated Week 9,6,True,1,9,10,0,"Mike ""The Miz"" Mizanin",1,0,38.0
30,"Mike ""The Miz"" Mizanin",7,32.0,4,Witney Carson,Athlete,Ohio,United States,40,Eliminated Week 7,9,True,1,7,10,1,"Mike ""The Miz"" Mizanin",1,0,32.0
30,Olivia Jade,7,42.0,4,Valentin Chmerkovskiy,Social Media Personality,California,United States,21,Eliminated Week 8,8,True,1,8,10,0,"Mike ""The Miz"" Mizanin",1,0,42.0
30,Suni Lee,7,34.0,4,Sasha Farber,Athlete,Minnesota,United States,18,Eliminated Week 9,5,True,1,9,10,0,"Mike ""The Miz"" Mizanin",1,0,34.0
30,Amanda Kloots,8,42.0,4,Alan Bersten,TV Personality,Ohio,United States,39,4th Place,4,True,1,10,10,0,Jimmie Allen; Olivia Jade,1,0,42.0
30,Brian Austin Green,8,0.0,4,Sharna Burgess,Actor/Actress,California,United States,48,Eliminated Week 4,13,True,0,4,10,0,Jimmie Allen; Olivia Jade,1,0,
30,Christine Chiu,8,0.0,4,Pasha Pashkov,TV Personality,,Taiwan China,38,Eliminated Week 3,14,True,0,3,10,0,Jimmie Allen; Olivia Jade,1,0,
30,Cody Rigsby,8,38.0,4,Cheryl Burke,Fitness Instructor,California,United States,34,3rd Place,3,True,1,10,10,0,Jimmie Allen; Olivia Jade,1,0,38.0
30,Iman Shumpert,8,35.0,4,Daniella Karagach,Athlete,Illinois,United States,31,1st Place,1,True,1,10,10,0,Jimmie Allen; Olivia Jade,1,0,35.0
30,Jimmie Allen,8,32.0,4,Emma Slater,Singer/Rapper,Delaware,United States,36,Eliminated Week 8,7,True,1,8,10,1,Jimmie Allen; Olivia Jade,1,0,32.0
30,JoJo Siwa,8,41.0,4,Jenna Johnson,Social Media Personality,Nebraska,United States,18,2nd Place,2,True,1,10,10,0,Jimmie Allen; Olivia Jade,1,0,41.0
30,Kenya Moore,8,0.0,4,Brandon Armstrong,TV Personality,Michigan,United States,50,Eliminated Week 6,10,True,0,6,10,0,Jimmie Allen; Olivia Jade,1,0,
30,Martin Kove,8,0.0,4,Britt Stewart,Actor/Actress,New York,United States,75,Eliminated Week 2,15,True,0,2,10,0,Jimmie Allen; Olivia Jade,1,0,
30,Matt James,8,0.0,4,Lindsay Arnold,Athlete,North Carolina,United States,29,Eliminated Week 4,12,True,0,4,10,0,Jimmie Allen; Olivia Jade,1,0,
30,Melanie C,8,0.0,4,Gleb Savchenko,Singer/Rapper,,England,47,Eliminated Week 5,11,True,0,5,10,0,Jimmie Allen; Olivia Jade,1,0,
30,Melora Hardin,8,42.0,4,Artem Chigvintsev,Actor/Actress,Texas,United States,54,Eliminated Week 9,6,True,1,9,10,0,Jimmie Allen; Olivia Jade,1,0,42.0
30,"Mike ""The Miz"" Mizanin",8,0.0,4,Witney Carson,Athlete,Ohio,United States,40,Eliminated Week 7,9,True,0,7,10,0,Jimmie Allen; Olivia Jade,1,0,
30,Olivia Jade,8,36.0,4,Valentin Chmerkovskiy,Social Media Personality,California,United States,21,Eliminated Week 8,8,True,1,8,10,1,Jimmie Allen; Olivia Jade,1,0,36.0
30,Suni Lee,8,42.0,4,Sasha Farber,Athlete,Minnesota,United States,18,Eliminated Week 9,5,True,1,9,10,0,Jimmie Allen; Olivia Jade,1,0,42.0
30,Amanda Kloots,9,39.5,4,Alan Bersten,TV Personality,Ohio,United States,39,4th Place,4,True,1,10,10,0,Melora Hardin; Suni Lee,1,0,39.5
30,Brian Austin Green,9,0.0,4,Sharna Burgess,Actor/Actress,California,United States,48,Eliminated Week 4,13,True,0,4,10,0,Melora Hardin; Suni Lee,1,0,
30,Christine Chiu,9,0.0,4,Pasha Pashkov,TV Personality,,Taiwan China,38,Eliminated Week 3,14,True,0,3,10,0,Melora Hardin; Suni Lee,1,0,
30,Cody Rigsby,9,35.5,4,Cheryl Burke,Fitness Instructor,California,United States,34,3rd Place,3,True,1,10,10,0,Melora Hardin; Suni Lee,1,0,35.5
30,Iman Shumpert,9,37.5,4,Daniella Karagach,Athlete,Illinois,United States,31,1st Place,1,True,1,10,10,0,Melora Hardin; Suni Lee,1,0,37.5
30,Jimmie Allen,9,0.0,4,Emma Slater,Singer/Rapper,Delaware,United States,36,Eliminated Week 8,7,True,0,8,10,0,Melora Hardin; Suni Lee,1,0,
30,JoJo Siwa,9,40.0,4,Jenna Johnson,Social Media Personality,Nebraska,United States,18,2nd Place,2,True,1,10,10,0,Melora Hardin; Suni Lee,1,0,40.0
30,Kenya Moore,9,0.0,4,Brandon Armstrong,TV Personality,Michigan,United States,50,Eliminated Week 6,10,True,0,6,10,0,Melora Hardin; Suni Lee,1,0,
30,Martin Kove,9,0.0,4,Britt Stewart,Actor/Actress,New York,United States,75,Eliminated Week 2,15,True,0,2,10,0,Melora Hardin; Suni Lee,1,0,
30,Matt James,9,0.0,4,Lindsay Arnold,Athlete,North Carolina,United States,29,Eliminated Week 4,12,True,0,4,10,0,Melora Hardin; Suni Lee,1,0,
30,Melanie C,9,0.0,4,Gleb Savchenko,Singer/Rapper,,England,47,Eliminated Week 5,11,True,0,5,10,0,Melora Hardin; Suni Lee,1,0,
30,Melora Hardin,9,36.0,4,Artem Chigvintsev,Actor/Actress,Texas,United States,54,Eliminated Week 9,6,True,1,9,10,1,Melora Hardin; Suni Lee,1,0,36.0
30,"Mike ""The Miz"" Mizanin",9,0.0,4,Witney Carson,Athlete,Ohio,United States,40,Eliminated Week 7,9,True,0,7,10,0,Melora Hardin; Suni Lee,1,0,
30,Olivia Jade,9,0.0,4,Valentin Chmerkovskiy,Social Media Personality,California,United States,21,Eliminated Week 8,8,True,0,8,10,0,Melora Hardin; Suni Lee,1,0,
30,Suni Lee,9,37.5,4,Sasha Farber,Athlete,Minnesota,United States,18,Eliminated Week 9,5,True,1,9,10,1,Melora Hardin; Suni Lee,1,0,37.5
30,Amanda Kloots,10,39.0,4,Alan Bersten,TV Personality,Ohio,United States,39,4th Place,4,True,1,10,10,0,,0,1,39.0
30,Brian Austin Green,10,0.0,4,Sharna Burgess,Actor/Actress,California,United States,48,Eliminated Week 4,13,True,0,4,10,0,,0,1,
30,Christine Chiu,10,0.0,4,Pasha Pashkov,TV Personality,,Taiwan China,38,Eliminated Week 3,14,True,0,3,10,0,,0,1,
30,Cody Rigsby,10,38.0,4,Cheryl Burke,Fitness Instructor,California,United States,34,3rd Place,3,True,1,10,10,0,,0,1,38.0
30,Iman Shumpert,10,40.0,4,Daniella Karagach,Athlete,Illinois,United States,31,1st Place,1,True,1,10,10,0,,0,1,40.0
30,Jimmie Allen,10,0.0,4,Emma Slater,Singer/Rapper,Delaware,United States,36,Eliminated Week 8,7,True,0,8,10,0,,0,1,
30,JoJo Siwa,10,40.0,4,Jenna Johnson,Social Media Personality,Nebraska,United States,18,2nd Place,2,True,1,10,10,0,,0,1,40.0
30,Kenya Moore,10,0.0,4,Brandon Armstrong,TV Personality,Michigan,United States,50,Eliminated Week 6,10,True,0,6,10,0,,0,1,
30,Martin Kove,10,0.0,4,Britt Stewart,Actor/Actress,New York,United States,75,Eliminated Week 2,15,True,0,2,10,0,,0,1,
30,Matt James,10,0.0,4,Lindsay Arnold,Athlete,North Carolina,United States,29,Eliminated Week 4,12,True,0,4,10,0,,0,1,
30,Melanie C,10,0.0,4,Gleb Savchenko,Singer/Rapper,,England,47,Eliminated Week 5,11,True,0,5,10,0,,0,1,
30,Melora Hardin,10,0.0,4,Artem Chigvintsev,Actor/Actress,Texas,United States,54,Eliminated Week 9,6,True,0,9,10,0,,0,1,
30,"Mike ""The Miz"" Mizanin",10,0.0,4,Witney Carson,Athlete,Ohio,United States,40,Eliminated Week 7,9,True,0,7,10,0,,0,1,
30,Olivia Jade,10,0.0,4,Valentin Chmerkovskiy,Social Media Personality,California,United States,21,Eliminated Week 8,8,True,0,8,10,0,,0,1,
30,Suni Lee,10,0.0,4,Sasha Farber,Athlete,Minnesota,United States,18,Eliminated Week 9,5,True,0,9,10,0,,0,1,
30,Amanda Kloots,11,,0,Alan Bersten,TV Personality,Ohio,United States,39,4th Place,4,False,0,10,10,0,,0,0,
30,Brian Austin Green,11,,0,Sharna Burgess,Actor/Actress,California,United States,48,Eliminated Week 4,13,False,0,4,10,0,,0,0,
30,Christine Chiu,11,,0,Pasha Pashkov,TV Personality,,Taiwan China,38,Eliminated Week 3,14,False,0,3,10,0,,0,0,
30,Cody Rigsby,11,,0,Cheryl Burke,Fitness Instructor,California,United States,34,3rd Place,3,False,0,10,10,0,,0,0,
30,Iman Shumpert,11,,0,Daniella Karagach,Athlete,Illinois,United States,31,1st Place,1,False,0,10,10,0,,0,0,
30,Jimmie Allen,11,,0,Emma Slater,Singer/Rapper,Delaware,United States,36,Eliminated Week 8,7,False,0,8,10,0,,0,0,
30,JoJo Siwa,11,,0,Jenna Johnson,Social Media Personality,Nebraska,United States,18,2nd Place,2,False,0,10,10,0,,0,0,
30,Kenya Moore,11,,0,Brandon Armstrong,TV Personality,Michigan,United States,50,Eliminated Week 6,10,False,0,6,10,0,,0,0,
30,Martin Kove,11,,0,Britt Stewart,Actor/Actress,New York,United States,75,Eliminated Week 2,15,False,0,2,10,0,,0,0,
30,Matt James,11,,0,Lindsay Arnold,Athlete,North Carolina,United States,29,Eliminated Week 4,12,False,0,4,10,0,,0,0,
30,Melanie C,11,,0,Gleb Savchenko,Singer/Rapper,,England,47,Eliminated Week 5,11,False,0,5,10,0,,0,0,
30,Melora Hardin,11,,0,Artem Chigvintsev,Actor/Actress,Texas,United States,54,Eliminated Week 9,6,False,0,9,10,0,,0,0,
30,"Mike ""The Miz"" Mizanin",11,,0,Witney Carson,Athlete,Ohio,United States,40,Eliminated Week 7,9,False,0,7,10,0,,0,0,
30,Olivia Jade,11,,0,Valentin Chmerkovskiy,Social Media Personality,California,United States,21,Eliminated Week 8,8,False,0,8,10,0,,0,0,
30,Suni Lee,11,,0,Sasha Farber,Athlete,Minnesota,United States,18,Eliminated Week 9,5,False,0,9,10,0,,0,0,
31,Charli D'Amelio,1,32.0,4,Mark Ballas,Social Media Personality,Connecticut,United States,18,1st Place,1,True,1,10,10,0,Jason Lewis,1,0,32.0
31,Cheryl Ladd,1,21.0,4,Louis van Amstel,Actor/Actress,South Dakota,United States,71,Eliminated Week 3,14,True,1,3,10,0,Jason Lewis,1,0,21.0
31,Daniel Durant,1,27.0,4,Britt Stewart,Actor/Actress,Michigan,United States,32,Eliminated Week 9,5,True,1,9,10,0,Jason Lewis,1,0,27.0
31,Gabby Windey,1,28.0,4,Valentin Chmerkovskiy,TV Personality,Illinois,United States,31,2nd Place,2,True,1,10,10,0,Jason Lewis,1,0,28.0
31,Heidi D'Amelio,1,24.0,4,Artem Chigvintsev,Social Media Personality,Louisiana,United States,50,Eliminated Week 8,8,True,1,8,10,0,Jason Lewis,1,0,24.0
31,Jason Lewis,1,18.0,4,Peta Murgatroyd,Actor/Actress,California,United States,51,Eliminated Week 1,16,True,1,1,10,1,Jason Lewis,1,0,18.0
31,Jessie James Decker,1,20.0,4,Alan Bersten,Singer/Rapper,,Italy,34,Eliminated Week 6,10,True,1,6,10,0,Jason Lewis,1,0,20.0
31,Jordin Sparks,1,26.0,4,Brandon Armstrong,Singer/Rapper,Arizona,United States,32,Eliminated Week 7,9,True,1,7,10,0,Jason Lewis,1,0,26.0
31,Joseph Baena,1,23.0,4,Daniella Karagach,Actor/Actress,California,United States,24,Eliminated Week 5,11,True,1,5,10,0,Jason Lewis,1,0,23.0
31,Sam Champion,1,20.0,4,Cheryl Burke,News Anchor,Kentucky,United States,61,Eliminated Week 4,13,True,1,4,10,0,Jason Lewis,1,0,20.0
31,Selma Blair,1,28.0,4,Sasha Farber,Actor/Actress,Michigan,United States,50,Withdrew,12,True,1,5,10,0,Jason Lewis,1,0,28.0
31,Shangela,1,28.0,4,Gleb Savchenko,TV Personality,Texas,United States,40,4th Place,4,True,1,10,10,0,Jason Lewis,1,0,28.0
31,Teresa Giudice,1,20.0,4,Pasha Pashkov,TV Personality,New Jersey,United States,50,Eliminated Week 2,15,True,1,2,10,0,Jason Lewis,1,0,20.0
31,Trevor Donovan,1,21.0,4,Emma Slater,Actor/Actress,California,United States,39,Eliminated Week 9,6,True,1,9,10,0,Jason Lewis,1,0,21.0
31,Vinny Guadagnino,1,17.0,4,Koko Iwasaki,TV Personality,New York,United States,34,Eliminated Week 8,7,True,1,8,10,0,Jason Lewis,1,0,17.0
31,Wayne Brady,1,29.0,4,Witney Carson,Comedian,Georgia,United States,50,3rd Place,3,True,1,10,10,0,Jason Lewis,1,0,29.0
31,Charli D'Amelio,2,32.0,4,Mark Ballas,Social Media Personality,Connecticut,United States,18,1st Place,1,True,1,10,10,0,Teresa Giudice,1,0,32.0
31,Cheryl Ladd,2,21.0,4,Louis van Amstel,Actor/Actress,South Dakota,United States,71,Eliminated Week 3,14,True,1,3,10,0,Teresa Giudice,1,0,21.0
31,Daniel Durant,2,29.0,4,Britt Stewart,Actor/Actress,Michigan,United States,32,Eliminated Week 9,5,True,1,9,10,0,Teresa Giudice,1,0,29.0
31,Gabby Windey,2,32.0,4,Valentin Chmerkovskiy,TV Personality,Illinois,United States,31,2nd Place,2,True,1,10,10,0,Teresa Giudice,1,0,32.0
31,Heidi D'Amelio,2,28.0,4,Artem Chigvintsev,Social Media Personality,Louisiana,United States,50,Eliminated Week 8,8,True,1,8,10,0,Teresa Giudice,1,0,28.0
31,Jason Lewis,2,0.0,4,Peta Murgatroyd,Actor/Actress,California,United States,51,Eliminated Week 1,16,True,0,1,10,0,Teresa Giudice,1,0,
31,Jessie James Decker,2,25.0,4,Alan Bersten,Singer/Rapper,,Italy,34,Eliminated Week 6,10,True,1,6,10,0,Teresa Giudice,1,0,25.0
31,Jordin Sparks,2,27.0,4,Brandon Armstrong,Singer/Rapper,Arizona,United States,32,Eliminated Week 7,9,True,1,7,10,0,Teresa Giudice,1,0,27.0
31,Joseph Baena,2,24.0,4,Daniella Karagach,Actor/Actress,California,United States,24,Eliminated Week 5,11,True,1,5,10,0,Teresa Giudice,1,0,24.0
31,Sam Champion,2,26.0,4,Cheryl Burke,News Anchor,Kentucky,United States,61,Eliminated Week 4,13,True,1,4,10,0,Teresa Giudice,1,0,26.0
31,Selma Blair,2,28.0,4,Sasha Farber,Actor/Actress,Michigan,United States,50,Withdrew,12,True,1,5,10,0,Teresa Giudice,1,0,28.0
31,Shangela,2,28.0,4,Gleb Savchenko,TV Personality,Texas,United States,40,4th Place,4,True,1,10,10,0,Teresa Giudice,1,0,28.0
31,Teresa Giudice,2,23.0,4,Pasha Pashkov,TV Personality,New Jersey,United States,50,Eliminated Week 2,15,True,1,2,10,1,Teresa Giudice,1,0,23.0
31,Trevor Donovan,2,30.0,4,Emma Slater,Actor/Actress,California,United States,39,Eliminated Week 9,6,True,1,9,10,0,Teresa Giudice,1,0,30.0
31,Vinny Guadagnino,2,27.0,4,Koko Iwasaki,TV Personality,New York,United States,34,Eliminated Week 8,7,True,1,8,10,0,Teresa Giudice,1,0,27.0
31,Wayne Brady,2,32.0,4,Witney Carson,Comedian,Georgia,United States,50,3rd Place,3,True,1,10,10,0,Teresa Giudice,1,0,32.0
31,Charli D'Amelio,3,33.0,4,Mark Ballas,Social Media Personality,Connecticut,United States,18,1st Place,1,True,1,10,10,0,Cheryl Ladd,1,0,33.0
31,Cheryl Ladd,3,24.0,4,Louis van Amstel,Actor/Actress,South Dakota,United States,71,Eliminated Week 3,14,True,1,3,10,1,Cheryl Ladd,1,0,24.0
31,Daniel Durant,3,31.0,4,Britt Stewart,Actor/Actress,Michigan,United States,32,Eliminated Week 9,5,True,1,9,10,0,Cheryl Ladd,1,0,31.0
31,Gabby Windey,3,33.0,4,Valentin Chmerkovskiy,TV Personality,Illinois,United States,31,2nd Place,2,True,1,10,10,0,Cheryl Ladd,1,0,33.0
31,Heidi D'Amelio,3,32.0,4,Artem Chigvintsev,Social Media Personality,Louisiana,United States,50,Eliminated Week 8,8,True,1,8,10,0,Cheryl Ladd,1,0,32.0
31,Jason Lewis,3,0.0,4,Peta Murgatroyd,Actor/Actress,California,United States,51,Eliminated Week 1,16,True,0,1,10,0,Cheryl Ladd,1,0,
31,Jessie James Decker,3,26.0,4,Alan Bersten,Singer/Rapper,,Italy,34,Eliminated Week 6,10,True,1,6,10,0,Cheryl Ladd,1,0,26.0
31,Jordin Sparks,3,29.0,4,Brandon Armstrong,Singer/Rapper,Arizona,United States,32,Eliminated Week 7,9,True,1,7,10,0,Cheryl Ladd,1,0,29.0
31,Joseph Baena,3,29.0,4,Daniella Karagach,Actor/Actress,California,United States,24,Eliminated Week 5,11,True,1,5,10,0,Cheryl Ladd,1,0,29.0
31,Sam Champion,3,25.0,4,Cheryl Burke,News Anchor,Kentucky,United States,61,Eliminated Week 4,13,True,1,4,10,0,Cheryl Ladd,1,0,25.0
31,Selma Blair,3,28.0,4,Sasha Farber,Actor/Actress,Michigan,United States,50,Withdrew,12,True,1,5,10,0,Cheryl Ladd,1,0,28.0
31,Shangela,3,30.0,4,Gleb Savchenko,TV Personality,Texas,United States,40,4th Place,4,True,1,10,10,0,Cheryl Ladd,1,0,30.0
31,Teresa Giudice,3,0.0,4,Pasha Pashkov,TV Personality,New Jersey,United States,50,Eliminated Week 2,15,True,0,2,10,0,Cheryl Ladd,1,0,
31,Trevor Donovan,3,27.0,4,Emma Slater,Actor/Actress,California,United States,39,Eliminated Week 9,6,True,1,9,10,0,Cheryl Ladd,1,0,27.0
31,Vinny Guadagnino,3,23.0,4,Koko Iwasaki,TV Personality,New York,United States,34,Eliminated Week 8,7,True,1,8,10,0,Cheryl Ladd,1,0,23.0
31,Wayne Brady,3,33.0,4,Witney Carson,Comedian,Georgia,United States,50,3rd Place,3,True,1,10,10,0,Cheryl Ladd,1,0,33.0
31,Charli D'Amelio,4,36.0,4,Mark Ballas,Social Media Personality,Connecticut,United States,18,1st Place,1,True,1,10,10,0,Sam Champion,1,0,36.0
31,Cheryl Ladd,4,0.0,4,Louis van Amstel,Actor/Actress,South Dakota,United States,71,Eliminated Week 3,14,True,0,3,10,0,Sam Champion,1,0,
31,Daniel Durant,4,29.0,4,Britt Stewart,Actor/Actress,Michigan,United States,32,Eliminated Week 9,5,True,1,9,10,0,Sam Champion,1,0,29.0
31,Gabby Windey,4,36.0,4,Valentin Chmerkovskiy,TV Personality,Illinois,United States,31,2nd Place,2,True,1,10,10,0,Sam Champion,1,0,36.0
31,Heidi D'Amelio,4,34.0,4,Artem Chigvintsev,Social Media Personality,Louisiana,United States,50,Eliminated Week 8,8,True,1,8,10,0,Sam Champion,1,0,34.0
31,Jason Lewis,4,0.0,4,Peta Murgatroyd,Actor/Actress,California,United States,51,Eliminated Week 1,16,True,0,1,10,0,Sam Champion,1,0,
31,Jessie James Decker,4,31.0,4,Alan Bersten,Singer/Rapper,,Italy,34,Eliminated Week 6,10,True,1,6,10,0,Sam Champion,1,0,31.0
31,Jordin Sparks,4,34.0,4,Brandon Armstrong,Singer/Rapper,Arizona,United States,32,Eliminated Week 7,9,True,1,7,10,0,Sam Champion,1,0,34.0
31,Joseph Baena,4,28.0,4,Daniella Karagach,Actor/Actress,California,United States,24,Eliminated Week 5,11,True,1,5,10,0,Sam Champion,1,0,28.0
31,Sam Champion,4,25.0,4,Cheryl Burke,News Anchor,Kentucky,United States,61,Eliminated Week 4,13,True,1,4,10,1,Sam Champion,1,0,25.0
31,Selma Blair,4,32.0,4,Sasha Farber,Actor/Actress,Michigan,United States,50,Withdrew,12,True,1,5,10,0,Sam Champion,1,0,32.0
31,Shangela,4,32.0,4,Gleb Savchenko,TV Personality,Texas,United States,40,4th Place,4,True,1,10,10,0,Sam Champion,1,0,32.0
31,Teresa Giudice,4,0.0,4,Pasha Pashkov,TV Personality,New Jersey,United States,50,Eliminated Week 2,15,True,0,2,10,0,Sam Champion,1,0,
31,Trevor Donovan,4,28.0,4,Emma Slater,Actor/Actress,California,United States,39,Eliminated Week 9,6,True,1,9,10,0,Sam Champion,1,0,28.0
31,Vinny Guadagnino,4,29.0,4,Koko Iwasaki,TV Personality,New York,United States,34,Eliminated Week 8,7,True,1,8,10,0,Sam Champion,1,0,29.0
31,Wayne Brady,4,36.0,4,Witney Carson,Comedian,Georgia,United States,50,3rd Place,3,True,1,10,10,0,Sam Champion,1,0,36.0
31,Charli D'Amelio,5,42.0,4,Mark Ballas,Social Media Personality,Connecticut,United States,18,1st Place,1,True,1,10,10,0,Joseph Baena; Selma Blair,1,0,42.0
31,Cheryl Ladd,5,0.0,4,Louis van Amstel,Actor/Actress,South Dakota,United States,71,Eliminated Week 3,14,True,0,3,10,0,Joseph Baena; Selma Blair,1,0,
31,Daniel Durant,5,33.5,4,Britt Stewart,Actor/Actress,Michigan,United States,32,Eliminated Week 9,5,True,1,9,10,0,Joseph Baena; Selma Blair,1,0,33.5
31,Gabby Windey,5,41.0,4,Valentin Chmerkovskiy,TV Personality,Illinois,United States,31,2nd Place,2,True,1,10,10,0,Joseph Baena; Selma Blair,1,0,41.0
31,Heidi D'Amelio,5,39.0,4,Artem Chigvintsev,Social Media Personality,Louisiana,United States,50,Eliminated Week 8,8,True,1,8,10,0,Joseph Baena; Selma Blair,1,0,39.0
31,Jason Lewis,5,0.0,4,Peta Murgatroyd,Actor/Actress,California,United States,51,Eliminated Week 1,16,True,0,1,10,0,Joseph Baena; Selma Blair,1,0,
31,Jessie James Decker,5,36.0,4,Alan Bersten,Singer/Rapper,,Italy,34,Eliminated Week 6,10,True,1,6,10,0,Joseph Baena; Selma Blair,1,0,36.0
31,Jordin Sparks,5,35.5,4,Brandon Armstrong,Singer/Rapper,Arizona,United States,32,Eliminated Week 7,9,True,1,7,10,0,Joseph Baena; Selma Blair,1,0,35.5
31,Joseph Baena,5,35.0,4,Daniella Karagach,Actor/Actress,California,United States,24,Eliminated Week 5,11,True,1,5,10,1,Joseph Baena; Selma Blair,1,0,35.0
31,Sam Champion,5,0.0,4,Cheryl Burke,News Anchor,Kentucky,United States,61,Eliminated Week 4,13,True,0,4,10,0,Joseph Baena; Selma Blair,1,0,
31,Selma Blair,5,40.0,4,Sasha Farber,Actor/Actress,Michigan,United States,50,Withdrew,12,True,1,5,10,1,Joseph Baena; Selma Blair,1,0,40.0
31,Shangela,5,38.5,4,Gleb Savchenko,TV Personality,Texas,United States,40,4th Place,4,True,1,10,10,0,Joseph Baena; Selma Blair,1,0,38.5
31,Teresa Giudice,5,0.0,4,Pasha Pashkov,TV Personality,New Jersey,United States,50,Eliminated Week 2,15,True,0,2,10,0,Joseph Baena; Selma Blair,1,0,
31,Trevor Donovan,5,36.0,4,Emma Slater,Actor/Actress,California,United States,39,Eliminated Week 9,6,True,1,9,10,0,Joseph Baena; Selma Blair,1,0,36.0
31,Vinny Guadagnino,5,31.0,4,Koko Iwasaki,TV Personality,New York,United States,34,Eliminated Week 8,7,True,1,8,10,0,Joseph Baena; Selma Blair,1,0,31.0
31,Wayne Brady,5,41.0,4,Witney Carson,Comedian,Georgia,United States,50,3rd Place,3,True,1,10,10,0,Joseph Baena; Selma Blair,1,0,41.0
31,Charli D'Amelio,6,40.0,4,Mark Ballas,Social Media Personality,Connecticut,United States,18,1st Place,1,True,1,10,10,0,Jessie James Decker,1,0,40.0
31,Cheryl Ladd,6,0.0,4,Louis van Amstel,Actor/Actress,South Dakota,United States,71,Eliminated Week 3,14,True,0,3,10,0,Jessie James Decker,1,0,
31,Daniel Durant,6,34.0,4,Britt Stewart,Actor/Actress,Michigan,United States,32,Eliminated Week 9,5,True,1,9,10,0,Jessie James Decker,1,0,34.0
31,Gabby Windey,6,37.0,4,Valentin Chmerkovskiy,TV Personality,Illinois,United States,31,2nd Place,2,True,1,10,10,0,Jessie James Decker,1,0,37.0
31,Heidi D'Amelio,6,36.0,4,Artem Chigvintsev,Social Media Personality,Louisiana,United States,50,Eliminated Week 8,8,True,1,8,10,0,Jessie James Decker,1,0,36.0
31,Jason Lewis,6,0.0,4,Peta Murgatroyd,Actor/Actress,California,United States,51,Eliminated Week 1,16,True,0,1,10,0,Jessie James Decker,1,0,
31,Jessie James Decker,6,32.0,4,Alan Bersten,Singer/Rapper,,Italy,34,Eliminated Week 6,10,True,1,6,10,1,Jessie James Decker,1,0,32.0
31,Jordin Sparks,6,34.0,4,Brandon Armstrong,Singer/Rapper,Arizona,United States,32,Eliminated Week 7,9,True,1,7,10,0,Jessie James Decker,1,0,34.0
31,Joseph Baena,6,0.0,4,Daniella Karagach,Actor/Actress,California,United States,24,Eliminated Week 5,11,True,0,5,10,0,Jessie James Decker,1,0,
31,Sam Champion,6,0.0,4,Cheryl Burke,News Anchor,Kentucky,United States,61,Eliminated Week 4,13,True,0,4,10,0,Jessie James Decker,1,0,
31,Selma Blair,6,0.0,4,Sasha Farber,Actor/Actress,Michigan,United States,50,Withdrew,12,True,0,5,10,0,Jessie James Decker,1,0,
31,Shangela,6,36.0,4,Gleb Savchenko,TV Personality,Texas,United States,40,4th Place,4,True,1,10,10,0,Jessie James Decker,1,0,36.0
31,Teresa Giudice,6,0.0,4,Pasha Pashkov,TV Personality,New Jersey,United States,50,Eliminated Week 2,15,True,0,2,10,0,Jessie James Decker,1,0,
31,Trevor Donovan,6,34.0,4,Emma Slater,Actor/Actress,California,United States,39,Eliminated Week 9,6,True,1,9,10,0,Jessie James Decker,1,0,34.0
31,Vinny Guadagnino,6,28.0,4,Koko Iwasaki,TV Personality,New York,United States,34,Eliminated Week 8,7,True,1,8,10,0,Jessie James Decker,1,0,28.0
31,Wayne Brady,6,34.0,4,Witney Carson,Comedian,Georgia,United States,50,3rd Place,3,True,1,10,10,0,Jessie James Decker,1,0,34.0
31,Charli D'Amelio,7,39.0,4,Mark Ballas,Social Media Personality,Connecticut,United States,18,1st Place,1,True,1,10,10,0,Jordin Sparks,1,0,39.0
31,Cheryl Ladd,7,0.0,4,Louis van Amstel,Actor/Actress,South Dakota,United States,71,Eliminated Week 3,14,True,0,3,10,0,Jordin Sparks,1,0,
31,Daniel Durant,7,36.5,4,Britt Stewart,Actor/Actress,Michigan,United States,32,Eliminated Week 9,5,True,1,9,10,0,Jordin Sparks,1,0,36.5
31,Gabby Windey,7,35.5,4,Valentin Chmerkovskiy,TV Personality,Illinois,United States,31,2nd Place,2,True,1,10,10,0,Jordin Sparks,1,0,35.5
31,Heidi D'Amelio,7,35.0,4,Artem Chigvintsev,Social Media Personality,Louisiana,United States,50,Eliminated Week 8,8,True,1,8,10,0,Jordin Sparks,1,0,35.0
31,Jason Lewis,7,0.0,4,Peta Murgatroyd,Actor/Actress,California,United States,51,Eliminated Week 1,16,True,0,1,10,0,Jordin Sparks,1,0,
31,Jessie James Decker,7,0.0,4,Alan Bersten,Singer/Rapper,,Italy,34,Eliminated Week 6,10,True,0,6,10,0,Jordin Sparks,1,0,
31,Jordin Sparks,7,34.5,4,Brandon Armstrong,Singer/Rapper,Arizona,United States,32,Eliminated Week 7,9,True,1,7,10,1,Jordin Sparks,1,0,34.5
31,Joseph Baena,7,0.0,4,Daniella Karagach,Actor/Actress,California,United States,24,Eliminated Week 5,11,True,0,5,10,0,Jordin Sparks,1,0,
31,Sam Champion,7,0.0,4,Cheryl Burke,News Anchor,Kentucky,United States,61,Eliminated Week 4,13,True,0,4,10,0,Jordin Sparks,1,0,
31,Selma Blair,7,0.0,4,Sasha Farber,Actor/Actress,Michigan,United States,50,Withdrew,12,True,0,5,10,0,Jordin Sparks,1,0,
31,Shangela,7,36.5,4,Gleb Savchenko,TV Personality,Texas,United States,40,4th Place,4,True,1,10,10,0,Jordin Sparks,1,0,36.5
31,Teresa Giudice,7,0.0,4,Pasha Pashkov,TV Personality,New Jersey,United States,50,Eliminated Week 2,15,True,0,2,10,0,Jordin Sparks,1,0,
31,Trevor Donovan,7,39.0,4,Emma Slater,Actor/Actress,California,United States,39,Eliminated Week 9,6,True,1,9,10,0,Jordin Sparks,1,0,39.0
31,Vinny Guadagnino,7,31.5,4,Koko Iwasaki,TV Personality,New York,United States,34,Eliminated Week 8,7,True,1,8,10,0,Jordin Sparks,1,0,31.5
31,Wayne Brady,7,38.0,4,Witney Carson,Comedian,Georgia,United States,50,3rd Place,3,True,1,10,10,0,Jordin Sparks,1,0,38.0
31,Charli D'Amelio,8,45.0,4,Mark Ballas,Social Media Personality,Connecticut,United States,18,1st Place,1,True,1,10,10,0,Heidi D'Amelio; Vinny Guadagnino,1,0,45.0
31,Cheryl Ladd,8,0.0,4,Louis van Amstel,Actor/Actress,South Dakota,United States,71,Eliminated Week 3,14,True,0,3,10,0,Heidi D'Amelio; Vinny Guadagnino,1,0,
31,Daniel Durant,8,39.0,4,Britt Stewart,Actor/Actress,Michigan,United States,32,Eliminated Week 9,5,True,1,9,10,0,Heidi D'Amelio; Vinny Guadagnino,1,0,39.0
31,Gabby Windey,8,40.0,4,Valentin Chmerkovskiy,TV Personality,Illinois,United States,31,2nd Place,2,True,1,10,10,0,Heidi D'Amelio; Vinny Guadagnino,1,0,40.0
31,Heidi D'Amelio,8,35.0,4,Artem Chigvintsev,Social Media Personality,Louisiana,United States,50,Eliminated Week 8,8,True,1,8,10,1,Heidi D'Amelio; Vinny Guadagnino,1,0,35.0
31,Jason Lewis,8,0.0,4,Peta Murgatroyd,Actor/Actress,California,United States,51,Eliminated Week 1,16,True,0,1,10,0,Heidi D'Amelio; Vinny Guadagnino,1,0,
31,Jessie James Decker,8,0.0,4,Alan Bersten,Singer/Rapper,,Italy,34,Eliminated Week 6,10,True,0,6,10,0,Heidi D'Amelio; Vinny Guadagnino,1,0,
31,Jordin Sparks,8,0.0,4,Brandon Armstrong,Singer/Rapper,Arizona,United States,32,Eliminated Week 7,9,True,0,7,10,0,Heidi D'Amelio; Vinny Guadagnino,1,0,
31,Joseph Baena,8,0.0,4,Daniella Karagach,Actor/Actress,California,United States,24,Eliminated Week 5,11,True,0,5,10,0,Heidi D'Amelio; Vinny Guadagnino,1,0,
31,Sam Champion,8,0.0,4,Cheryl Burke,News Anchor,Kentucky,United States,61,Eliminated Week 4,13,True,0,4,10,0,Heidi D'Amelio; Vinny Guadagnino,1,0,
31,Selma Blair,8,0.0,4,Sasha Farber,Actor/Actress,Michigan,United States,50,Withdrew,12,True,0,5,10,0,Heidi D'Amelio; Vinny Guadagnino,1,0,
31,Shangela,8,42.0,4,Gleb Savchenko,TV Personality,Texas,United States,40,4th Place,4,True,1,10,10,0,Heidi D'Amelio; Vinny Guadagnino,1,0,42.0
31,Teresa Giudice,8,0.0,4,Pasha Pashkov,TV Personality,New Jersey,United States,50,Eliminated Week 2,15,True,0,2,10,0,Heidi D'Amelio; Vinny Guadagnino,1,0,
31,Trevor Donovan,8,39.0,4,Emma Slater,Actor/Actress,California,United States,39,Eliminated Week 9,6,True,1,9,10,0,Heidi D'Amelio; Vinny Guadagnino,1,0,39.0
31,Vinny Guadagnino,8,29.0,4,Koko Iwasaki,TV Personality,New York,United States,34,Eliminated Week 8,7,True,1,8,10,1,Heidi D'Amelio; Vinny Guadagnino,1,0,29.0
31,Wayne Brady,8,45.0,4,Witney Carson,Comedian,Georgia,United States,50,3rd Place,3,True,1,10,10,0,Heidi D'Amelio; Vinny Guadagnino,1,0,45.0
31,Charli D'Amelio,9,40.0,4,Mark Ballas,Social Media Personality,Connecticut,United States,18,1st Place,1,True,1,10,10,0,Daniel Durant; Trevor Donovan,1,0,40.0
31,Cheryl Ladd,9,0.0,4,Louis van Amstel,Actor/Actress,South Dakota,United States,71,Eliminated Week 3,14,True,0,3,10,0,Daniel Durant; Trevor Donovan,1,0,
31,Daniel Durant,9,34.5,4,Britt Stewart,Actor/Actress,Michigan,United States,32,Eliminated Week 9,5,True,1,9,10,1,Daniel Durant; Trevor Donovan,1,0,34.5
31,Gabby Windey,9,40.0,4,Valentin Chmerkovskiy,TV Personality,Illinois,United States,31,2nd Place,2,True,1,10,10,0,Daniel Durant; Trevor Donovan,1,0,40.0
31,Heidi D'Amelio,9,0.0,4,Artem Chigvintsev,Social Media Personality,Louisiana,United States,50,Eliminated Week 8,8,True,0,8,10,0,Daniel Durant; Trevor Donovan,1,0,
31,Jason Lewis,9,0.0,4,Peta Murgatroyd,Actor/Actress,California,United States,51,Eliminated Week 1,16,True,0,1,10,0,Daniel Durant; Trevor Donovan,1,0,
31,Jessie James Decker,9,0.0,4,Alan Bersten,Singer/Rapper,,Italy,34,Eliminated Week 6,10,True,0,6,10,0,Daniel Durant; Trevor Donovan,1,0,
31,Jordin Sparks,9,0.0,4,Brandon Armstrong,Singer/Rapper,Arizona,United States,32,Eliminated Week 7,9,True,0,7,10,0,Daniel Durant; Trevor Donovan,1,0,
31,Joseph Baena,9,0.0,4,Daniella Karagach,Actor/Actress,California,United States,24,Eliminated Week 5,11,True,0,5,10,0,Daniel Durant; Trevor Donovan,1,0,
31,Sam Champion,9,0.0,4,Cheryl Burke,News Anchor,Kentucky,United States,61,Eliminated Week 4,13,True,0,4,10,0,Daniel Durant; Trevor Donovan,1,0,
31,Selma Blair,9,0.0,4,Sasha Farber,Actor/Actress,Michigan,United States,50,Withdrew,12,True,0,5,10,0,Daniel Durant; Trevor Donovan,1,0,
31,Shangela,9,36.5,4,Gleb Savchenko,TV Personality,Texas,United States,40,4th Place,4,True,1,10,10,0,Daniel Durant; Trevor Donovan,1,0,36.5
31,Teresa Giudice,9,0.0,4,Pasha Pashkov,TV Personality,New Jersey,United States,50,Eliminated Week 2,15,True,0,2,10,0,Daniel Durant; Trevor Donovan,1,0,
31,Trevor Donovan,9,32.5,4,Emma Slater,Actor/Actress,California,United States,39,Eliminated Week 9,6,True,1,9,10,1,Daniel Durant; Trevor Donovan,1,0,32.5
31,Vinny Guadagnino,9,0.0,4,Koko Iwasaki,TV Personality,New York,United States,34,Eliminated Week 8,7,True,0,8,10,0,Daniel Durant; Trevor Donovan,1,0,
31,Wayne Brady,9,36.5,4,Witney Carson,Comedian,Georgia,United States,50,3rd Place,3,True,1,10,10,0,Daniel Durant; Trevor Donovan,1,0,36.5
31,Charli D'Amelio,10,40.0,4,Mark Ballas,Social Media Personality,Connecticut,United States,18,1st Place,1,True,1,10,10,0,,0,1,40.0
31,Cheryl Ladd,10,0.0,4,Louis van Amstel,Actor/Actress,South Dakota,United States,71,Eliminated Week 3,14,True,0,3,10,0,,0,1,
31,Daniel Durant,10,0.0,4,Britt Stewart,Actor/Actress,Michigan,United States,32,Eliminated Week 9,5,True,0,9,10,0,,0,1,
31,Gabby Windey,10,40.0,4,Valentin Chmerkovskiy,TV Personality,Illinois,United States,31,2nd Place,2,True,1,10,10,0,,0,1,40.0
31,Heidi D'Amelio,10,0.0,4,Artem Chigvintsev,Social Media Personality,Louisiana,United States,50,Eliminated Week 8,8,True,0,8,10,0,,0,1,
31,Jason Lewis,10,0.0,4,Peta Murgatroyd,Actor/Actress,California,United States,51,Eliminated Week 1,16,True,0,1,10,0,,0,1,
31,Jessie James Decker,10,0.0,4,Alan Bersten,Singer/Rapper,,Italy,34,Eliminated Week 6,10,True,0,6,10,0,,0,1,
31,Jordin Sparks,10,0.0,4,Brandon Armstrong,Singer/Rapper,Arizona,United States,32,Eliminated Week 7,9,True,0,7,10,0,,0,1,
31,Joseph Baena,10,0.0,4,Daniella Karagach,Actor/Actress,California,United States,24,Eliminated Week 5,11,True,0,5,10,0,,0,1,
31,Sam Champion,10,0.0,4,Cheryl Burke,News Anchor,Kentucky,United States,61,Eliminated Week 4,13,True,0,4,10,0,,0,1,
31,Selma Blair,10,0.0,4,Sasha Farber,Actor/Actress,Michigan,United States,50,Withdrew,12,True,0,5,10,0,,0,1,
31,Shangela,10,38.0,4,Gleb Savchenko,TV Personality,Texas,United States,40,4th Place,4,True,1,10,10,0,,0,1,38.0
31,Teresa Giudice,10,0.0,4,Pasha Pashkov,TV Personality,New Jersey,United States,50,Eliminated Week 2,15,True,0,2,10,0,,0,1,
31,Trevor Donovan,10,0.0,4,Emma Slater,Actor/Actress,California,United States,39,Eliminated Week 9,6,True,0,9,10,0,,0,1,
31,Vinny Guadagnino,10,0.0,4,Koko Iwasaki,TV Personality,New York,United States,34,Eliminated Week 8,7,True,0,8,10,0,,0,1,
31,Wayne Brady,10,38.0,4,Witney Carson,Comedian,Georgia,United States,50,3rd Place,3,True,1,10,10,0,,0,1,38.0
31,Charli D'Amelio,11,,0,Mark Ballas,Social Media Personality,Connecticut,United States,18,1st Place,1,False,0,10,10,0,,0,0,
31,Cheryl Ladd,11,,0,Louis van Amstel,Actor/Actress,South Dakota,United States,71,Eliminated Week 3,14,False,0,3,10,0,,0,0,
31,Daniel Durant,11,,0,Britt Stewart,Actor/Actress,Michigan,United States,32,Eliminated Week 9,5,False,0,9,10,0,,0,0,
31,Gabby Windey,11,,0,Valentin Chmerkovskiy,TV Personality,Illinois,United States,31,2nd Place,2,False,0,10,10,0,,0,0,
31,Heidi D'Amelio,11,,0,Artem Chigvintsev,Social Media Personality,Louisiana,United States,50,Eliminated Week 8,8,False,0,8,10,0,,0,0,
31,Jason Lewis,11,,0,Peta Murgatroyd,Actor/Actress,California,United States,51,Eliminated Week 1,16,False,0,1,10,0,,0,0,
31,Jessie James Decker,11,,0,Alan Bersten,Singer/Rapper,,Italy,34,Eliminated Week 6,10,False,0,6,10,0,,0,0,
31,Jordin Sparks,11,,0,Brandon Armstrong,Singer/Rapper,Arizona,United States,32,Eliminated Week 7,9,False,0,7,10,0,,0,0,
31,Joseph Baena,11,,0,Daniella Karagach,Actor/Actress,California,United States,24,Eliminated Week 5,11,False,0,5,10,0,,0,0,
31,Sam Champion,11,,0,Cheryl Burke,News Anchor,Kentucky,United States,61,Eliminated Week 4,13,False,0,4,10,0,,0,0,
31,Selma Blair,11,,0,Sasha Farber,Actor/Actress,Michigan,United States,50,Withdrew,12,False,0,5,10,0,,0,0,
31,Shangela,11,,0,Gleb Savchenko,TV Personality,Texas,United States,40,4th Place,4,False,0,10,10,0,,0,0,
31,Teresa Giudice,11,,0,Pasha Pashkov,TV Personality,New Jersey,United States,50,Eliminated Week 2,15,False,0,2,10,0,,0,0,
31,Trevor Donovan,11,,0,Emma Slater,Actor/Actress,California,United States,39,Eliminated Week 9,6,False,0,9,10,0,,0,0,
31,Vinny Guadagnino,11,,0,Koko Iwasaki,TV Personality,New York,United States,34,Eliminated Week 8,7,False,0,8,10,0,,0,0,
31,Wayne Brady,11,,0,Witney Carson,Comedian,Georgia,United States,50,3rd Place,3,False,0,10,10,0,,0,0,
32,Adrian Peterson,1,18.0,3,Britt Stewart,Athlete,Texas,United States,38,Eliminated Week 4,11,True,1,4,11,0,Matt Walsh,1,0,18.0
32,Alyson Hannigan,1,13.0,3,Sasha Farber,Actor/Actress,Washington D.C.,United States,49,5th Place,5,True,1,11,11,0,Matt Walsh,1,0,13.0
32,Ariana Madix,1,21.0,3,Pasha Pashkov,TV Personality,Florida,United States,38,3rd Place,3,True,1,11,11,0,Matt Walsh,1,0,21.0
32,Barry Williams,1,16.0,3,Peta Murgatroyd,Actor/Actress,California,United States,68,Eliminated Week 8,7,True,1,8,11,0,Matt Walsh,1,0,16.0
32,Charity Lawson,1,22.0,3,Artem Chigvintsev,TV Personality,Georgia,United States,27,4th Place,4,True,1,11,11,0,Matt Walsh,1,0,22.0
32,Harry Jowsey,1,12.0,3,Rylee Arnold,TV Personality,,Australia,26,Eliminated Week 9,6,True,1,9,11,0,Matt Walsh,1,0,12.0
32,Jamie Lynn Spears,1,15.0,3,Alan Bersten,Actor/Actress,Mississippi,United States,32,Eliminated Week 2,13,True,1,2,11,0,Matt Walsh,1,0,15.0
32,Jason Mraz,1,21.0,3,Daniella Karagach,Singer/Rapper,Virginia,United States,46,2nd Place,2,True,1,11,11,0,Matt Walsh,1,0,21.0
32,Lele Pons,1,19.0,3,Brandon Armstrong,Social Media Personality,,Venezuela,27,Eliminated Week 7,8,True,1,7,11,0,Matt Walsh,1,0,19.0
32,Matt Walsh,1,12.0,3,Koko Iwasaki,Comedian,Illinois,United States,58,Eliminated Week 1,14,True,1,1,11,1,Matt Walsh,1,0,12.0
32,Mauricio Umansky,1,15.0,3,Emma Slater,TV Personality,,Mexico,53,Eliminated Week 6,9,True,1,6,11,0,Matt Walsh,1,0,15.0
32,Mira Sorvino,1,17.0,3,Gleb Savchenko,Actor/Actress,New York,United States,55,Eliminated Week 5,10,True,1,5,11,0,Matt Walsh,1,0,17.0
32,Tyson Beckford,1,12.0,3,Jenna Johnson,Model,New York,United States,52,Eliminated Week 3,12,True,1,3,11,0,Matt Walsh,1,0,12.0
32,Xochitl Gomez,1,18.0,3,Valentin Chmerkovskiy,Actor/Actress,California,United States,17,1st Place,1,True,1,11,11,0,Matt Walsh,1,0,18.0
32,Adrian Peterson,2,15.0,3,Britt Stewart,Athlete,Texas,United States,38,Eliminated Week 4,11,True,1,4,11,0,Jamie Lynn Spears,1,0,15.0
32,Alyson Hannigan,2,19.0,3,Sasha Farber,Actor/Actress,Washington D.C.,United States,49,5th Place,5,True,1,11,11,0,Jamie Lynn Spears,1,0,19.0
32,Ariana Madix,2,20.0,3,Pasha Pashkov,TV Personality,Florida,United States,38,3rd Place,3,True,1,11,11,0,Jamie Lynn Spears,1,0,20.0
32,Barry Williams,2,15.0,3,Peta Murgatroyd,Actor/Actress,California,United States,68,Eliminated Week 8,7,True,1,8,11,0,Jamie Lynn Spears,1,0,15.0
32,Charity Lawson,2,21.0,3,Artem Chigvintsev,TV Personality,Georgia,United States,27,4th Place,4,True,1,11,11,0,Jamie Lynn Spears,1,0,21.0
32,Harry Jowsey,2,15.0,3,Rylee Arnold,TV Personality,,Australia,26,Eliminated Week 9,6,True,1,9,11,0,Jamie Lynn Spears,1,0,15.0
32,Jamie Lynn Spears,2,16.0,3,Alan Bersten,Actor/Actress,Mississippi,United States,32,Eliminated Week 2,13,True,1,2,11,1,Jamie Lynn Spears,1,0,16.0
32,Jason Mraz,2,24.0,3,Daniella Karagach,Singer/Rapper,Virginia,United States,46,2nd Place,2,True,1,11,11,0,Jamie Lynn Spears,1,0,24.0
32,Lele Pons,2,21.0,3,Brandon Armstrong,Social Media Personality,,Venezuela,27,Eliminated Week 7,8,True,1,7,11,0,Jamie Lynn Spears,1,0,21.0
32,Matt Walsh,2,0.0,3,Koko Iwasaki,Comedian,Illinois,United States,58,Eliminated Week 1,14,True,0,1,11,0,Jamie Lynn Spears,1,0,
32,Mauricio Umansky,2,12.0,3,Emma Slater,TV Personality,,Mexico,53,Eliminated Week 6,9,True,1,6,11,0,Jamie Lynn Spears,1,0,12.0
32,Mira Sorvino,2,18.0,3,Gleb Savchenko,Actor/Actress,New York,United States,55,Eliminated Week 5,10,True,1,5,11,0,Jamie Lynn Spears,1,0,18.0
32,Tyson Beckford,2,18.0,3,Jenna Johnson,Model,New York,United States,52,Eliminated Week 3,12,True,1,3,11,0,Jamie Lynn Spears,1,0,18.0
32,Xochitl Gomez,2,24.0,3,Valentin Chmerkovskiy,Actor/Actress,California,United States,17,1st Place,1,True,1,11,11,0,Jamie Lynn Spears,1,0,24.0
32,Adrian Peterson,3,22.0,4,Britt Stewart,Athlete,Texas,United States,38,Eliminated Week 4,11,True,1,4,11,0,Tyson Beckford,1,0,22.0
32,Alyson Hannigan,3,24.0,4,Sasha Farber,Actor/Actress,Washington D.C.,United States,49,5th Place,5,True,1,11,11,0,Tyson Beckford,1,0,24.0
32,Ariana Madix,3,34.0,4,Pasha Pashkov,TV Personality,Florida,United States,38,3rd Place,3,True,1,11,11,0,Tyson Beckford,1,0,34.0
32,Barry Williams,3,25.0,4,Peta Murgatroyd,Actor/Actress,California,United States,68,Eliminated Week 8,7,True,1,8,11,0,Tyson Beckford,1,0,25.0
32,Charity Lawson,3,32.0,4,Artem Chigvintsev,TV Personality,Georgia,United States,27,4th Place,4,True,1,11,11,0,Tyson Beckford,1,0,32.0
32,Harry Jowsey,3,24.0,4,Rylee Arnold,TV Personality,,Australia,26,Eliminated Week 9,6,True,1,9,11,0,Tyson Beckford,1,0,24.0
32,Jamie Lynn Spears,3,0.0,4,Alan Bersten,Actor/Actress,Mississippi,United States,32,Eliminated Week 2,13,True,0,2,11,0,Tyson Beckford,1,0,
32,Jason Mraz,3,34.0,4,Daniella Karagach,Singer/Rapper,Virginia,United States,46,2nd Place,2,True,1,11,11,0,Tyson Beckford,1,0,34.0
32,Lele Pons,3,27.0,4,Brandon Armstrong,Social Media Personality,,Venezuela,27,Eliminated Week 7,8,True,1,7,11,0,Tyson Beckford,1,0,27.0
32,Matt Walsh,3,0.0,4,Koko Iwasaki,Comedian,Illinois,United States,58,Eliminated Week 1,14,True,0,1,11,0,Tyson Beckford,1,0,
32,Mauricio Umansky,3,23.0,4,Emma Slater,TV Personality,,Mexico,53,Eliminated Week 6,9,True,1,6,11,0,Tyson Beckford,1,0,23.0
32,Mira Sorvino,3,26.0,4,Gleb Savchenko,Actor/Actress,New York,United States,55,Eliminated Week 5,10,True,1,5,11,0,Tyson Beckford,1,0,26.0
32,Tyson Beckford,3,20.0,4,Jenna Johnson,Model,New York,United States,52,Eliminated Week 3,12,True,1,3,11,1,Tyson Beckford,1,0,20.0
32,Xochitl Gomez,3,32.0,4,Valentin Chmerkovskiy,Actor/Actress,California,United States,17,1st Place,1,True,1,11,11,0,Tyson Beckford,1,0,32.0
32,Adrian Peterson,4,21.0,3,Britt Stewart,Athlete,Texas,United States,38,Eliminated Week 4,11,True,1,4,11,1,Adrian Peterson,1,0,21.0
32,Alyson Hannigan,4,18.0,3,Sasha Farber,Actor/Actress,Washington D.C.,United States,49,5th Place,5,True,1,11,11,0,Adrian Peterson,1,0,18.0
32,Ariana Madix,4,25.0,3,Pasha Pashkov,TV Personality,Florida,United States,38,3rd Place,3,True,1,11,11,0,Adrian Peterson,1,0,25.0
32,Barry Williams,4,18.0,3,Peta Murgatroyd,Actor/Actress,California,United States,68,Eliminated Week 8,7,True,1,8,11,0,Adrian Peterson,1,0,18.0
32,Charity Lawson,4,24.0,3,Artem Chigvintsev,TV Personality,Georgia,United States,27,4th Place,4,True,1,11,11,0,Adrian Peterson,1,0,24.0
32,Harry Jowsey,4,21.0,3,Rylee Arnold,TV Personality,,Australia,26,Eliminated Week 9,6,True,1,9,11,0,Adrian Peterson,1,0,21.0
32,Jamie Lynn Spears,4,0.0,3,Alan Bersten,Actor/Actress,Mississippi,United States,32,Eliminated Week 2,13,True,0,2,11,0,Adrian Peterson,1,0,
32,Jason Mraz,4,24.0,3,Daniella Karagach,Singer/Rapper,Virginia,United States,46,2nd Place,2,True,1,11,11,0,Adrian Peterson,1,0,24.0
32,Lele Pons,4,22.0,3,Brandon Armstrong,Social Media Personality,,Venezuela,27,Eliminated Week 7,8,True,1,7,11,0,Adrian Peterson,1,0,22.0
32,Matt Walsh,4,0.0,3,Koko Iwasaki,Comedian,Illinois,United States,58,Eliminated Week 1,14,True,0,1,11,0,Adrian Peterson,1,0,
32,Mauricio Umansky,4,19.0,3,Emma Slater,TV Personality,,Mexico,53,Eliminated Week 6,9,True,1,6,11,0,Adrian Peterson,1,0,19.0
32,Mira Sorvino,4,21.0,3,Gleb Savchenko,Actor/Actress,New York,United States,55,Eliminated Week 5,10,True,1,5,11,0,Adrian Peterson,1,0,21.0
32,Tyson Beckford,4,0.0,3,Jenna Johnson,Model,New York,United States,52,Eliminated Week 3,12,True,0,3,11,0,Adrian Peterson,1,0,
32,Xochitl Gomez,4,27.0,3,Valentin Chmerkovskiy,Actor/Actress,California,United States,17,1st Place,1,True,1,11,11,0,Adrian Peterson,1,0,27.0
32,Adrian Peterson,5,0.0,3,Britt Stewart,Athlete,Texas,United States,38,Eliminated Week 4,11,True,0,4,11,0,Mira Sorvino,1,0,
32,Alyson Hannigan,5,21.0,3,Sasha Farber,Actor/Actress,Washington D.C.,United States,49,5th Place,5,True,1,11,11,0,Mira Sorvino,1,0,21.0
32,Ariana Madix,5,24.0,3,Pasha Pashkov,TV Personality,Florida,United States,38,3rd Place,3,True,1,11,11,0,Mira Sorvino,1,0,24.0
32,Barry Williams,5,24.0,3,Peta Murgatroyd,Actor/Actress,California,United States,68,Eliminated Week 8,7,True,1,8,11,0,Mira Sorvino,1,0,24.0
32,Charity Lawson,5,28.0,3,Artem Chigvintsev,TV Personality,Georgia,United States,27,4th Place,4,True,1,11,11,0,Mira Sorvino,1,0,28.0
32,Harry Jowsey,5,18.0,3,Rylee Arnold,TV Personality,,Australia,26,Eliminated Week 9,6,True,1,9,11,0,Mira Sorvino,1,0,18.0
32,Jamie Lynn Spears,5,0.0,3,Alan Bersten,Actor/Actress,Mississippi,United States,32,Eliminated Week 2,13,True,0,2,11,0,Mira Sorvino,1,0,
32,Jason Mraz,5,27.0,3,Daniella Karagach,Singer/Rapper,Virginia,United States,46,2nd Place,2,True,1,11,11,0,Mira Sorvino,1,0,27.0
32,Lele Pons,5,24.0,3,Brandon Armstrong,Social Media Personality,,Venezuela,27,Eliminated Week 7,8,True,1,7,11,0,Mira Sorvino,1,0,24.0
32,Matt Walsh,5,0.0,3,Koko Iwasaki,Comedian,Illinois,United States,58,Eliminated Week 1,14,True,0,1,11,0,Mira Sorvino,1,0,
32,Mauricio Umansky,5,24.0,3,Emma Slater,TV Personality,,Mexico,53,Eliminated Week 6,9,True,1,6,11,0,Mira Sorvino,1,0,24.0
32,Mira Sorvino,5,22.0,3,Gleb Savchenko,Actor/Actress,New York,United States,55,Eliminated Week 5,10,True,1,5,11,1,Mira Sorvino,1,0,22.0
32,Tyson Beckford,5,0.0,3,Jenna Johnson,Model,New York,United States,52,Eliminated Week 3,12,True,0,3,11,0,Mira Sorvino,1,0,
32,Xochitl Gomez,5,28.0,3,Valentin Chmerkovskiy,Actor/Actress,California,United States,17,1st Place,1,True,1,11,11,0,Mira Sorvino,1,0,28.0
32,Adrian Peterson,6,0.0,4,Britt Stewart,Athlete,Texas,United States,38,Eliminated Week 4,11,True,0,4,11,0,Mauricio Umansky,1,0,
32,Alyson Hannigan,6,31.0,4,Sasha Farber,Actor/Actress,Washington D.C.,United States,49,5th Place,5,True,1,11,11,0,Mauricio Umansky,1,0,31.0
32,Ariana Madix,6,41.0,4,Pasha Pashkov,TV Personality,Florida,United States,38,3rd Place,3,True,1,11,11,0,Mauricio Umansky,1,0,41.0
32,Barry Williams,6,32.0,4,Peta Murgatroyd,Actor/Actress,California,United States,68,Eliminated Week 8,7,True,1,8,11,0,Mauricio Umansky,1,0,32.0
32,Charity Lawson,6,38.0,4,Artem Chigvintsev,TV Personality,Georgia,United States,27,4th Place,4,True,1,11,11,0,Mauricio Umansky,1,0,38.0
32,Harry Jowsey,6,29.0,4,Rylee Arnold,TV Personality,,Australia,26,Eliminated Week 9,6,True,1,9,11,0,Mauricio Umansky,1,0,29.0
32,Jamie Lynn Spears,6,0.0,4,Alan Bersten,Actor/Actress,Mississippi,United States,32,Eliminated Week 2,13,True,0,2,11,0,Mauricio Umansky,1,0,
32,Jason Mraz,6,39.0,4,Daniella Karagach,Singer/Rapper,Virginia,United States,46,2nd Place,2,True,1,11,11,0,Mauricio Umansky,1,0,39.0
32,Lele Pons,6,37.0,4,Brandon Armstrong,Social Media Personality,,Venezuela,27,Eliminated Week 7,8,True,1,7,11,0,Mauricio Umansky,1,0,37.0
32,Matt Walsh,6,0.0,4,Koko Iwasaki,Comedian,Illinois,United States,58,Eliminated Week 1,14,True,0,1,11,0,Mauricio Umansky,1,0,
32,Mauricio Umansky,6,33.0,4,Emma Slater,TV Personality,,Mexico,53,Eliminated Week 6,9,True,1,6,11,1,Mauricio Umansky,1,0,33.0
32,Mira Sorvino,6,0.0,4,Gleb Savchenko,Actor/Actress,New York,United States,55,Eliminated Week 5,10,True,0,5,11,0,Mauricio Umansky,1,0,
32,Tyson Beckford,6,0.0,4,Jenna Johnson,Model,New York,United States,52,Eliminated Week 3,12,True,0,3,11,0,Mauricio Umansky,1,0,
32,Xochitl Gomez,6,42.0,4,Valentin Chmerkovskiy,Actor/Actress,California,United States,17,1st Place,1,True,1,11,11,0,Mauricio Umansky,1,0,42.0
32,Adrian Peterson,7,0.0,4,Britt Stewart,Athlete,Texas,United States,38,Eliminated Week 4,11,True,0,4,11,0,Lele Pons,1,0,
32,Alyson Hannigan,7,35.0,4,Sasha Farber,Actor/Actress,Washington D.C.,United States,49,5th Place,5,True,1,11,11,0,Lele Pons,1,0,35.0
32,Ariana Madix,7,37.0,4,Pasha Pashkov,TV Personality,Florida,United States,38,3rd Place,3,True,1,11,11,0,Lele Pons,1,0,37.0
32,Barry Williams,7,32.5,4,Peta Murgatroyd,Actor/Actress,California,United States,68,Eliminated Week 8,7,True,1,8,11,0,Lele Pons,1,0,32.5
32,Charity Lawson,7,36.0,4,Artem Chigvintsev,TV Personality,Georgia,United States,27,4th Place,4,True,1,11,11,0,Lele Pons,1,0,36.0
32,Harry Jowsey,7,32.0,4,Rylee Arnold,TV Personality,,Australia,26,Eliminated Week 9,6,True,1,9,11,0,Lele Pons,1,0,32.0
32,Jamie Lynn Spears,7,0.0,4,Alan Bersten,Actor/Actress,Mississippi,United States,32,Eliminated Week 2,13,True,0,2,11,0,Lele Pons,1,0,
32,Jason Mraz,7,36.0,4,Daniella Karagach,Singer/Rapper,Virginia,United States,46,2nd Place,2,True,1,11,11,0,Lele Pons,1,0,36.0
32,Lele Pons,7,36.5,4,Brandon Armstrong,Social Media Personality,,Venezuela,27,Eliminated Week 7,8,True,1,7,11,1,Lele Pons,1,0,36.5
32,Matt Walsh,7,0.0,4,Koko Iwasaki,Comedian,Illinois,United States,58,Eliminated Week 1,14,True,0,1,11,0,Lele Pons,1,0,
32,Mauricio Umansky,7,0.0,4,Emma Slater,TV Personality,,Mexico,53,Eliminated Week 6,9,True,0,6,11,0,Lele Pons,1,0,
32,Mira Sorvino,7,0.0,4,Gleb Savchenko,Actor/Actress,New York,United States,55,Eliminated Week 5,10,True,0,5,11,0,Lele Pons,1,0,
32,Tyson Beckford,7,0.0,4,Jenna Johnson,Model,New York,United States,52,Eliminated Week 3,12,True,0,3,11,0,Lele Pons,1,0,
32,Xochitl Gomez,7,37.0,4,Valentin Chmerkovskiy,Actor/Actress,California,United States,17,1st Place,1,True,1,11,11,0,Lele Pons,1,0,37.0
32,Adrian Peterson,8,0.0,4,Britt Stewart,Athlete,Texas,United States,38,Eliminated Week 4,11,True,0,4,11,0,Barry Williams,1,0,
32,Alyson Hannigan,8,36.0,4,Sasha Farber,Actor/Actress,Washington D.C.,United States,49,5th Place,5,True,1,11,11,0,Barry Williams,1,0,36.0
32,Ariana Madix,8,42.0,4,Pasha Pashkov,TV Personality,Florida,United States,38,3rd Place,3,True,1,11,11,0,Barry Williams,1,0,42.0
32,Barry Williams,8,35.0,4,Peta Murgatroyd,Actor/Actress,California,United States,68,Eliminated Week 8,7,True,1,8,11,1,Barry Williams,1,0,35.0
32,Charity Lawson,8,39.0,4,Artem Chigvintsev,TV Personality,Georgia,United States,27,4th Place,4,True,1,11,11,0,Barry Williams,1,0,39.0
32,Harry Jowsey,8,28.0,4,Rylee Arnold,TV Personality,,Australia,26,Eliminated Week 9,6,True,1,9,11,0,Barry Williams,1,0,28.0
32,Jamie Lynn Spears,8,0.0,4,Alan Bersten,Actor/Actress,Mississippi,United States,32,Eliminated Week 2,13,True,0,2,11,0,Barry Williams,1,0,
32,Jason Mraz,8,33.0,4,Daniella Karagach,Singer/Rapper,Virginia,United States,46,2nd Place,2,True,1,11,11,0,Barry Williams,1,0,33.0
32,Lele Pons,8,0.0,4,Brandon Armstrong,Social Media Personality,,Venezuela,27,Eliminated Week 7,8,True,0,7,11,0,Barry Williams,1,0,
32,Matt Walsh,8,0.0,4,Koko Iwasaki,Comedian,Illinois,United States,58,Eliminated Week 1,14,True,0,1,11,0,Barry Williams,1,0,
32,Mauricio Umansky,8,0.0,4,Emma Slater,TV Personality,,Mexico,53,Eliminated Week 6,9,True,0,6,11,0,Barry Williams,1,0,
32,Mira Sorvino,8,0.0,4,Gleb Savchenko,Actor/Actress,New York,United States,55,Eliminated Week 5,10,True,0,5,11,0,Barry Williams,1,0,
32,Tyson Beckford,8,0.0,4,Jenna Johnson,Model,New York,United States,52,Eliminated Week 3,12,True,0,3,11,0,Barry Williams,1,0,
32,Xochitl Gomez,8,40.0,4,Valentin Chmerkovskiy,Actor/Actress,California,United States,17,1st Place,1,True,1,11,11,0,Barry Williams,1,0,40.0
32,Adrian Peterson,9,0.0,4,Britt Stewart,Athlete,Texas,United States,38,Eliminated Week 4,11,True,0,4,11,0,Harry Jowsey,1,0,
32,Alyson Hannigan,9,32.0,4,Sasha Farber,Actor/Actress,Washington D.C.,United States,49,5th Place,5,True,1,11,11,0,Harry Jowsey,1,0,32.0
32,Ariana Madix,9,37.0,4,Pasha Pashkov,TV Personality,Florida,United States,38,3rd Place,3,True,1,11,11,0,Harry Jowsey,1,0,37.0
32,Barry Williams,9,0.0,4,Peta Murgatroyd,Actor/Actress,California,United States,68,Eliminated Week 8,7,True,0,8,11,0,Harry Jowsey,1,0,
32,Charity Lawson,9,38.0,4,Artem Chigvintsev,TV Personality,Georgia,United States,27,4th Place,4,True,1,11,11,0,Harry Jowsey,1,0,38.0
32,Harry Jowsey,9,30.0,4,Rylee Arnold,TV Personality,,Australia,26,Eliminated Week 9,6,True,1,9,11,1,Harry Jowsey,1,0,30.0
32,Jamie Lynn Spears,9,0.0,4,Alan Bersten,Actor/Actress,Mississippi,United States,32,Eliminated Week 2,13,True,0,2,11,0,Harry Jowsey,1,0,
32,Jason Mraz,9,43.0,4,Daniella Karagach,Singer/Rapper,Virginia,United States,46,2nd Place,2,True,1,11,11,0,Harry Jowsey,1,0,43.0
32,Lele Pons,9,0.0,4,Brandon Armstrong,Social Media Personality,,Venezuela,27,Eliminated Week 7,8,True,0,7,11,0,Harry Jowsey,1,0,
32,Matt Walsh,9,0.0,4,Koko Iwasaki,Comedian,Illinois,United States,58,Eliminated Week 1,14,True,0,1,11,0,Harry Jowsey,1,0,
32,Mauricio Umansky,9,0.0,4,Emma Slater,TV Personality,,Mexico,53,Eliminated Week 6,9,True,0,6,11,0,Harry Jowsey,1,0,
32,Mira Sorvino,9,0.0,4,Gleb Savchenko,Actor/Actress,New York,United States,55,Eliminated Week 5,10,True,0,5,11,0,Harry Jowsey,1,0,
32,Tyson Beckford,9,0.0,4,Jenna Johnson,Model,New York,United States,52,Eliminated Week 3,12,True,0,3,11,0,Harry Jowsey,1,0,
32,Xochitl Gomez,9,41.0,4,Valentin Chmerkovskiy,Actor/Actress,California,United States,17,1st Place,1,True,1,11,11,0,Harry Jowsey,1,0,41.0
32,Adrian Peterson,10,0.0,3,Britt Stewart,Athlete,Texas,United States,38,Eliminated Week 4,11,True,0,4,11,0,,0,1,
32,Alyson Hannigan,10,25.5,3,Sasha Farber,Actor/Actress,Washington D.C.,United States,49,5th Place,5,True,1,11,11,0,,0,1,25.5
32,Ariana Madix,10,29.0,3,Pasha Pashkov,TV Personality,Florida,United States,38,3rd Place,3,True,1,11,11,0,,0,1,29.0
32,Barry Williams,10,0.0,3,Peta Murgatroyd,Actor/Actress,California,United States,68,Eliminated Week 8,7,True,0,8,11,0,,0,1,
32,Charity Lawson,10,29.5,3,Artem Chigvintsev,TV Personality,Georgia,United States,27,4th Place,4,True,1,11,11,0,,0,1,29.5
32,Harry Jowsey,10,0.0,3,Rylee Arnold,TV Personality,,Australia,26,Eliminated Week 9,6,True,0,9,11,0,,0,1,
32,Jamie Lynn Spears,10,0.0,3,Alan Bersten,Actor/Actress,Mississippi,United States,32,Eliminated Week 2,13,True,0,2,11,0,,0,1,
32,Jason Mraz,10,28.5,3,Daniella Karagach,Singer/Rapper,Virginia,United States,46,2nd Place,2,True,1,11,11,0,,0,1,28.5
32,Lele Pons,10,0.0,3,Brandon Armstrong,Social Media Personality,,Venezuela,27,Eliminated Week 7,8,True,0,7,11,0,,0,1,
32,Matt Walsh,10,0.0,3,Koko Iwasaki,Comedian,Illinois,United States,58,Eliminated Week 1,14,True,0,1,11,0,,0,1,
32,Mauricio Umansky,10,0.0,3,Emma Slater,TV Personality,,Mexico,53,Eliminated Week 6,9,True,0,6,11,0,,0,1,
32,Mira Sorvino,10,0.0,3,Gleb Savchenko,Actor/Actress,New York,United States,55,Eliminated Week 5,10,True,0,5,11,0,,0,1,
32,Tyson Beckford,10,0.0,3,Jenna Johnson,Model,New York,United States,52,Eliminated Week 3,12,True,0,3,11,0,,0,1,
32,Xochitl Gomez,10,30.0,3,Valentin Chmerkovskiy,Actor/Actress,California,United States,17,1st Place,1,True,1,11,11,0,,0,1,30.0
32,Adrian Peterson,11,0.0,3,Britt Stewart,Athlete,Texas,United States,38,Eliminated Week 4,11,True,0,4,11,0,,0,1,
32,Alyson Hannigan,11,26.5,3,Sasha Farber,Actor/Actress,Washington D.C.,United States,49,5th Place,5,True,1,11,11,0,,0,1,26.5
32,Ariana Madix,11,29.5,3,Pasha Pashkov,TV Personality,Florida,United States,38,3rd Place,3,True,1,11,11,0,,0,1,29.5
32,Barry Williams,11,0.0,3,Peta Murgatroyd,Actor/Actress,California,United States,68,Eliminated Week 8,7,True,0,8,11,0,,0,1,
32,Charity Lawson,11,29.5,3,Artem Chigvintsev,TV Personality,Georgia,United States,27,4th Place,4,True,1,11,11,0,,0,1,29.5
32,Harry Jowsey,11,0.0,3,Rylee Arnold,TV Personality,,Australia,26,Eliminated Week 9,6,True,0,9,11,0,,0,1,
32,Jamie Lynn Spears,11,0.0,3,Alan Bersten,Actor/Actress,Mississippi,United States,32,Eliminated Week 2,13,True,0,2,11,0,,0,1,
32,Jason Mraz,11,30.0,3,Daniella Karagach,Singer/Rapper,Virginia,United States,46,2nd Place,2,True,1,11,11,0,,0,1,30.0
32,Lele Pons,11,0.0,3,Brandon Armstrong,Social Media Personality,,Venezuela,27,Eliminated Week 7,8,True,0,7,11,0,,0,1,
32,Matt Walsh,11,0.0,3,Koko Iwasaki,Comedian,Illinois,United States,58,Eliminated Week 1,14,True,0,1,11,0,,0,1,
32,Mauricio Umansky,11,0.0,3,Emma Slater,TV Personality,,Mexico,53,Eliminated Week 6,9,True,0,6,11,0,,0,1,
32,Mira Sorvino,11,0.0,3,Gleb Savchenko,Actor/Actress,New York,United States,55,Eliminated Week 5,10,True,0,5,11,0,,0,1,
32,Tyson Beckford,11,0.0,3,Jenna Johnson,Model,New York,United States,52,Eliminated Week 3,12,True,0,3,11,0,,0,1,
32,Xochitl Gomez,11,30.0,3,Valentin Chmerkovskiy,Actor/Actress,California,United States,17,1st Place,1,True,1,11,11,0,,0,1,30.0
33,Anna Delvey,1,18.0,3,Ezra Sosa,Con artist,,Russia,33,Eliminated Week 2,12,True,1,2,9,0,,0,1,18.0
33,Brooks Nader,1,18.0,3,Gleb Savchenko,Model,New York,United States,27,Eliminated Week 4,9,True,1,4,9,0,,0,1,18.0
33,Chandler Kinney,1,23.0,3,Brandon Armstrong,Actor/Actress,California,United States,24,3rd Place,3,True,1,9,9,0,,0,1,23.0
33,Danny Amendola,1,20.0,3,Witney Carson,Athlete,Texas,United States,39,5th Place,5,True,1,9,9,0,,0,1,20.0
33,Dwight Howard ,1,22.0,3,Daniella Karagach,Athlete,Georgia,United States,38,Eliminated Week 7,6,True,1,7,9,0,,0,1,22.0
33,Eric Roberts,1,15.0,3,Britt Stewart,Actor/Actress,California,United States,68,Eliminated Week 3,10,True,1,3,9,0,,0,1,15.0
33,Ilona Maher,1,18.0,3,Alan Bersten,Athlete,California,United States,28,2nd Place,2,True,1,9,9,0,,0,1,18.0
33,Jenn Tran,1,19.0,3,Sasha Farber,TV Personality,Florida,United States,26,Eliminated Week 6,7,True,1,6,9,0,,0,1,19.0
33,Joey Graziadei,1,21.0,3,Jenna Johnson,TV Personality,Louisiana,United States,29,1st Place,1,True,1,9,9,0,,0,1,21.0
33,Phaedra Parks,1,19.0,3,Val Chmerkovskiy,TV Personality,Georgia,United States,51,Eliminated Week 5,8,True,1,5,9,0,,0,1,19.0
33,Reginald VelJohnson,1,16.0,3,Emma Slater,Actor/Actress,New York,United States,74,Eliminated Week 3,10,True,1,3,9,0,,0,1,16.0
33,Stephen Nedoroscik,1,21.0,3,Rylee Arnold,Athlete,Florida,United States,26,4th Place,4,True,1,9,9,0,,0,1,21.0
33,Tori Spelling,1,17.0,3,Pasha Pashkov,Actor/Actress,California,United States,51,Eliminated Week 2,12,True,1,2,9,0,,0,1,17.0
33,Anna Delvey,2,17.0,3,Ezra Sosa,Con artist,,Russia,33,Eliminated Week 2,12,True,1,2,9,1,Anna Delvey; Tori Spelling,1,0,17.0
33,Brooks Nader,2,20.0,3,Gleb Savchenko,Model,New York,United States,27,Eliminated Week 4,9,True,1,4,9,0,Anna Delvey; Tori Spelling,1,0,20.0
33,Chandler Kinney,2,24.0,3,Brandon Armstrong,Actor/Actress,California,United States,24,3rd Place,3,True,1,9,9,0,Anna Delvey; Tori Spelling,1,0,24.0
33,Danny Amendola,2,21.0,3,Witney Carson,Athlete,Texas,United States,39,5th Place,5,True,1,9,9,0,Anna Delvey; Tori Spelling,1,0,21.0
33,Dwight Howard ,2,22.0,3,Daniella Karagach,Athlete,Georgia,United States,38,Eliminated Week 7,6,True,1,7,9,0,Anna Delvey; Tori Spelling,1,0,22.0
33,Eric Roberts,2,15.0,3,Britt Stewart,Actor/Actress,California,United States,68,Eliminated Week 3,10,True,1,3,9,0,Anna Delvey; Tori Spelling,1,0,15.0
33,Ilona Maher,2,21.0,3,Alan Bersten,Athlete,California,United States,28,2nd Place,2,True,1,9,9,0,Anna Delvey; Tori Spelling,1,0,21.0
33,Jenn Tran,2,19.0,3,Sasha Farber,TV Personality,Florida,United States,26,Eliminated Week 6,7,True,1,6,9,0,Anna Delvey; Tori Spelling,1,0,19.0
33,Joey Graziadei,2,22.0,3,Jenna Johnson,TV Personality,Louisiana,United States,29,1st Place,1,True,1,9,9,0,Anna Delvey; Tori Spelling,1,0,22.0
33,Phaedra Parks,2,21.0,3,Val Chmerkovskiy,TV Personality,Georgia,United States,51,Eliminated Week 5,8,True,1,5,9,0,Anna Delvey; Tori Spelling,1,0,21.0
33,Reginald VelJohnson,2,15.0,3,Emma Slater,Actor/Actress,New York,United States,74,Eliminated Week 3,10,True,1,3,9,0,Anna Delvey; Tori Spelling,1,0,15.0
33,Stephen Nedoroscik,2,22.0,3,Rylee Arnold,Athlete,Florida,United States,26,4th Place,4,True,1,9,9,0,Anna Delvey; Tori Spelling,1,0,22.0
33,Tori Spelling,2,19.0,3,Pasha Pashkov,Actor/Actress,California,United States,51,Eliminated Week 2,12,True,1,2,9,1,Anna Delvey; Tori Spelling,1,0,19.0
33,Anna Delvey,3,0.0,4,Ezra Sosa,Con artist,,Russia,33,Eliminated Week 2,12,True,0,2,9,0,Eric Roberts; Reginald VelJohnson,1,0,
33,Brooks Nader,3,30.5,4,Gleb Savchenko,Model,New York,United States,27,Eliminated Week 4,9,True,1,4,9,0,Eric Roberts; Reginald VelJohnson,1,0,30.5
33,Chandler Kinney,3,34.5,4,Brandon Armstrong,Actor/Actress,California,United States,24,3rd Place,3,True,1,9,9,0,Eric Roberts; Reginald VelJohnson,1,0,34.5
33,Danny Amendola,3,30.0,4,Witney Carson,Athlete,Texas,United States,39,5th Place,5,True,1,9,9,0,Eric Roberts; Reginald VelJohnson,1,0,30.0
33,Dwight Howard ,3,26.0,4,Daniella Karagach,Athlete,Georgia,United States,38,Eliminated Week 7,6,True,1,7,9,0,Eric Roberts; Reginald VelJohnson,1,0,26.0
33,Eric Roberts,3,23.0,4,Britt Stewart,Actor/Actress,California,United States,68,Eliminated Week 3,10,True,1,3,9,1,Eric Roberts; Reginald VelJohnson,1,0,23.0
33,Ilona Maher,3,28.0,4,Alan Bersten,Athlete,California,United States,28,2nd Place,2,True,1,9,9,0,Eric Roberts; Reginald VelJohnson,1,0,28.0
33,Jenn Tran,3,31.0,4,Sasha Farber,TV Personality,Florida,United States,26,Eliminated Week 6,7,True,1,6,9,0,Eric Roberts; Reginald VelJohnson,1,0,31.0
33,Joey Graziadei,3,35.0,4,Jenna Johnson,TV Personality,Louisiana,United States,29,1st Place,1,True,1,9,9,0,Eric Roberts; Reginald VelJohnson,1,0,35.0
33,Phaedra Parks,3,28.0,4,Val Chmerkovskiy,TV Personality,Georgia,United States,51,Eliminated Week 5,8,True,1,5,9,0,Eric Roberts; Reginald VelJohnson,1,0,28.0
33,Reginald VelJohnson,3,21.0,4,Emma Slater,Actor/Actress,New York,United States,74,Eliminated Week 3,10,True,1,3,9,1,Eric Roberts; Reginald VelJohnson,1,0,21.0
33,Stephen Nedoroscik,3,31.0,4,Rylee Arnold,Athlete,Florida,United States,26,4th Place,4,True,1,9,9,0,Eric Roberts; Reginald VelJohnson,1,0,31.0
33,Tori Spelling,3,0.0,4,Pasha Pashkov,Actor/Actress,California,United States,51,Eliminated Week 2,12,True,0,2,9,0,Eric Roberts; Reginald VelJohnson,1,0,
33,Anna Delvey,4,0.0,4,Ezra Sosa,Con artist,,Russia,33,Eliminated Week 2,12,True,0,2,9,0,Brooks Nader,1,0,
33,Brooks Nader,4,32.0,4,Gleb Savchenko,Model,New York,United States,27,Eliminated Week 4,9,True,1,4,9,1,Brooks Nader,1,0,32.0
33,Chandler Kinney,4,32.0,4,Brandon Armstrong,Actor/Actress,California,United States,24,3rd Place,3,True,1,9,9,0,Brooks Nader,1,0,32.0
33,Danny Amendola,4,36.0,4,Witney Carson,Athlete,Texas,United States,39,5th Place,5,True,1,9,9,0,Brooks Nader,1,0,36.0
33,Dwight Howard ,4,29.0,4,Daniella Karagach,Athlete,Georgia,United States,38,Eliminated Week 7,6,True,1,7,9,0,Brooks Nader,1,0,29.0
33,Eric Roberts,4,0.0,4,Britt Stewart,Actor/Actress,California,United States,68,Eliminated Week 3,10,True,0,3,9,0,Brooks Nader,1,0,
33,Ilona Maher,4,32.0,4,Alan Bersten,Athlete,California,United States,28,2nd Place,2,True,1,9,9,0,Brooks Nader,1,0,32.0
33,Jenn Tran,4,32.0,4,Sasha Farber,TV Personality,Florida,United States,26,Eliminated Week 6,7,True,1,6,9,0,Brooks Nader,1,0,32.0
33,Joey Graziadei,4,36.0,4,Jenna Johnson,TV Personality,Louisiana,United States,29,1st Place,1,True,1,9,9,0,Brooks Nader,1,0,36.0
33,Phaedra Parks,4,32.0,4,Val Chmerkovskiy,TV Personality,Georgia,United States,51,Eliminated Week 5,8,True,1,5,9,0,Brooks Nader,1,0,32.0
33,Reginald VelJohnson,4,0.0,4,Emma Slater,Actor/Actress,New York,United States,74,Eliminated Week 3,10,True,0,3,9,0,Brooks Nader,1,0,
33,Stephen Nedoroscik,4,33.0,4,Rylee Arnold,Athlete,Florida,United States,26,4th Place,4,True,1,9,9,0,Brooks Nader,1,0,33.0
33,Tori Spelling,4,0.0,4,Pasha Pashkov,Actor/Actress,California,United States,51,Eliminated Week 2,12,True,0,2,9,0,Brooks Nader,1,0,
33,Anna Delvey,5,0.0,3,Ezra Sosa,Con artist,,Russia,33,Eliminated Week 2,12,True,0,2,9,0,Phaedra Parks,1,0,
33,Brooks Nader,5,0.0,3,Gleb Savchenko,Model,New York,United States,27,Eliminated Week 4,9,True,0,4,9,0,Phaedra Parks,1,0,
33,Chandler Kinney,5,27.0,3,Brandon Armstrong,Actor/Actress,California,United States,24,3rd Place,3,True,1,9,9,0,Phaedra Parks,1,0,27.0
33,Danny Amendola,5,25.5,3,Witney Carson,Athlete,Texas,United States,39,5th Place,5,True,1,9,9,0,Phaedra Parks,1,0,25.5
33,Dwight Howard ,5,24.0,3,Daniella Karagach,Athlete,Georgia,United States,38,Eliminated Week 7,6,True,1,7,9,0,Phaedra Parks,1,0,24.0
33,Eric Roberts,5,0.0,3,Britt Stewart,Actor/Actress,California,United States,68,Eliminated Week 3,10,True,0,3,9,0,Phaedra Parks,1,0,
33,Ilona Maher,5,26.0,3,Alan Bersten,Athlete,California,United States,28,2nd Place,2,True,1,9,9,0,Phaedra Parks,1,0,26.0
33,Jenn Tran,5,25.5,3,Sasha Farber,TV Personality,Florida,United States,26,Eliminated Week 6,7,True,1,6,9,0,Phaedra Parks,1,0,25.5
33,Joey Graziadei,5,26.0,3,Jenna Johnson,TV Personality,Louisiana,United States,29,1st Place,1,True,1,9,9,0,Phaedra Parks,1,0,26.0
33,Phaedra Parks,5,24.0,3,Val Chmerkovskiy,TV Personality,Georgia,United States,51,Eliminated Week 5,8,True,1,5,9,1,Phaedra Parks,1,0,24.0
33,Reginald VelJohnson,5,0.0,3,Emma Slater,Actor/Actress,New York,United States,74,Eliminated Week 3,10,True,0,3,9,0,Phaedra Parks,1,0,
33,Stephen Nedoroscik,5,24.0,3,Rylee Arnold,Athlete,Florida,United States,26,4th Place,4,True,1,9,9,0,Phaedra Parks,1,0,24.0
33,Tori Spelling,5,0.0,3,Pasha Pashkov,Actor/Actress,California,United States,51,Eliminated Week 2,12,True,0,2,9,0,Phaedra Parks,1,0,
33,Anna Delvey,6,0.0,3,Ezra Sosa,Con artist,,Russia,33,Eliminated Week 2,12,True,0,2,9,0,Jenn Tran,1,0,
33,Brooks Nader,6,0.0,3,Gleb Savchenko,Model,New York,United States,27,Eliminated Week 4,9,True,0,4,9,0,Jenn Tran,1,0,
33,Chandler Kinney,6,32.0,3,Brandon Armstrong,Actor/Actress,California,United States,24,3rd Place,3,True,1,9,9,0,Jenn Tran,1,0,32.0
33,Danny Amendola,6,28.0,3,Witney Carson,Athlete,Texas,United States,39,5th Place,5,True,1,9,9,0,Jenn Tran,1,0,28.0
33,Dwight Howard ,6,31.0,3,Daniella Karagach,Athlete,Georgia,United States,38,Eliminated Week 7,6,True,1,7,9,0,Jenn Tran,1,0,31.0
33,Eric Roberts,6,0.0,3,Britt Stewart,Actor/Actress,California,United States,68,Eliminated Week 3,10,True,0,3,9,0,Jenn Tran,1,0,
33,Ilona Maher,6,24.0,3,Alan Bersten,Athlete,California,United States,28,2nd Place,2,True,1,9,9,0,Jenn Tran,1,0,24.0
33,Jenn Tran,6,31.0,3,Sasha Farber,TV Personality,Florida,United States,26,Eliminated Week 6,7,True,1,6,9,1,Jenn Tran,1,0,31.0
33,Joey Graziadei,6,32.0,3,Jenna Johnson,TV Personality,Louisiana,United States,29,1st Place,1,True,1,9,9,0,Jenn Tran,1,0,32.0
33,Phaedra Parks,6,0.0,3,Val Chmerkovskiy,TV Personality,Georgia,United States,51,Eliminated Week 5,8,True,0,5,9,0,Jenn Tran,1,0,
33,Reginald VelJohnson,6,0.0,3,Emma Slater,Actor/Actress,New York,United States,74,Eliminated Week 3,10,True,0,3,9,0,Jenn Tran,1,0,
33,Stephen Nedoroscik,6,28.0,3,Rylee Arnold,Athlete,Florida,United States,26,4th Place,4,True,1,9,9,0,Jenn Tran,1,0,28.0
33,Tori Spelling,6,0.0,3,Pasha Pashkov,Actor/Actress,California,United States,51,Eliminated Week 2,12,True,0,2,9,0,Jenn Tran,1,0,
33,Anna Delvey,7,0.0,3,Ezra Sosa,Con artist,,Russia,33,Eliminated Week 2,12,True,0,2,9,0,Dwight Howard ,1,0,
33,Brooks Nader,7,0.0,3,Gleb Savchenko,Model,New York,United States,27,Eliminated Week 4,9,True,0,4,9,0,Dwight Howard ,1,0,
33,Chandler Kinney,7,30.0,3,Brandon Armstrong,Actor/Actress,California,United States,24,3rd Place,3,True,1,9,9,0,Dwight Howard ,1,0,30.0
33,Danny Amendola,7,25.5,3,Witney Carson,Athlete,Texas,United States,39,5th Place,5,True,1,9,9,0,Dwight Howard ,1,0,25.5
33,Dwight Howard ,7,24.0,3,Daniella Karagach,Athlete,Georgia,United States,38,Eliminated Week 7,6,True,1,7,9,1,Dwight Howard ,1,0,24.0
33,Eric Roberts,7,0.0,3,Britt Stewart,Actor/Actress,California,United States,68,Eliminated Week 3,10,True,0,3,9,0,Dwight Howard ,1,0,
33,Ilona Maher,7,26.0,3,Alan Bersten,Athlete,California,United States,28,2nd Place,2,True,1,9,9,0,Dwight Howard ,1,0,26.0
33,Jenn Tran,7,0.0,3,Sasha Farber,TV Personality,Florida,United States,26,Eliminated Week 6,7,True,0,6,9,0,Dwight Howard ,1,0,
33,Joey Graziadei,7,27.5,3,Jenna Johnson,TV Personality,Louisiana,United States,29,1st Place,1,True,1,9,9,0,Dwight Howard ,1,0,27.5
33,Phaedra Parks,7,0.0,3,Val Chmerkovskiy,TV Personality,Georgia,United States,51,Eliminated Week 5,8,True,0,5,9,0,Dwight Howard ,1,0,
33,Reginald VelJohnson,7,0.0,3,Emma Slater,Actor/Actress,New York,United States,74,Eliminated Week 3,10,True,0,3,9,0,Dwight Howard ,1,0,
33,Stephen Nedoroscik,7,27.0,3,Rylee Arnold,Athlete,Florida,United States,26,4th Place,4,True,1,9,9,0,Dwight Howard ,1,0,27.0
33,Tori Spelling,7,0.0,3,Pasha Pashkov,Actor/Actress,California,United States,51,Eliminated Week 2,12,True,0,2,9,0,Dwight Howard ,1,0,
33,Anna Delvey,8,0.0,3,Ezra Sosa,Con artist,,Russia,33,Eliminated Week 2,12,True,0,2,9,0,,0,1,
33,Brooks Nader,8,0.0,3,Gleb Savchenko,Model,New York,United States,27,Eliminated Week 4,9,True,0,4,9,0,,0,1,
33,Chandler Kinney,8,29.0,3,Brandon Armstrong,Actor/Actress,California,United States,24,3rd Place,3,True,1,9,9,0,,0,1,29.0
33,Danny Amendola,8,27.0,3,Witney Carson,Athlete,Texas,United States,39,5th Place,5,True,1,9,9,0,,0,1,27.0
33,Dwight Howard ,8,0.0,3,Daniella Karagach,Athlete,Georgia,United States,38,Eliminated Week 7,6,True,0,7,9,0,,0,1,
33,Eric Roberts,8,0.0,3,Britt Stewart,Actor/Actress,California,United States,68,Eliminated Week 3,10,True,0,3,9,0,,0,1,
33,Ilona Maher,8,28.5,3,Alan Bersten,Athlete,California,United States,28,2nd Place,2,True,1,9,9,0,,0,1,28.5
33,Jenn Tran,8,0.0,3,Sasha Farber,TV Personality,Florida,United States,26,Eliminated Week 6,7,True,0,6,9,0,,0,1,
33,Joey Graziadei,8,29.0,3,Jenna Johnson,TV Personality,Louisiana,United States,29,1st Place,1,True,1,9,9,0,,0,1,29.0
33,Phaedra Parks,8,0.0,3,Val Chmerkovskiy,TV Personality,Georgia,United States,51,Eliminated Week 5,8,True,0,5,9,0,,0,1,
33,Reginald VelJohnson,8,0.0,3,Emma Slater,Actor/Actress,New York,United States,74,Eliminated Week 3,10,True,0,3,9,0,,0,1,
33,Stephen Nedoroscik,8,26.5,3,Rylee Arnold,Athlete,Florida,United States,26,4th Place,4,True,1,9,9,0,,0,1,26.5
33,Tori Spelling,8,0.0,3,Pasha Pashkov,Actor/Actress,California,United States,51,Eliminated Week 2,12,True,0,2,9,0,,0,1,
33,Anna Delvey,9,0.0,3,Ezra Sosa,Con artist,,Russia,33,Eliminated Week 2,12,True,0,2,9,0,,0,1,
33,Brooks Nader,9,0.0,3,Gleb Savchenko,Model,New York,United States,27,Eliminated Week 4,9,True,0,4,9,0,,0,1,
33,Chandler Kinney,9,30.0,3,Brandon Armstrong,Actor/Actress,California,United States,24,3rd Place,3,True,1,9,9,0,,0,1,30.0
33,Danny Amendola,9,28.0,3,Witney Carson,Athlete,Texas,United States,39,5th Place,5,True,1,9,9,0,,0,1,28.0
33,Dwight Howard ,9,0.0,3,Daniella Karagach,Athlete,Georgia,United States,38,Eliminated Week 7,6,True,0,7,9,0,,0,1,
33,Eric Roberts,9,0.0,3,Britt Stewart,Actor/Actress,California,United States,68,Eliminated Week 3,10,True,0,3,9,0,,0,1,
33,Ilona Maher,9,28.5,3,Alan Bersten,Athlete,California,United States,28,2nd Place,2,True,1,9,9,0,,0,1,28.5
33,Jenn Tran,9,0.0,3,Sasha Farber,TV Personality,Florida,United States,26,Eliminated Week 6,7,True,0,6,9,0,,0,1,
33,Joey Graziadei,9,29.5,3,Jenna Johnson,TV Personality,Louisiana,United States,29,1st Place,1,True,1,9,9,0,,0,1,29.5
33,Phaedra Parks,9,0.0,3,Val Chmerkovskiy,TV Personality,Georgia,United States,51,Eliminated Week 5,8,True,0,5,9,0,,0,1,
33,Reginald VelJohnson,9,0.0,3,Emma Slater,Actor/Actress,New York,United States,74,Eliminated Week 3,10,True,0,3,9,0,,0,1,
33,Stephen Nedoroscik,9,29.5,3,Rylee Arnold,Athlete,Florida,United States,26,4th Place,4,True,1,9,9,0,,0,1,29.5
33,Tori Spelling,9,0.0,3,Pasha Pashkov,Actor/Actress,California,United States,51,Eliminated Week 2,12,True,0,2,9,0,,0,1,
33,Anna Delvey,10,,0,Ezra Sosa,Con artist,,Russia,33,Eliminated Week 2,12,False,0,2,9,0,,0,0,
33,Brooks Nader,10,,0,Gleb Savchenko,Model,New York,United States,27,Eliminated Week 4,9,False,0,4,9,0,,0,0,
33,Chandler Kinney,10,,0,Brandon Armstrong,Actor/Actress,California,United States,24,3rd Place,3,False,0,9,9,0,,0,0,
33,Danny Amendola,10,,0,Witney Carson,Athlete,Texas,United States,39,5th Place,5,False,0,9,9,0,,0,0,
33,Dwight Howard ,10,,0,Daniella Karagach,Athlete,Georgia,United States,38,Eliminated Week 7,6,False,0,7,9,0,,0,0,
33,Eric Roberts,10,,0,Britt Stewart,Actor/Actress,California,United States,68,Eliminated Week 3,10,False,0,3,9,0,,0,0,
33,Ilona Maher,10,,0,Alan Bersten,Athlete,California,United States,28,2nd Place,2,False,0,9,9,0,,0,0,
33,Jenn Tran,10,,0,Sasha Farber,TV Personality,Florida,United States,26,Eliminated Week 6,7,False,0,6,9,0,,0,0,
33,Joey Graziadei,10,,0,Jenna Johnson,TV Personality,Louisiana,United States,29,1st Place,1,False,0,9,9,0,,0,0,
33,Phaedra Parks,10,,0,Val Chmerkovskiy,TV Personality,Georgia,United States,51,Eliminated Week 5,8,False,0,5,9,0,,0,0,
33,Reginald VelJohnson,10,,0,Emma Slater,Actor/Actress,New York,United States,74,Eliminated Week 3,10,False,0,3,9,0,,0,0,
33,Stephen Nedoroscik,10,,0,Rylee Arnold,Athlete,Florida,United States,26,4th Place,4,False,0,9,9,0,,0,0,
33,Tori Spelling,10,,0,Pasha Pashkov,Actor/Actress,California,United States,51,Eliminated Week 2,12,False,0,2,9,0,,0,0,
33,Anna Delvey,11,,0,Ezra Sosa,Con artist,,Russia,33,Eliminated Week 2,12,False,0,2,9,0,,0,0,
33,Brooks Nader,11,,0,Gleb Savchenko,Model,New York,United States,27,Eliminated Week 4,9,False,0,4,9,0,,0,0,
33,Chandler Kinney,11,,0,Brandon Armstrong,Actor/Actress,California,United States,24,3rd Place,3,False,0,9,9,0,,0,0,
33,Danny Amendola,11,,0,Witney Carson,Athlete,Texas,United States,39,5th Place,5,False,0,9,9,0,,0,0,
33,Dwight Howard ,11,,0,Daniella Karagach,Athlete,Georgia,United States,38,Eliminated Week 7,6,False,0,7,9,0,,0,0,
33,Eric Roberts,11,,0,Britt Stewart,Actor/Actress,California,United States,68,Eliminated Week 3,10,False,0,3,9,0,,0,0,
33,Ilona Maher,11,,0,Alan Bersten,Athlete,California,United States,28,2nd Place,2,False,0,9,9,0,,0,0,
33,Jenn Tran,11,,0,Sasha Farber,TV Personality,Florida,United States,26,Eliminated Week 6,7,False,0,6,9,0,,0,0,
33,Joey Graziadei,11,,0,Jenna Johnson,TV Personality,Louisiana,United States,29,1st Place,1,False,0,9,9,0,,0,0,
33,Phaedra Parks,11,,0,Val Chmerkovskiy,TV Personality,Georgia,United States,51,Eliminated Week 5,8,False,0,5,9,0,,0,0,
33,Reginald VelJohnson,11,,0,Emma Slater,Actor/Actress,New York,United States,74,Eliminated Week 3,10,False,0,3,9,0,,0,0,
33,Stephen Nedoroscik,11,,0,Rylee Arnold,Athlete,Florida,United States,26,4th Place,4,False,0,9,9,0,,0,0,
33,Tori Spelling,11,,0,Pasha Pashkov,Actor/Actress,California,United States,51,Eliminated Week 2,12,False,0,2,9,0,,0,0,
34,Alix Earle,1,13.0,2,Val Chmerkovskiy (Joey Graziadei week 9),Social media personality,Florida,United States,24,2nd Place,2,True,1,11,11,0,,0,1,13.0
34,Andy Richter,1,9.0,2,Emma Slater/Kaitlyn Bristowe (week 9),Comedian,California,United States,59,Eliminated Week 9,7,True,1,9,11,0,,0,1,9.0
34,Baron Davis,1,10.0,2,Britt Stewart,Athlete,California,United States,46,Eliminated Week 2,13,True,1,2,11,0,,0,1,10.0
34,Corey Feldman,1,9.0,2,Jenna Johnson,Actor/Actress,California,United States,54,Eliminated Week 2,13,True,1,2,11,0,,0,1,9.0
34,Danielle Fishel,1,12.0,2,Pasha Pashkov,Actor/Actress,California,United States,44,Eliminated Week 8,8,True,1,8,11,0,,0,1,12.0
34,Dylan Efron,1,10.0,2,Daniella Karagach (Rumer Willis week 9),TV Personality,California,United States,33,4th Place,4,True,1,11,11,0,,0,1,10.0
34,Elaine Hendrix,1,12.0,2,Alan Bersten (Rashad Jennings week 9),Actor/Actress,Georgia,United States,55,5th Place,5,True,1,11,11,0,,0,1,12.0
34,Hilaria Baldwin,1,14.0,2,Gleb Savchenko,Entrepreneur,New York,United States,41,Eliminated Week 4,11,True,1,4,11,0,,0,1,14.0
34,Jen Affleck,1,12.0,2,Jan Ravnik,TV Personality,Utah,United States,26,Eliminated Week 7,9,True,1,7,11,0,,0,1,12.0
34,Jordan Chiles,1,10.0,2,Ezra Sosa (Apolo Anton Ohno week 9),Athlete,Texas,United States,24,3rd Place,3,True,1,11,11,0,,0,1,10.0
34,Lauren Jauregui,1,13.0,2,Brandon Armstrong,Singer/Rapper,Florida,United States,29,Eliminated Week 3,12,True,1,3,11,0,,0,1,13.0
34,Robert Irwin,1,15.0,2,Witney Carson (Xoshitl Gomez week 9),Conservationist,,Australia,22,1st Place,1,True,1,11,11,0,,0,1,15.0
34,Scott Hoying,1,10.0,2,Rylee Arnold,Singer/Rapper,California,United States,34,Eliminated Week 6,10,True,1,6,11,0,,0,1,10.0
34,Whitney Leavitt,1,15.0,2,Mark Ballas,TV Personality,Utah,United States,32,Eliminated Week 10,6,True,1,10,11,0,,0,1,15.0
34,Alix Earle,2,21.0,3,Val Chmerkovskiy (Joey Graziadei week 9),Social media personality,Florida,United States,24,2nd Place,2,True,1,11,11,0,Baron Davis; Corey Feldman,1,0,21.0
34,Andy Richter,2,16.0,3,Emma Slater/Kaitlyn Bristowe (week 9),Comedian,California,United States,59,Eliminated Week 9,7,True,1,9,11,0,Baron Davis; Corey Feldman,1,0,16.0
34,Baron Davis,2,18.0,3,Britt Stewart,Athlete,California,United States,46,Eliminated Week 2,13,True,1,2,11,1,Baron Davis; Corey Feldman,1,0,18.0
34,Corey Feldman,2,15.0,3,Jenna Johnson,Actor/Actress,California,United States,54,Eliminated Week 2,13,True,1,2,11,1,Baron Davis; Corey Feldman,1,0,15.0
34,Danielle Fishel,2,19.0,3,Pasha Pashkov,Actor/Actress,California,United States,44,Eliminated Week 8,8,True,1,8,11,0,Baron Davis; Corey Feldman,1,0,19.0
34,Dylan Efron,2,20.0,3,Daniella Karagach (Rumer Willis week 9),TV Personality,California,United States,33,4th Place,4,True,1,11,11,0,Baron Davis; Corey Feldman,1,0,20.0
34,Elaine Hendrix,2,21.0,3,Alan Bersten (Rashad Jennings week 9),Actor/Actress,Georgia,United States,55,5th Place,5,True,1,11,11,0,Baron Davis; Corey Feldman,1,0,21.0
34,Hilaria Baldwin,2,21.0,3,Gleb Savchenko,Entrepreneur,New York,United States,41,Eliminated Week 4,11,True,1,4,11,0,Baron Davis; Corey Feldman,1,0,21.0
34,Jen Affleck,2,22.0,3,Jan Ravnik,TV Personality,Utah,United States,26,Eliminated Week 7,9,True,1,7,11,0,Baron Davis; Corey Feldman,1,0,22.0
34,Jordan Chiles,2,22.0,3,Ezra Sosa (Apolo Anton Ohno week 9),Athlete,Texas,United States,24,3rd Place,3,True,1,11,11,0,Baron Davis; Corey Feldman,1,0,22.0
34,Lauren Jauregui,2,21.0,3,Brandon Armstrong,Singer/Rapper,Florida,United States,29,Eliminated Week 3,12,True,1,3,11,0,Baron Davis; Corey Feldman,1,0,21.0
34,Robert Irwin,2,22.0,3,Witney Carson (Xoshitl Gomez week 9),Conservationist,,Australia,22,1st Place,1,True,1,11,11,0,Baron Davis; Corey Feldman,1,0,22.0
34,Scott Hoying,2,18.0,3,Rylee Arnold,Singer/Rapper,California,United States,34,Eliminated Week 6,10,True,1,6,11,0,Baron Davis; Corey Feldman,1,0,18.0
34,Whitney Leavitt,2,22.0,3,Mark Ballas,TV Personality,Utah,United States,32,Eliminated Week 10,6,True,1,10,11,0,Baron Davis; Corey Feldman,1,0,22.0
34,Alix Earle,3,23.0,3,Val Chmerkovskiy (Joey Graziadei week 9),Social media personality,Florida,United States,24,2nd Place,2,True,1,11,11,0,Lauren Jauregui,1,0,23.0
34,Andy Richter,3,18.0,3,Emma Slater/Kaitlyn Bristowe (week 9),Comedian,California,United States,59,Eliminated Week 9,7,True,1,9,11,0,Lauren Jauregui,1,0,18.0
34,Baron Davis,3,0.0,3,Britt Stewart,Athlete,California,United States,46,Eliminated Week 2,13,True,0,2,11,0,Lauren Jauregui,1,0,
34,Corey Feldman,3,0.0,3,Jenna Johnson,Actor/Actress,California,United States,54,Eliminated Week 2,13,True,0,2,11,0,Lauren Jauregui,1,0,
34,Danielle Fishel,3,21.0,3,Pasha Pashkov,Actor/Actress,California,United States,44,Eliminated Week 8,8,True,1,8,11,0,Lauren Jauregui,1,0,21.0
34,Dylan Efron,3,23.0,3,Daniella Karagach (Rumer Willis week 9),TV Personality,California,United States,33,4th Place,4,True,1,11,11,0,Lauren Jauregui,1,0,23.0
34,Elaine Hendrix,3,21.0,3,Alan Bersten (Rashad Jennings week 9),Actor/Actress,Georgia,United States,55,5th Place,5,True,1,11,11,0,Lauren Jauregui,1,0,21.0
34,Hilaria Baldwin,3,22.0,3,Gleb Savchenko,Entrepreneur,New York,United States,41,Eliminated Week 4,11,True,1,4,11,0,Lauren Jauregui,1,0,22.0
34,Jen Affleck,3,19.0,3,Jan Ravnik,TV Personality,Utah,United States,26,Eliminated Week 7,9,True,1,7,11,0,Lauren Jauregui,1,0,19.0
34,Jordan Chiles,3,24.0,3,Ezra Sosa (Apolo Anton Ohno week 9),Athlete,Texas,United States,24,3rd Place,3,True,1,11,11,0,Lauren Jauregui,1,0,24.0
34,Lauren Jauregui,3,18.0,3,Brandon Armstrong,Singer/Rapper,Florida,United States,29,Eliminated Week 3,12,True,1,3,11,1,Lauren Jauregui,1,0,18.0
34,Robert Irwin,3,22.0,3,Witney Carson (Xoshitl Gomez week 9),Conservationist,,Australia,22,1st Place,1,True,1,11,11,0,Lauren Jauregui,1,0,22.0
34,Scott Hoying,3,22.0,3,Rylee Arnold,Singer/Rapper,California,United States,34,Eliminated Week 6,10,True,1,6,11,0,Lauren Jauregui,1,0,22.0
34,Whitney Leavitt,3,24.0,3,Mark Ballas,TV Personality,Utah,United States,32,Eliminated Week 10,6,True,1,10,11,0,Lauren Jauregui,1,0,24.0
34,Alix Earle,4,24.0,3,Val Chmerkovskiy (Joey Graziadei week 9),Social media personality,Florida,United States,24,2nd Place,2,True,1,11,11,0,Hilaria Baldwin,1,0,24.0
34,Andy Richter,4,18.0,3,Emma Slater/Kaitlyn Bristowe (week 9),Comedian,California,United States,59,Eliminated Week 9,7,True,1,9,11,0,Hilaria Baldwin,1,0,18.0
34,Baron Davis,4,0.0,3,Britt Stewart,Athlete,California,United States,46,Eliminated Week 2,13,True,0,2,11,0,Hilaria Baldwin,1,0,
34,Corey Feldman,4,0.0,3,Jenna Johnson,Actor/Actress,California,United States,54,Eliminated Week 2,13,True,0,2,11,0,Hilaria Baldwin,1,0,
34,Danielle Fishel,4,21.0,3,Pasha Pashkov,Actor/Actress,California,United States,44,Eliminated Week 8,8,True,1,8,11,0,Hilaria Baldwin,1,0,21.0
34,Dylan Efron,4,23.0,3,Daniella Karagach (Rumer Willis week 9),TV Personality,California,United States,33,4th Place,4,True,1,11,11,0,Hilaria Baldwin,1,0,23.0
34,Elaine Hendrix,4,24.0,3,Alan Bersten (Rashad Jennings week 9),Actor/Actress,Georgia,United States,55,5th Place,5,True,1,11,11,0,Hilaria Baldwin,1,0,24.0
34,Hilaria Baldwin,4,23.0,3,Gleb Savchenko,Entrepreneur,New York,United States,41,Eliminated Week 4,11,True,1,4,11,1,Hilaria Baldwin,1,0,23.0
34,Jen Affleck,4,23.0,3,Jan Ravnik,TV Personality,Utah,United States,26,Eliminated Week 7,9,True,1,7,11,0,Hilaria Baldwin,1,0,23.0
34,Jordan Chiles,4,24.0,3,Ezra Sosa (Apolo Anton Ohno week 9),Athlete,Texas,United States,24,3rd Place,3,True,1,11,11,0,Hilaria Baldwin,1,0,24.0
34,Lauren Jauregui,4,0.0,3,Brandon Armstrong,Singer/Rapper,Florida,United States,29,Eliminated Week 3,12,True,0,3,11,0,Hilaria Baldwin,1,0,
34,Robert Irwin,4,22.0,3,Witney Carson (Xoshitl Gomez week 9),Conservationist,,Australia,22,1st Place,1,True,1,11,11,0,Hilaria Baldwin,1,0,22.0
34,Scott Hoying,4,21.0,3,Rylee Arnold,Singer/Rapper,California,United States,34,Eliminated Week 6,10,True,1,6,11,0,Hilaria Baldwin,1,0,21.0
34,Whitney Leavitt,4,25.0,3,Mark Ballas,TV Personality,Utah,United States,32,Eliminated Week 10,6,True,1,10,11,0,Hilaria Baldwin,1,0,25.0
34,Alix Earle,5,35.0,4,Val Chmerkovskiy (Joey Graziadei week 9),Social media personality,Florida,United States,24,2nd Place,2,True,1,11,11,0,,0,1,35.0
34,Andy Richter,5,24.0,4,Emma Slater/Kaitlyn Bristowe (week 9),Comedian,California,United States,59,Eliminated Week 9,7,True,1,9,11,0,,0,1,24.0
34,Baron Davis,5,0.0,4,Britt Stewart,Athlete,California,United States,46,Eliminated Week 2,13,True,0,2,11,0,,0,1,
34,Corey Feldman,5,0.0,4,Jenna Johnson,Actor/Actress,California,United States,54,Eliminated Week 2,13,True,0,2,11,0,,0,1,
34,Danielle Fishel,5,29.0,4,Pasha Pashkov,Actor/Actress,California,United States,44,Eliminated Week 8,8,True,1,8,11,0,,0,1,29.0
34,Dylan Efron,5,36.0,4,Daniella Karagach (Rumer Willis week 9),TV Personality,California,United States,33,4th Place,4,True,1,11,11,0,,0,1,36.0
34,Elaine Hendrix,5,30.0,4,Alan Bersten (Rashad Jennings week 9),Actor/Actress,Georgia,United States,55,5th Place,5,True,1,11,11,0,,0,1,30.0
34,Hilaria Baldwin,5,0.0,4,Gleb Savchenko,Entrepreneur,New York,United States,41,Eliminated Week 4,11,True,0,4,11,0,,0,1,
34,Jen Affleck,5,29.0,4,Jan Ravnik,TV Personality,Utah,United States,26,Eliminated Week 7,9,True,1,7,11,0,,0,1,29.0
34,Jordan Chiles,5,32.0,4,Ezra Sosa (Apolo Anton Ohno week 9),Athlete,Texas,United States,24,3rd Place,3,True,1,11,11,0,,0,1,32.0
34,Lauren Jauregui,5,0.0,4,Brandon Armstrong,Singer/Rapper,Florida,United States,29,Eliminated Week 3,12,True,0,3,11,0,,0,1,
34,Robert Irwin,5,35.0,4,Witney Carson (Xoshitl Gomez week 9),Conservationist,,Australia,22,1st Place,1,True,1,11,11,0,,0,1,35.0
34,Scott Hoying,5,30.0,4,Rylee Arnold,Singer/Rapper,California,United States,34,Eliminated Week 6,10,True,1,6,11,0,,0,1,30.0
34,Whitney Leavitt,5,33.0,4,Mark Ballas,TV Personality,Utah,United States,32,Eliminated Week 10,6,True,1,10,11,0,,0,1,33.0
34,Alix Earle,6,35.0,4,Val Chmerkovskiy (Joey Graziadei week 9),Social media personality,Florida,United States,24,2nd Place,2,True,1,11,11,0,Scott Hoying,1,0,35.0
34,Andy Richter,6,27.0,4,Emma Slater/Kaitlyn Bristowe (week 9),Comedian,California,United States,59,Eliminated Week 9,7,True,1,9,11,0,Scott Hoying,1,0,27.0
34,Baron Davis,6,0.0,4,Britt Stewart,Athlete,California,United States,46,Eliminated Week 2,13,True,0,2,11,0,Scott Hoying,1,0,
34,Corey Feldman,6,0.0,4,Jenna Johnson,Actor/Actress,California,United States,54,Eliminated Week 2,13,True,0,2,11,0,Scott Hoying,1,0,
34,Danielle Fishel,6,36.0,4,Pasha Pashkov,Actor/Actress,California,United States,44,Eliminated Week 8,8,True,1,8,11,0,Scott Hoying,1,0,36.0
34,Dylan Efron,6,32.0,4,Daniella Karagach (Rumer Willis week 9),TV Personality,California,United States,33,4th Place,4,True,1,11,11,0,Scott Hoying,1,0,32.0
34,Elaine Hendrix,6,36.0,4,Alan Bersten (Rashad Jennings week 9),Actor/Actress,Georgia,United States,55,5th Place,5,True,1,11,11,0,Scott Hoying,1,0,36.0
34,Hilaria Baldwin,6,0.0,4,Gleb Savchenko,Entrepreneur,New York,United States,41,Eliminated Week 4,11,True,0,4,11,0,Scott Hoying,1,0,
34,Jen Affleck,6,32.0,4,Jan Ravnik,TV Personality,Utah,United States,26,Eliminated Week 7,9,True,1,7,11,0,Scott Hoying,1,0,32.0
34,Jordan Chiles,6,39.0,4,Ezra Sosa (Apolo Anton Ohno week 9),Athlete,Texas,United States,24,3rd Place,3,True,1,11,11,0,Scott Hoying,1,0,39.0
34,Lauren Jauregui,6,0.0,4,Brandon Armstrong,Singer/Rapper,Florida,United States,29,Eliminated Week 3,12,True,0,3,11,0,Scott Hoying,1,0,
34,Robert Irwin,6,36.0,4,Witney Carson (Xoshitl Gomez week 9),Conservationist,,Australia,22,1st Place,1,True,1,11,11,0,Scott Hoying,1,0,36.0
34,Scott Hoying,6,28.0,4,Rylee Arnold,Singer/Rapper,California,United States,34,Eliminated Week 6,10,True,1,6,11,1,Scott Hoying,1,0,28.0
34,Whitney Leavitt,6,39.0,4,Mark Ballas,TV Personality,Utah,United States,32,Eliminated Week 10,6,True,1,10,11,0,Scott Hoying,1,0,39.0
34,Alix Earle,7,43.0,4,Val Chmerkovskiy (Joey Graziadei week 9),Social media personality,Florida,United States,24,2nd Place,2,True,1,11,11,0,Jen Affleck,1,0,43.0
34,Andy Richter,7,29.0,4,Emma Slater/Kaitlyn Bristowe (week 9),Comedian,California,United States,59,Eliminated Week 9,7,True,1,9,11,0,Jen Affleck,1,0,29.0
34,Baron Davis,7,0.0,4,Britt Stewart,Athlete,California,United States,46,Eliminated Week 2,13,True,0,2,11,0,Jen Affleck,1,0,
34,Corey Feldman,7,0.0,4,Jenna Johnson,Actor/Actress,California,United States,54,Eliminated Week 2,13,True,0,2,11,0,Jen Affleck,1,0,
34,Danielle Fishel,7,35.0,4,Pasha Pashkov,Actor/Actress,California,United States,44,Eliminated Week 8,8,True,1,8,11,0,Jen Affleck,1,0,35.0
34,Dylan Efron,7,38.0,4,Daniella Karagach (Rumer Willis week 9),TV Personality,California,United States,33,4th Place,4,True,1,11,11,0,Jen Affleck,1,0,38.0
34,Elaine Hendrix,7,32.0,4,Alan Bersten (Rashad Jennings week 9),Actor/Actress,Georgia,United States,55,5th Place,5,True,1,11,11,0,Jen Affleck,1,0,32.0
34,Hilaria Baldwin,7,0.0,4,Gleb Savchenko,Entrepreneur,New York,United States,41,Eliminated Week 4,11,True,0,4,11,0,Jen Affleck,1,0,
34,Jen Affleck,7,34.0,4,Jan Ravnik,TV Personality,Utah,United States,26,Eliminated Week 7,9,True,1,7,11,1,Jen Affleck,1,0,34.0
34,Jordan Chiles,7,38.0,4,Ezra Sosa (Apolo Anton Ohno week 9),Athlete,Texas,United States,24,3rd Place,3,True,1,11,11,0,Jen Affleck,1,0,38.0
34,Lauren Jauregui,7,0.0,4,Brandon Armstrong,Singer/Rapper,Florida,United States,29,Eliminated Week 3,12,True,0,3,11,0,Jen Affleck,1,0,
34,Robert Irwin,7,41.0,4,Witney Carson (Xoshitl Gomez week 9),Conservationist,,Australia,22,1st Place,1,True,1,11,11,0,Jen Affleck,1,0,41.0
34,Scott Hoying,7,0.0,4,Rylee Arnold,Singer/Rapper,California,United States,34,Eliminated Week 6,10,True,0,6,11,0,Jen Affleck,1,0,
34,Whitney Leavitt,7,42.0,4,Mark Ballas,TV Personality,Utah,United States,32,Eliminated Week 10,6,True,1,10,11,0,Jen Affleck,1,0,42.0
34,Alix Earle,8,38.5,4,Val Chmerkovskiy (Joey Graziadei week 9),Social media personality,Florida,United States,24,2nd Place,2,True,1,11,11,0,Danielle Fishel,1,0,38.5
34,Andy Richter,8,34.0,4,Emma Slater/Kaitlyn Bristowe (week 9),Comedian,California,United States,59,Eliminated Week 9,7,True,1,9,11,0,Danielle Fishel,1,0,34.0
34,Baron Davis,8,0.0,4,Britt Stewart,Athlete,California,United States,46,Eliminated Week 2,13,True,0,2,11,0,Danielle Fishel,1,0,
34,Corey Feldman,8,0.0,4,Jenna Johnson,Actor/Actress,California,United States,54,Eliminated Week 2,13,True,0,2,11,0,Danielle Fishel,1,0,
34,Danielle Fishel,8,37.0,4,Pasha Pashkov,Actor/Actress,California,United States,44,Eliminated Week 8,8,True,1,8,11,1,Danielle Fishel,1,0,37.0
34,Dylan Efron,8,38.0,4,Daniella Karagach (Rumer Willis week 9),TV Personality,California,United States,33,4th Place,4,True,1,11,11,0,Danielle Fishel,1,0,38.0
34,Elaine Hendrix,8,37.5,4,Alan Bersten (Rashad Jennings week 9),Actor/Actress,Georgia,United States,55,5th Place,5,True,1,11,11,0,Danielle Fishel,1,0,37.5
34,Hilaria Baldwin,8,0.0,4,Gleb Savchenko,Entrepreneur,New York,United States,41,Eliminated Week 4,11,True,0,4,11,0,Danielle Fishel,1,0,
34,Jen Affleck,8,0.0,4,Jan Ravnik,TV Personality,Utah,United States,26,Eliminated Week 7,9,True,0,7,11,0,Danielle Fishel,1,0,
34,Jordan Chiles,8,39.0,4,Ezra Sosa (Apolo Anton Ohno week 9),Athlete,Texas,United States,24,3rd Place,3,True,1,11,11,0,Danielle Fishel,1,0,39.0
34,Lauren Jauregui,8,0.0,4,Brandon Armstrong,Singer/Rapper,Florida,United States,29,Eliminated Week 3,12,True,0,3,11,0,Danielle Fishel,1,0,
34,Robert Irwin,8,38.0,4,Witney Carson (Xoshitl Gomez week 9),Conservationist,,Australia,22,1st Place,1,True,1,11,11,0,Danielle Fishel,1,0,38.0
34,Scott Hoying,8,0.0,4,Rylee Arnold,Singer/Rapper,California,United States,34,Eliminated Week 6,10,True,0,6,11,0,Danielle Fishel,1,0,
34,Whitney Leavitt,8,39.5,4,Mark Ballas,TV Personality,Utah,United States,32,Eliminated Week 10,6,True,1,10,11,0,Danielle Fishel,1,0,39.5
34,Alix Earle,9,40.0,4,Val Chmerkovskiy (Joey Graziadei week 9),Social media personality,Florida,United States,24,2nd Place,2,True,1,11,11,0,Andy Richter,1,0,40.0
34,Andy Richter,9,29.0,4,Emma Slater/Kaitlyn Bristowe (week 9),Comedian,California,United States,59,Eliminated Week 9,7,True,1,9,11,1,Andy Richter,1,0,29.0
34,Baron Davis,9,0.0,4,Britt Stewart,Athlete,California,United States,46,Eliminated Week 2,13,True,0,2,11,0,Andy Richter,1,0,
34,Corey Feldman,9,0.0,4,Jenna Johnson,Actor/Actress,California,United States,54,Eliminated Week 2,13,True,0,2,11,0,Andy Richter,1,0,
34,Danielle Fishel,9,0.0,4,Pasha Pashkov,Actor/Actress,California,United States,44,Eliminated Week 8,8,True,0,8,11,0,Andy Richter,1,0,
34,Dylan Efron,9,42.0,4,Daniella Karagach (Rumer Willis week 9),TV Personality,California,United States,33,4th Place,4,True,1,11,11,0,Andy Richter,1,0,42.0
34,Elaine Hendrix,9,36.0,4,Alan Bersten (Rashad Jennings week 9),Actor/Actress,Georgia,United States,55,5th Place,5,True,1,11,11,0,Andy Richter,1,0,36.0
34,Hilaria Baldwin,9,0.0,4,Gleb Savchenko,Entrepreneur,New York,United States,41,Eliminated Week 4,11,True,0,4,11,0,Andy Richter,1,0,
34,Jen Affleck,9,0.0,4,Jan Ravnik,TV Personality,Utah,United States,26,Eliminated Week 7,9,True,0,7,11,0,Andy Richter,1,0,
34,Jordan Chiles,9,39.0,4,Ezra Sosa (Apolo Anton Ohno week 9),Athlete,Texas,United States,24,3rd Place,3,True,1,11,11,0,Andy Richter,1,0,39.0
34,Lauren Jauregui,9,0.0,4,Brandon Armstrong,Singer/Rapper,Florida,United States,29,Eliminated Week 3,12,True,0,3,11,0,Andy Richter,1,0,
34,Robert Irwin,9,42.0,4,Witney Carson (Xoshitl Gomez week 9),Conservationist,,Australia,22,1st Place,1,True,1,11,11,0,Andy Richter,1,0,42.0
34,Scott Hoying,9,0.0,4,Rylee Arnold,Singer/Rapper,California,United States,34,Eliminated Week 6,10,True,0,6,11,0,Andy Richter,1,0,
34,Whitney Leavitt,9,42.0,4,Mark Ballas,TV Personality,Utah,United States,32,Eliminated Week 10,6,True,1,10,11,0,Andy Richter,1,0,42.0
34,Alix Earle,10,29.0,3,Val Chmerkovskiy (Joey Graziadei week 9),Social media personality,Florida,United States,24,2nd Place,2,True,1,11,11,0,Whitney Leavitt,1,0,29.0
34,Andy Richter,10,0.0,3,Emma Slater/Kaitlyn Bristowe (week 9),Comedian,California,United States,59,Eliminated Week 9,7,True,0,9,11,0,Whitney Leavitt,1,0,
34,Baron Davis,10,0.0,3,Britt Stewart,Athlete,California,United States,46,Eliminated Week 2,13,True,0,2,11,0,Whitney Leavitt,1,0,
34,Corey Feldman,10,0.0,3,Jenna Johnson,Actor/Actress,California,United States,54,Eliminated Week 2,13,True,0,2,11,0,Whitney Leavitt,1,0,
34,Danielle Fishel,10,0.0,3,Pasha Pashkov,Actor/Actress,California,United States,44,Eliminated Week 8,8,True,0,8,11,0,Whitney Leavitt,1,0,
34,Dylan Efron,10,27.5,3,Daniella Karagach (Rumer Willis week 9),TV Personality,California,United States,33,4th Place,4,True,1,11,11,0,Whitney Leavitt,1,0,27.5
34,Elaine Hendrix,10,28.5,3,Alan Bersten (Rashad Jennings week 9),Actor/Actress,Georgia,United States,55,5th Place,5,True,1,11,11,0,Whitney Leavitt,1,0,28.5
34,Hilaria Baldwin,10,0.0,3,Gleb Savchenko,Entrepreneur,New York,United States,41,Eliminated Week 4,11,True,0,4,11,0,Whitney Leavitt,1,0,
34,Jen Affleck,10,0.0,3,Jan Ravnik,TV Personality,Utah,United States,26,Eliminated Week 7,9,True,0,7,11,0,Whitney Leavitt,1,0,
34,Jordan Chiles,10,28.5,3,Ezra Sosa (Apolo Anton Ohno week 9),Athlete,Texas,United States,24,3rd Place,3,True,1,11,11,0,Whitney Leavitt,1,0,28.5
34,Lauren Jauregui,10,0.0,3,Brandon Armstrong,Singer/Rapper,Florida,United States,29,Eliminated Week 3,12,True,0,3,11,0,Whitney Leavitt,1,0,
34,Robert Irwin,10,29.5,3,Witney Carson (Xoshitl Gomez week 9),Conservationist,,Australia,22,1st Place,1,True,1,11,11,0,Whitney Leavitt,1,0,29.5
34,Scott Hoying,10,0.0,3,Rylee Arnold,Singer/Rapper,California,United States,34,Eliminated Week 6,10,True,0,6,11,0,Whitney Leavitt,1,0,
34,Whitney Leavitt,10,29.0,3,Mark Ballas,TV Personality,Utah,United States,32,Eliminated Week 10,6,True,1,10,11,1,Whitney Leavitt,1,0,29.0
34,Alix Earle,11,30.0,3,Val Chmerkovskiy (Joey Graziadei week 9),Social media personality,Florida,United States,24,2nd Place,2,True,1,11,11,0,,0,1,30.0
34,Andy Richter,11,0.0,3,Emma Slater/Kaitlyn Bristowe (week 9),Comedian,California,United States,59,Eliminated Week 9,7,True,0,9,11,0,,0,1,
34,Baron Davis,11,0.0,3,Britt Stewart,Athlete,California,United States,46,Eliminated Week 2,13,True,0,2,11,0,,0,1,
34,Corey Feldman,11,0.0,3,Jenna Johnson,Actor/Actress,California,United States,54,Eliminated Week 2,13,True,0,2,11,0,,0,1,
34,Danielle Fishel,11,0.0,3,Pasha Pashkov,Actor/Actress,California,United States,44,Eliminated Week 8,8,True,0,8,11,0,,0,1,
34,Dylan Efron,11,29.3332,3,Daniella Karagach (Rumer Willis week 9),TV Personality,California,United States,33,4th Place,4,True,1,11,11,0,,0,1,29.3332
34,Elaine Hendrix,11,28.9998,3,Alan Bersten (Rashad Jennings week 9),Actor/Actress,Georgia,United States,55,5th Place,5,True,1,11,11,0,,0,1,28.9998
34,Hilaria Baldwin,11,0.0,3,Gleb Savchenko,Entrepreneur,New York,United States,41,Eliminated Week 4,11,True,0,4,11,0,,0,1,
34,Jen Affleck,11,0.0,3,Jan Ravnik,TV Personality,Utah,United States,26,Eliminated Week 7,9,True,0,7,11,0,,0,1,
34,Jordan Chiles,11,29.666600000000003,3,Ezra Sosa (Apolo Anton Ohno week 9),Athlete,Texas,United States,24,3rd Place,3,True,1,11,11,0,,0,1,29.666600000000003
34,Lauren Jauregui,11,0.0,3,Brandon Armstrong,Singer/Rapper,Florida,United States,29,Eliminated Week 3,12,True,0,3,11,0,,0,1,
34,Robert Irwin,11,29.666600000000003,3,Witney Carson (Xoshitl Gomez week 9),Conservationist,,Australia,22,1st Place,1,True,1,11,11,0,,0,1,29.666600000000003
34,Scott Hoying,11,0.0,3,Rylee Arnold,Singer/Rapper,California,United States,34,Eliminated Week 6,10,True,0,6,11,0,,0,1,
34,Whitney Leavitt,11,0.0,3,Mark Ballas,TV Personality,Utah,United States,32,Eliminated Week 10,6,True,0,10,11,0,,0,1,
