Season,Week,Contestant,Result,Est_Fan_Vote,Certainty_Std,Sample_Size,Mode
1,2,Evander Holyfield,Safe,0.02292111955610205,0.02337150786575489,686,Hard
1,2,Joey McIntyre,Safe,0.052125632961178045,0.04219004523438205,686,Hard
1,2,John O'Hurley,Safe,0.6667868804154959,0.09035253229710373,686,Hard
1,2,Kelly Monaco,Safe,0.00975514361600624,0.01617269109194891,686,Hard
1,2,Rachel Hunter,Safe,0.24605337714743988,0.08158191078365225,686,Hard
1,2,Trista Sutter,Eliminated,0.0023578463037783504,0.004036804945421876,686,Hard
1,3,Evander Holyfield,Eliminated,0.0008064859048217404,0.005017575394382739,49064,Hard
1,3,Joey McIntyre,Safe,0.09827993398770508,0.07559890870725554,49064,Hard
1,3,John O'Hurley,Safe,0.2420108185281528,0.10812206890963795,49064,Hard
1,3,Kelly Monaco,Safe,0.06346066736995909,0.06179279216199004,49064,Hard
1,3,Rachel Hunter,Safe,0.5954420942093622,0.12401942249454179,49064,Hard
1,4,Joey McIntyre,Safe,0.00933251919312529,0.03485911468715741,179,Soft
1,4,John O'Hurley,Safe,0.18644240569615836,0.07046873122530915,179,Soft
1,4,Kelly Monaco,Safe,0.6692782530560095,0.1137915799653382,179,Soft
1,4,Rachel Hunter,Eliminated,0.13494682205470668,0.05519745591180472,179,Soft
1,5,Joey McIntyre,Eliminated,0.0025963255146860794,0.007606171643683412,37661,Hard
1,5,John O'Hurley,Safe,0.9653685239890247,0.04341101842135524,37661,Hard
1,5,Kelly Monaco,Safe,0.03203515049627375,0.04078443455402878,37661,Hard
2,1,Drew Lachey,Safe,0.32790499160836056,0.08427999960788247,18755,Hard
2,1,George Hamilton,Safe,0.015345661517425925,0.02187702180163191,18755,Hard
2,1,Giselle Fernandez,Safe,0.19802131880352855,0.07136258904664602,18755,Hard
2,1,Jerry Rice,Safe,0.07123986039612273,0.045901400974824515,18755,Hard
2,1,Kenny Mayne,Eliminated,2.6987733899493875e-05,0.00034119752749725904,18755,Hard
2,1,Lisa Rinna,Safe,0.025970000127587996,0.028601818891354124,18755,Hard
2,1,Master P,Safe,0.001773477752801492,0.007295488316313916,18755,Hard
2,1,Stacy Keibler,Safe,0.11891997964398435,0.05823499918612387,18755,Hard
2,1,Tatum O'Neal,Safe,0.1975425906767641,0.07177337165028351,18755,Hard
2,1,Tia Carrere,Safe,0.043255131739524694,0.03640335913134476,18755,Hard
2,2,Drew Lachey,Safe,0.23370609421249117,0.06117741421783814,18648,Hard
2,2,George Hamilton,Safe,0.019191024125041506,0.019870093286179853,18648,Hard
2,2,Giselle Fernandez,Safe,0.05198327229321083,0.03240809454919155,18648,Hard
2,2,Jerry Rice,Safe,0.03140881238783525,0.024917511735440045,18648,Hard
2,2,Lisa Rinna,Safe,0.0071055435638849055,0.012191926310835858,18648,Hard
2,2,Master P,Safe,0.002295061749237339,0.006798907311264719,18648,Hard
2,2,Stacy Keibler,Safe,0.6350710440723519,0.06967304410501488,18648,Hard
2,2,Tatum O'Neal,Eliminated,7.477356444471011e-05,0.00048554057047014976,18648,Hard
2,2,Tia Carrere,Safe,0.019164374031503555,0.019986974822838018,18648,Hard
2,3,Drew Lachey,Safe,0.3042221279253871,0.09377964793961839,368,Soft
2,3,George Hamilton,Safe,0.030199448544649756,0.026023598686651446,368,Soft
2,3,Giselle Fernandez,Eliminated,0.007900599560162539,0.00903659961121283,368,Soft
2,3,Jerry Rice,Safe,0.08086280931841862,0.04688580839384845,368,Soft
2,3,Lisa Rinna,Safe,0.07768904307456949,0.05712728522739819,368,Soft
2,3,Master P,Safe,0.005197289399738013,0.025444468311119815,368,Soft
2,3,Stacy Keibler,Safe,0.3141527347173692,0.08979895944361053,368,Soft
2,3,Tia Carrere,Safe,0.1797759474597054,0.08229491579341053,368,Soft
2,4,Drew Lachey,Safe,0.35330812223282543,0.1159672208252156,49870,Hard
2,4,George Hamilton,Safe,0.03791520284633678,0.04615807348518089,49870,Hard
2,4,Jerry Rice,Safe,0.09899196937705348,0.07222737225530995,49870,Hard
2,4,Lisa Rinna,Safe,0.18710466643470008,0.09484880731358372,49870,Hard
2,4,Master P,Eliminated,0.0004088521981131473,0.0034967434570835213,49870,Hard
2,4,Stacy Keibler,Safe,0.18588904960276226,0.094208049552709,49870,Hard
2,4,Tia Carrere,Safe,0.1363821373082066,0.0831286038974362,49870,Hard
2,5,Drew Lachey,Safe,0.09228231911581847,0.043887301139376646,44364,Hard
2,5,George Hamilton,Safe,0.010296657539906622,0.015283930667796748,44364,Hard
2,5,Jerry Rice,Safe,0.005097156046106018,0.010741553334544454,44364,Hard
2,5,Lisa Rinna,Safe,0.020998728750573327,0.021462223110125786,44364,Hard
2,5,Stacy Keibler,Safe,0.8705310346756944,0.05077334345619863,44364,Hard
2,5,Tia Carrere,Eliminated,0.0007941038719005042,0.002834060479814124,44364,Hard
2,6,Drew Lachey,Safe,0.46016633117037686,0.11149565192315013,24923,Hard
2,6,George Hamilton,Eliminated,0.000489965473134916,0.0023246552278885493,24923,Hard
2,6,Jerry Rice,Safe,0.009798097563271246,0.021090989860071595,24923,Hard
2,6,Lisa Rinna,Safe,0.06868240616794326,0.05677603272245661,24923,Hard
2,6,Stacy Keibler,Safe,0.4608631996252743,0.11208648948237682,24923,Hard
2,7,Drew Lachey,Safe,0.41234036781465205,0.1453529785450275,331,Hard
2,7,Jerry Rice,Safe,0.13273326902381904,0.0819828293707999,331,Hard
2,7,Lisa Rinna,Eliminated,0.07371138869575891,0.05191612110257506,331,Hard
2,7,Stacy Keibler,Safe,0.38121497446576985,0.14395950347744793,331,Hard
3,1,Emmitt Smith,Safe,0.20543667681907127,0.05512309698097229,49580,Hard
3,1,Harry Hamlin,Safe,0.006082282821391897,0.010620207246858892,49580,Hard
3,1,Jerry Springer,Safe,0.0035809503228719517,0.008025701982004712,49580,Hard
3,1,Joey Lawrence,Safe,0.045479404292850474,0.028466537412840574,49580,Hard
3,1,Mario Lopez,Safe,0.560319935584741,0.06796320599788294,49580,Hard
3,1,Monique Coleman,Safe,0.01667953135216898,0.017555338858370646,49580,Hard
3,1,Sara Evans,Safe,0.0022382087662589385,0.006498756416851402,49580,Hard
3,1,Shanna Moakler,Safe,0.01003173783002052,0.013653030326616855,49580,Hard
3,1,Tucker Carlson,Eliminated,0.00026089668014660347,0.0012931468628942784,49580,Hard
3,1,Vivica A. Fox,Safe,0.07507346982897191,0.03609349718537399,49580,Hard
3,1,Willa Ford,Safe,0.07481690570150591,0.036241351452956094,49580,Hard
3,2,Emmitt Smith,Safe,0.021187115873143966,0.014170656087355963,111,Soft
3,2,Harry Hamlin,Safe,0.0109530108318282,0.006083627592245412,111,Soft
3,2,Jerry Springer,Safe,0.0026028226066880816,0.00761065542713813,111,Soft
3,2,Joey Lawrence,Safe,0.8137820227623092,0.037146335490301385,111,Soft
3,2,Mario Lopez,Safe,0.01121915984682816,0.008899281324501266,111,Soft
3,2,Monique Coleman,Safe,0.09340911714935336,0.027384033188167588,111,Soft
3,2,Sara Evans,Safe,0.011497006026697992,0.007282890327972264,111,Soft
3,2,Shanna Moakler,Eliminated,0.0006863671402181896,0.0007592905058702823,111,Soft
3,2,Vivica A. Fox,Safe,0.02479826692328716,0.017154315076360133,111,Soft
3,2,Willa Ford,Safe,0.009865110839645735,0.013161604982918407,111,Soft
3,3,Emmitt Smith,Safe,0.0026011816309839723,0.008499723918118868,2681,Soft
3,3,Harry Hamlin,Eliminated,0.0007578858885004864,0.001293683355564673,2681,Soft
3,3,Jerry Springer,Safe,0.015681913289172206,0.01283986998872726,2681,Soft
3,3,Joey Lawrence,Safe,0.011541098507574097,0.013994331404991305,2681,Soft
3,3,Mario Lopez,Safe,0.010724104895795962,0.012960717622761492,2681,Soft
3,3,Monique Coleman,Safe,0.43075386280960126,0.06774766215948068,2681,Soft
3,3,Sara Evans,Safe,0.09045389689149524,0.03959800036110678,2681,Soft
3,3,Vivica A. Fox,Safe,0.42617728618577,0.06701725824872681,2681,Soft
3,3,Willa Ford,Safe,0.011308769901107239,0.01394891445545593,2681,Soft
3,4,Emmitt Smith,Safe,0.020262201697480827,0.021515115690364333,1761,Soft
3,4,Jerry Springer,Safe,0.02698997448871621,0.01984754267382696,1761,Soft
3,4,Joey Lawrence,Safe,0.13004323750191543,0.054899329438942594,1761,Soft
3,4,Mario Lopez,Safe,0.5302441334379429,0.07981288590308801,1761,Soft
3,4,Monique Coleman,Safe,0.020600635579112368,0.02049991068458736,1761,Soft
3,4,Sara Evans,Safe,0.004763066598933689,0.013864935144247055,1761,Soft
3,4,Vivica A. Fox,Eliminated,0.002372423688230133,0.003355709468246293,1761,Soft
3,4,Willa Ford,Safe,0.26472432700766807,0.07272963919114155,1761,Soft
3,5,Emmitt Smith,Safe,0.24559041204920098,0.08983362464344251,24486,Hard
3,5,Jerry Springer,Safe,0.0053306949153562036,0.015052949272757164,24486,Hard
3,5,Joey Lawrence,Safe,0.01304033361810967,0.023693094593170233,24486,Hard
3,5,Mario Lopez,Safe,0.24533359368723814,0.08930768297146281,24486,Hard
3,5,Monique Coleman,Safe,0.24637460476089976,0.09001291666685327,24486,Hard
3,5,Sara Evans,Eliminated,0.0001329702274538349,0.0008558426011308351,24486,Hard
3,5,Willa Ford,Eliminated,0.24419739074174546,0.08941126704229146,24486,Hard
3,7,Emmitt Smith,Safe,0.3502260583308198,0.13182919058461562,49728,Hard
3,7,Jerry Springer,Eliminated,0.0010819301846467584,0.00650584746670931,49728,Hard
3,7,Joey Lawrence,Safe,0.349920871304174,0.13193111197639779,49728,Hard
3,7,Mario Lopez,Safe,0.21618208565889324,0.11362866606580246,49728,Hard
3,7,Monique Coleman,Safe,0.08258905452146284,0.07616804526282948,49728,Hard
3,8,Emmitt Smith,Safe,0.018147523025568546,0.024352898326523823,42938,Hard
3,8,Joey Lawrence,Safe,0.018191843134104012,0.024265993158684905,42938,Hard
3,8,Mario Lopez,Safe,0.962557591177749,0.03499537673860116,42938,Hard
3,8,Monique Coleman,Eliminated,0.001103042662576181,0.0028238325159633515,42938,Hard
3,9,Emmitt Smith,Safe,0.4442055118748668,0.2080497275704207,16533,Hard
3,9,Joey Lawrence,Eliminated,0.11048379106502614,0.07803183832931222,16533,Hard
3,9,Mario Lopez,Safe,0.44531069706010346,0.20816738718049138,16533,Hard
4,2,Apolo Anton Ohno,Safe,0.2643472013454861,0.05192603219515238,2048,Soft
4,2,Billy Ray Cyrus,Safe,0.0070681360229970175,0.009698061794427743,2048,Soft
4,2,Clyde Drexler,Safe,0.0017015579144406261,0.005976297988246522,2048,Soft
4,2,Heather Mills,Safe,0.05690740112635047,0.027360758736922123,2048,Soft
4,2,Ian Ziering,Safe,0.0119574422888426,0.012671384295708358,2048,Soft
4,2,Joey Fatone,Safe,0.05507409409444677,0.026676269437984,2048,Soft
4,2,John Ratzenberger,Safe,0.0065319824092218235,0.009642294379033639,2048,Soft
4,2,Laila Ali,Safe,0.5769510787576855,0.057658387846048105,2048,Soft
4,2,Leeza Gibbons,Safe,0.006720012806357602,0.009365228672647084,2048,Soft
4,2,Paulina Porizkova,Eliminated,0.0003213826808741309,0.0006980527160337369,2048,Soft
4,2,Shandi Finnessey,Safe,0.012419710553298708,0.010276875462730142,2048,Soft
4,3,Apolo Anton Ohno,Safe,0.09292673917835609,0.05451694115661126,4536,Soft
4,3,Billy Ray Cyrus,Safe,0.023282025459955332,0.02590846143804691,4536,Soft
4,3,Clyde Drexler,Safe,0.000816260583485531,0.006328860845179801,4536,Soft
4,3,Heather Mills,Safe,0.20910312920179586,0.0730712101839244,4536,Soft
4,3,Ian Ziering,Safe,0.20718836596911228,0.07442785132414172,4536,Soft
4,3,Joey Fatone,Safe,0.2090685316543285,0.07388747266188476,4536,Soft
4,3,John Ratzenberger,Safe,0.025781881160804078,0.02326584732860046,4536,Soft
4,3,Laila Ali,Safe,0.021989165951883466,0.023886064442318375,4536,Soft
4,3,Leeza Gibbons,Safe,0.20765803590960555,0.07366021745460889,4536,Soft
4,3,Shandi Finnessey,Eliminated,0.002185864930672777,0.003396399820260582,4536,Soft
4,4,Apolo Anton Ohno,Safe,0.2242083203190615,0.06433896391720247,1844,Hard
4,4,Billy Ray Cyrus,Safe,0.022805115378049353,0.023175005405169622,1844,Hard
4,4,Clyde Drexler,Safe,0.017221571959995557,0.01463901339186846,1844,Hard
4,4,Heather Mills,Safe,0.056623883813216154,0.03540682615219798,1844,Hard
4,4,Ian Ziering,Safe,0.09031832886676487,0.042593329044565066,1844,Hard
4,4,Joey Fatone,Safe,0.5616883738261781,0.07631260875110692,1844,Hard
4,4,John Ratzenberger,Safe,0.004469904498057148,0.010044740034627278,1844,Hard
4,4,Laila Ali,Safe,0.022518248454461515,0.021867366896673703,1844,Hard
4,4,Leeza Gibbons,Eliminated,0.0001462528842166133,0.0008003836827064658,1844,Hard
4,5,Apolo Anton Ohno,Safe,0.5543633814258438,0.08409619294738244,49470,Hard
4,5,Billy Ray Cyrus,Safe,0.0046317186388384465,0.011385926364849079,49470,Hard
4,5,Clyde Drexler,Eliminated,0.0006034545505452814,0.0025130748580537736,49470,Hard
4,5,Heather Mills,Safe,0.020076380123447223,0.023663227080225044,49470,Hard
4,5,Ian Ziering,Safe,0.06117074871135918,0.04053115087567396,49470,Hard
4,5,Joey Fatone,Safe,0.0879842959022805,0.04793972151786963,49470,Hard
4,5,John Ratzenberger,Safe,0.0066139181165154465,0.013655686199754448,49470,Hard
4,5,Laila Ali,Safe,0.26455610253116396,0.07406403431180983,49470,Hard
4,6,Apolo Anton Ohno,Safe,0.34046855917561103,0.09314714886776075,54,Hard
4,6,Billy Ray Cyrus,Safe,0.03754963277280518,0.024537351801289027,54,Hard
4,6,Heather Mills,Eliminated,0.003102971468085064,0.004497973633190159,54,Hard
4,6,Ian Ziering,Safe,0.03204001383119704,0.031895755311507436,54,Hard
4,6,Joey Fatone,Safe,0.18298648666928213,0.0761258005996186,54,Hard
4,6,John Ratzenberger,Safe,0.04717039464647679,0.02459096916303576,54,Hard
4,6,Laila Ali,Safe,0.35668194143654275,0.07856790187437258,54,Hard
4,7,Apolo Anton Ohno,Safe,0.09920052674389694,0.06844202495673415,821,Hard
4,7,Billy Ray Cyrus,Safe,0.05829169795553747,0.03569768645831806,821,Hard
4,7,Ian Ziering,Safe,0.09912271037815017,0.06465730200440813,821,Hard
4,7,Joey Fatone,Safe,0.36767038842836136,0.10126162433856475,821,Hard
4,7,John Ratzenberger,Eliminated,0.003394886936262666,0.007847806552718108,821,Hard
4,7,Laila Ali,Safe,0.37231978955779194,0.10782995216897369,821,Hard
4,8,Apolo Anton Ohno,Safe,0.5813249533101004,0.12071890374045126,49492,Hard
4,8,Billy Ray Cyrus,Eliminated,0.0011441497131826006,0.00527666860768474,49492,Hard
4,8,Ian Ziering,Safe,0.026438418743041203,0.039558423353276057,49492,Hard
4,8,Joey Fatone,Safe,0.24953132673499262,0.10661872441702734,49492,Hard
4,8,Laila Ali,Safe,0.14156115149868512,0.08502420101324704,49492,Hard
4,9,Apolo Anton Ohno,Safe,0.044609956805871764,0.055829435577324955,47541,Hard
4,9,Ian Ziering,Eliminated,0.0013321644347200298,0.006130349959132501,47541,Hard
4,9,Joey Fatone,Safe,0.4769028263389104,0.1341330122505392,47541,Hard
4,9,Laila Ali,Safe,0.477155052420497,0.13394477271086477,47541,Hard
5,1,Albert Reed,Safe,0.013404663634308792,0.015347830440998309,49378,Hard
5,1,Cameron Mathison,Safe,0.013464818893280151,0.015340827542376962,49378,Hard
5,1,Floyd Mayweather Jr. ,Safe,0.0016296488909553395,0.005362059364982951,49378,Hard
5,1,Helio Castroneves,Safe,0.2312675969322202,0.05604380299121996,49378,Hard
5,1,Jane Seymour,Safe,0.11341784261167688,0.04237006141987013,49378,Hard
5,1,Jennie Garth,Safe,0.01344917080356217,0.01528257717985315,49378,Hard
5,1,Josie Maran,Eliminated,0.0001481492480236691,0.0007743627371651907,49378,Hard
5,1,Marie Osmond,Safe,0.013510851978127132,0.01538388899751645,49378,Hard
5,1,Mark Cuban,Safe,0.013333041058845026,0.015232618771537329,49378,Hard
5,1,Mel B,Safe,0.11315214911624961,0.04231438213235052,49378,Hard
5,1,Sabrina Bryan,Safe,0.4699895042016743,0.06670625847262378,49378,Hard
5,1,Wayne Newton,Safe,0.0032325626310744544,0.007615339193311712,49378,Hard
5,2,Albert Reed,Eliminated,0.0014209451999494841,0.0020637357937246846,428,Soft
5,2,Cameron Mathison,Safe,0.014291952326951263,0.016211550966766294,428,Soft
5,2,Floyd Mayweather Jr. ,Safe,0.014363050598546546,0.015516621541597197,428,Soft
5,2,Helio Castroneves,Safe,0.514334673159298,0.0664175639906802,428,Soft
5,2,Jane Seymour,Safe,0.014507387151810554,0.014962077512143613,428,Soft
5,2,Jennie Garth,Safe,0.014104657538443718,0.015438261734036752,428,Soft
5,2,Marie Osmond,Safe,0.07920581889093803,0.03701568208678431,428,Soft
5,2,Mark Cuban,Safe,0.025533449465961373,0.01409081625222268,428,Soft
5,2,Mel B,Safe,0.044730872536952515,0.025899515249081663,428,Soft
5,2,Sabrina Bryan,Safe,0.2755891093896571,0.06289068962651546,428,Soft
5,2,Wayne Newton,Safe,0.0019180837414912275,0.009851713354110109,428,Soft
5,3,Cameron Mathison,Safe,0.017642678273026565,0.023056197685366393,48927,Hard
5,3,Floyd Mayweather Jr. ,Safe,0.004932849670637652,0.0121662396077195,48927,Hard
5,3,Helio Castroneves,Safe,0.03365316205100503,0.03156553897574971,48927,Hard
5,3,Jane Seymour,Safe,0.23228009844654599,0.07429653721216788,48927,Hard
5,3,Jennie Garth,Safe,0.12175200858879945,0.05685441497965603,48927,Hard
5,3,Marie Osmond,Safe,0.12176614693315645,0.05723435692317095,48927,Hard
5,3,Mark Cuban,Safe,0.002556243008748081,0.008827587604635192,48927,Hard
5,3,Mel B,Safe,0.23227863533404117,0.07410022878815879,48927,Hard
5,3,Sabrina Bryan,Safe,0.23295855336113155,0.07466638318791732,48927,Hard
5,3,Wayne Newton,Eliminated,0.00017962433290783858,0.0008995889399817226,48927,Hard
5,4,Cameron Mathison,Safe,0.05074954180820483,0.030897979406693782,1539,Hard
5,4,Floyd Mayweather Jr. ,Eliminated,0.0003469648963900316,0.001253931137169682,1539,Hard
5,4,Helio Castroneves,Safe,0.05063345221514281,0.031172034581388005,1539,Hard
5,4,Jane Seymour,Safe,0.020268751365003675,0.019133836846491444,1539,Hard
5,4,Jennie Garth,Safe,0.050632759321510366,0.030197143891418535,1539,Hard
5,4,Marie Osmond,Safe,0.022453785081022793,0.021612940445800616,1539,Hard
5,4,Mark Cuban,Safe,0.014936261235181445,0.012688309116519029,1539,Hard
5,4,Mel B,Safe,0.02072254589932779,0.020139625725420947,1539,Hard
5,4,Sabrina Bryan,Safe,0.7692559381782168,0.05755323851313338,1539,Hard
5,5,Cameron Mathison,Safe,0.06512268677773396,0.041165522178952106,25222,Hard
5,5,Helio Castroneves,Safe,0.007616232810125885,0.014524816899397337,25222,Hard
5,5,Jane Seymour,Safe,0.06487661128284922,0.041595920544873086,25222,Hard
5,5,Jennie Garth,Safe,0.03210952561053809,0.029824164883000062,25222,Hard
5,5,Marie Osmond,Safe,0.0034108125093949464,0.00945552891001247,25222,Hard
5,5,Mark Cuban,Eliminated,0.00010971843431674115,0.0007321909117790737,25222,Hard
5,5,Mel B,Safe,0.5544421805788904,0.08381382448386737,25222,Hard
5,5,Sabrina Bryan,Safe,0.27231223199615023,0.07514494033876275,25222,Hard
5,6,Cameron Mathison,Safe,0.02248721297382814,0.0219217115309542,2061,Soft
5,6,Helio Castroneves,Safe,0.15510611906325647,0.05740706068551049,2061,Soft
5,6,Jane Seymour,Safe,0.009318313504883225,0.018289298509809693,2061,Soft
5,6,Jennie Garth,Safe,0.07046205476192742,0.040584349466163905,2061,Soft
5,6,Marie Osmond,Safe,0.024693523850602514,0.02042262284437608,2061,Soft
5,6,Mel B,Safe,0.7142996043035974,0.06995645792549417,2061,Soft
5,6,Sabrina Bryan,Eliminated,0.0036331715419047135,0.004979308583845081,2061,Soft
5,7,Cameron Mathison,Safe,0.0075199855800381875,0.015701888801573034,46701,Hard
5,7,Helio Castroneves,Safe,0.03423549822644819,0.03303107654639146,46701,Hard
5,7,Jane Seymour,Eliminated,0.00028085191861233755,0.0012393004571472474,46701,Hard
5,7,Jennie Garth,Safe,0.1617467160613482,0.0669878239675367,46701,Hard
5,7,Marie Osmond,Safe,0.03449395367475992,0.03332547396563653,46701,Hard
5,7,Mel B,Safe,0.7617229945387916,0.07771476117881757,46701,Hard
5,8,Cameron Mathison,Eliminated,0.0026308258892711474,0.004446407746324558,1194,Hard
5,8,Helio Castroneves,Safe,0.6079349754446947,0.09684842131397153,1194,Hard
5,8,Jennie Garth,Safe,0.027813934490952524,0.026562889586641127,1194,Hard
5,8,Marie Osmond,Safe,0.03266292507697573,0.028524923981455345,1194,Hard
5,8,Mel B,Safe,0.32895733909810576,0.0935793897921139,1194,Hard
5,9,Helio Castroneves,Safe,0.4589288935023309,0.1317831952806697,2086,Hard
5,9,Jennie Garth,Eliminated,0.013005315243478493,0.018667174520572122,2086,Hard
5,9,Marie Osmond,Safe,0.060171748709511044,0.049207688424082296,2086,Hard
5,9,Mel B,Safe,0.4678940425446792,0.13364101885816157,2086,Hard
6,2,Adam Carolla,Safe,0.005847455191159676,0.010475672705268462,47704,Hard
6,2,Cristian de la Fuente,Safe,0.009651207625775825,0.01350881059885388,47704,Hard
6,2,Jason Taylor,Safe,0.3103821549375531,0.06370056016370174,47704,Hard
6,2,Kristi Yamaguchi,Safe,0.309669853778,0.06378096591332136,47704,Hard
6,2,Mario,Safe,0.18901609342656744,0.05372336190363056,47704,Hard
6,2,Marissa Jaret Winokur,Safe,0.0157976861714919,0.017184674623623827,47704,Hard
6,2,Marlee Matlin,Safe,0.07009601382112184,0.035253172874431825,47704,Hard
6,2,Monica Seles,Eliminated,0.0001988475133922277,0.001149897070791419,47704,Hard
6,2,Penn Jillette,Eliminated,0.0021415013929260984,0.00631686079250154,47704,Hard
6,2,Priscilla Presley,Safe,0.01573608888232511,0.017175016035688384,47704,Hard
6,2,Shannon Elizabeth,Safe,0.07009399457347944,0.03534279264089027,47704,Hard
6,2,Steve Guttenberg,Safe,0.0013691026862094058,0.005057719451755764,47704,Hard
6,3,Adam Carolla,Safe,0.005719927778333256,0.009402877658943177,339,Hard
6,3,Cristian de la Fuente,Safe,0.10748481803724216,0.03992701751653228,339,Hard
6,3,Jason Taylor,Safe,0.021126786893039894,0.0189245163404652,339,Hard
6,3,Kristi Yamaguchi,Safe,0.5417622348194817,0.06438779156341573,339,Hard
6,3,Mario,Safe,0.005602495898787248,0.009403867484858858,339,Hard
6,3,Marissa Jaret Winokur,Safe,0.019797489369244855,0.014388971498611822,339,Hard
6,3,Marlee Matlin,Safe,0.005394534783806383,0.008520272677811821,339,Hard
6,3,Priscilla Presley,Safe,0.24424971383291685,0.056767266046775046,339,Hard
6,3,Shannon Elizabeth,Safe,0.04875063205103508,0.028960855769235964,339,Hard
6,3,Steve Guttenberg,Eliminated,0.00011136653611242656,0.0003293202528070959,339,Hard
6,4,Adam Carolla,Eliminated,0.00027271494110697037,0.0014219602661632033,49403,Hard
6,4,Cristian de la Fuente,Safe,0.053113311478969125,0.03706116138613771,49403,Hard
6,4,Jason Taylor,Safe,0.35434250433328224,0.07909954884284882,49403,Hard
6,4,Kristi Yamaguchi,Safe,0.35451121977965383,0.07925136524422834,49403,Hard
6,4,Mario,Safe,0.015138886333266948,0.020322775909410312,49403,Hard
6,4,Marissa Jaret Winokur,Safe,0.015002321639630077,0.0201350201064288,49403,Hard
6,4,Marlee Matlin,Safe,0.01491748996685277,0.0200917049738275,49403,Hard
6,4,Priscilla Presley,Safe,0.004316667736280608,0.010986738136202075,49403,Hard
6,4,Shannon Elizabeth,Safe,0.18838488379095664,0.0650007693186694,49403,Hard
6,5,Cristian de la Fuente,Safe,0.007217528975430321,0.012680217588256585,46619,Hard
6,5,Jason Taylor,Safe,0.14721144095292266,0.052031771761982246,46619,Hard
6,5,Kristi Yamaguchi,Safe,0.6710755933427324,0.06920892196740781,46619,Hard
6,5,Mario,Safe,0.14789079374264175,0.052284134709122694,46619,Hard
6,5,Marissa Jaret Winokur,Safe,0.015403686446665645,0.018323867148188698,46619,Hard
6,5,Marlee Matlin,Safe,0.0034967563714835806,0.008865920276069288,46619,Hard
6,5,Priscilla Presley,Eliminated,0.00039394506546551884,0.0011452957861859876,46619,Hard
6,5,Shannon Elizabeth,Safe,0.00731025510266633,0.012861470961173585,46619,Hard
6,6,Cristian de la Fuente,Safe,0.08009459987216457,0.047313750944577945,49211,Hard
6,6,Jason Taylor,Safe,0.009283705954261636,0.016949838689925976,49211,Hard
6,6,Kristi Yamaguchi,Safe,0.6980861264346483,0.08051334901820349,49211,Hard
6,6,Mario,Safe,0.1645308159699733,0.06477589182725367,49211,Hard
6,6,Marissa Jaret Winokur,Safe,0.0385335773496276,0.0334200337926598,49211,Hard
6,6,Marlee Matlin,Eliminated,0.000460780061240052,0.0019949337049051815,49211,Hard
6,6,Shannon Elizabeth,Safe,0.009010394358081045,0.01645506856624847,49211,Hard
6,7,Cristian de la Fuente,Safe,0.05124676479095714,0.031403256135190016,285,Hard
6,7,Jason Taylor,Safe,0.5597860338782779,0.10217894893939525,285,Hard
6,7,Kristi Yamaguchi,Safe,0.2688450145086337,0.09330686752390714,285,Hard
6,7,Mario,Safe,0.04415602294645273,0.03648457241436787,285,Hard
6,7,Marissa Jaret Winokur,Safe,0.06949264610979013,0.0524507583633275,285,Hard
6,7,Shannon Elizabeth,Eliminated,0.0064735177658884905,0.00750486637786053,285,Hard
6,8,Cristian de la Fuente,Safe,0.7759076097903117,0.07878576738148815,390,Hard
6,8,Jason Taylor,Safe,0.03395192748378218,0.029844281550051893,390,Hard
6,8,Kristi Yamaguchi,Safe,0.143965526433523,0.07033206794514374,390,Hard
6,8,Mario,Eliminated,0.006209312434173469,0.008218274891866368,390,Hard
6,8,Marissa Jaret Winokur,Safe,0.03996562385821031,0.027176086395591055,390,Hard
6,9,Cristian de la Fuente,Safe,0.2346944652884942,0.11517537468114553,49113,Hard
6,9,Jason Taylor,Safe,0.08104552001800837,0.07397336946374357,49113,Hard
6,9,Kristi Yamaguchi,Safe,0.6824211630870899,0.1271307126130829,49113,Hard
6,9,Marissa Jaret Winokur,Eliminated,0.0018388516064053431,0.008147710851574385,49113,Hard
7,1,Brooke Burke,Safe,0.5461985847721056,0.06770067687258786,49890,Hard
7,1,Cloris Leachman,Safe,0.00213163603016178,0.006418595495584521,49890,Hard
7,1,Cody Linley,Safe,0.03949292126354538,0.026543094905193906,49890,Hard
7,1,Jeffrey Ross,Eliminated,9.209682184137307e-05,0.0008107555387177868,49890,Hard
7,1,Kim Kardashian,Safe,0.010634186469845661,0.013944684483734805,49890,Hard
7,1,Lance Bass,Safe,0.07616141816374579,0.03621095222523724,49890,Hard
7,1,Maurice Greene,Safe,0.020490975829630578,0.01935665394221927,49890,Hard
7,1,Misty May-Treanor,Safe,0.05477005165979268,0.031156322720149145,49890,Hard
7,1,Rocco DiSpirito,Safe,0.005551639029865091,0.010190485253880464,49890,Hard
7,1,Susan Lucci,Safe,0.010658622632673396,0.014262740825759372,49890,Hard
7,1,Ted McGinley,Eliminated,0.010669654768281684,0.013996698681861723,49890,Hard
7,1,Toni Braxton,Safe,0.14668563629287237,0.04812190749344329,49890,Hard
7,1,Warren Sapp,Safe,0.07646257626563761,0.036237216896708814,49890,Hard
7,2,Brooke Burke,Safe,0.3235599314056186,0.07436797628542906,75,Hard
7,2,Cloris Leachman,Safe,0.02270908690424974,0.012809269623315517,75,Hard
7,2,Cody Linley,Safe,0.03985235964262966,0.028137128703339044,75,Hard
7,2,Kim Kardashian,Eliminated,0.000349240208804046,0.000976466480447973,75,Hard
7,2,Lance Bass,Safe,0.022360879637212863,0.024221886331590593,75,Hard
7,2,Maurice Greene,Safe,0.009403839527154536,0.011081604766316769,75,Hard
7,2,Misty May-Treanor,Eliminated,0.04133926358275209,0.030419854828795546,75,Hard
7,2,Rocco DiSpirito,Safe,0.017791198525500686,0.0169600503981383,75,Hard
7,2,Susan Lucci,Safe,0.044854222794676234,0.03449467592009783,75,Hard
7,2,Toni Braxton,Safe,0.16945399170974554,0.060447080078809536,75,Hard
7,2,Warren Sapp,Safe,0.30832598606165607,0.06770869519495634,75,Hard
7,4,Brooke Burke,Safe,0.4157072278543917,0.07670223866710012,49203,Hard
7,4,Cloris Leachman,Safe,0.01604355616234314,0.01964217646381617,49203,Hard
7,4,Cody Linley,Safe,0.03635173951646664,0.02944249614135001,49203,Hard
7,4,Lance Bass,Safe,0.41553933067603205,0.07691614797997001,49203,Hard
7,4,Maurice Greene,Safe,0.003115901958716301,0.008661929095138325,49203,Hard
7,4,Rocco DiSpirito,Eliminated,0.00021627434079658962,0.0010845032580029971,49203,Hard
7,4,Susan Lucci,Safe,0.08111129490352444,0.042417290089855814,49203,Hard
7,4,Toni Braxton,Safe,0.01602798789848238,0.019707347478793137,49203,Hard
7,4,Warren Sapp,Safe,0.015886686689240863,0.019639234283290414,49203,Hard
7,5,Brooke Burke,Safe,0.505279324783002,0.07304376981467116,385,Hard
7,5,Cloris Leachman,Safe,0.018092344378571063,0.016199555594095673,385,Hard
7,5,Cody Linley,Safe,0.2689702514037211,0.06796196304218455,385,Hard
7,5,Lance Bass,Safe,0.018957920367165013,0.01559588900774314,385,Hard
7,5,Maurice Greene,Safe,0.1435411488375137,0.05325065408000701,385,Hard
7,5,Susan Lucci,Safe,0.008617636205972473,0.01506088251988119,385,Hard
7,5,Toni Braxton,Eliminated,0.0003897119109783667,0.0009688123614231422,385,Hard
7,5,Warren Sapp,Safe,0.03615166211307554,0.025701568168691957,385,Hard
7,6,Brooke Burke,Safe,0.26650961772437404,0.09556551560313177,49808,Hard
7,6,Cloris Leachman,Eliminated,0.0004269936521412118,0.0029418288811705155,49808,Hard
7,6,Cody Linley,Safe,0.052599014393100656,0.04799224517251528,49808,Hard
7,6,Lance Bass,Safe,0.4543904086714259,0.10773792827404331,49808,Hard
7,6,Maurice Greene,Safe,0.017881785796718504,0.028569279869281074,49808,Hard
7,6,Susan Lucci,Safe,0.052847265145616724,0.04874979129505583,49808,Hard
7,6,Warren Sapp,Safe,0.15534491461661973,0.07859334888305969,49808,Hard
7,7,Brooke Burke,Safe,0.903447816874733,0.037240379003895596,2297,Soft
7,7,Cody Linley,Safe,0.025586879591570546,0.018361897235624352,2297,Soft
7,7,Lance Bass,Safe,0.028536661165094186,0.02269107028055712,2297,Soft
7,7,Maurice Greene,Safe,0.027965876619933962,0.021876890322860398,2297,Soft
7,7,Susan Lucci,Eliminated,0.004481411222495338,0.004950389358383537,2297,Soft
7,7,Warren Sapp,Safe,0.009981354526173991,0.01844691215089057,2297,Soft
7,8,Brooke Burke,Safe,0.6404453775184138,0.09740474359513443,24575,Hard
7,8,Cody Linley,Safe,0.010059491303379603,0.019233002828192125,24575,Hard
7,8,Lance Bass,Safe,0.02191422431401692,0.0291492619350304,24575,Hard
7,8,Maurice Greene,Eliminated,0.0006139441893933867,0.0023251285607247653,24575,Hard
7,8,Warren Sapp,Safe,0.32696696267479597,0.09497654700988777,24575,Hard
7,9,Brooke Burke,Safe,0.019346760885981758,0.025324380081791525,46706,Hard
7,9,Cody Linley,Eliminated,0.0018307899966375951,0.004153071221598696,46706,Hard
7,9,Lance Bass,Safe,0.9594508081132221,0.03611154292402916,46706,Hard
7,9,Warren Sapp,Safe,0.019371641004171086,0.025287380839432064,46706,Hard
8,2,Belinda Carlisle,Eliminated,0.0003934022021392309,0.0008991829430461019,546,Soft
8,2,Chuck Wicks,Safe,0.011286569967282261,0.012018890696884528,546,Soft
8,2,David Alan Grier,Safe,0.01188394586305375,0.010379279920669076,546,Soft
8,2,Denise Richards,Safe,0.0171157476965787,0.014261985402765777,546,Soft
8,2,Gilles Marini,Safe,0.49131321712292175,0.05502522076387301,546,Soft
8,2,Holly Madison,Safe,0.005572675592692366,0.008414452817926686,546,Soft
8,2,Lawrence Taylor,Safe,0.010849105241960718,0.011902397303198137,546,Soft
8,2,Lil' Kim,Safe,0.0540677256302468,0.02493787523435523,546,Soft
8,2,Melissa Rycroft,Safe,0.2830045381617117,0.051165507476470536,546,Soft
8,2,Shawn Johnson,Safe,0.09215083801913977,0.033752611963854186,546,Soft
8,2,Steve Wozniak,Safe,0.010885443454799833,0.008031967927106682,546,Soft
8,2,Steve-O,Safe,0.0017265810284213569,0.005722738740975409,546,Soft
8,2,Ty Murray,Safe,0.00975021001905127,0.010446896382737334,546,Soft
8,3,Chuck Wicks,Safe,0.04946081836548798,0.033443636618257486,5553,Soft
8,3,David Alan Grier,Safe,0.07363787440068001,0.041527654336918615,5553,Soft
8,3,Denise Richards,Eliminated,0.0005531157027404518,0.0013608891628855882,5553,Soft
8,3,Gilles Marini,Safe,0.22667271835772104,0.06489310188923283,5553,Soft
8,3,Holly Madison,Safe,0.005508251908951542,0.011447090255552338,5553,Soft
8,3,Lawrence Taylor,Safe,0.01612642038059852,0.019791550584456707,5553,Soft
8,3,Lil' Kim,Safe,0.10550820833647669,0.04781532666673519,5553,Soft
8,3,Melissa Rycroft,Safe,0.22840027570683516,0.06588530703987686,5553,Soft
8,3,Shawn Johnson,Safe,0.2256494458199618,0.06471905340542938,5553,Soft
8,3,Steve Wozniak,Safe,0.001492740624856699,0.007696012155054677,5553,Soft
8,3,Steve-O,Safe,0.016563443028776482,0.01569549944115344,5553,Soft
8,3,Ty Murray,Safe,0.05042668736691263,0.0347891280424802,5553,Soft
8,4,Chuck Wicks,Safe,0.023052722266141284,0.022515854458944613,49371,Hard
8,4,David Alan Grier,Safe,0.023009865218573258,0.022466196747081238,49371,Hard
8,4,Gilles Marini,Safe,0.394401773722678,0.07305886880458164,49371,Hard
8,4,Holly Madison,Eliminated,0.0026782219470649613,0.007707561660025304,49371,Hard
8,4,Lawrence Taylor,Safe,0.007897502012255898,0.01311278207412716,49371,Hard
8,4,Lil' Kim,Safe,0.1363537777436602,0.05151264675298777,49371,Hard
8,4,Melissa Rycroft,Safe,0.27638230335412994,0.06742218759660223,49371,Hard
8,4,Shawn Johnson,Safe,0.0668947267263354,0.03753319772842308,49371,Hard
8,4,Steve Wozniak,Eliminated,0.00031392003576222627,0.001602583030128826,49371,Hard
8,4,Steve-O,Safe,0.0019833646877036957,0.006833060081454853,49371,Hard
8,4,Ty Murray,Safe,0.067031822285694,0.03749305754273063,49371,Hard
8,5,Chuck Wicks,Safe,0.01578603072702368,0.016082264971063014,602,Soft
8,5,David Alan Grier,Eliminated,0.0016020578436386054,0.0023457990766698996,602,Soft
8,5,Gilles Marini,Safe,0.6654873839041741,0.06222660672928074,602,Soft
8,5,Lawrence Taylor,Safe,0.021998905559128513,0.015910087679740625,602,Soft
8,5,Lil' Kim,Safe,0.10689641367709646,0.041272695810030735,602,Soft
8,5,Melissa Rycroft,Safe,0.05794707153229629,0.03379563895479952,602,Soft
8,5,Shawn Johnson,Safe,0.10686944515933079,0.04437198942738515,602,Soft
8,5,Steve-O,Safe,0.005058744465468975,0.012452483189006412,602,Soft
8,5,Ty Murray,Safe,0.018353947131842387,0.015502350296318903,602,Soft
8,6,Chuck Wicks,Safe,0.034479345595865844,0.03544143116012586,48725,Hard
8,6,Gilles Marini,Safe,0.1497243207756247,0.06908679156175991,48725,Hard
8,6,Lawrence Taylor,Safe,0.020998416433153956,0.027717574438992268,48725,Hard
8,6,Lil' Kim,Safe,0.39856715535632425,0.09441266627682898,48725,Hard
8,6,Melissa Rycroft,Safe,0.2437471505182062,0.08252397873687888,48725,Hard
8,6,Shawn Johnson,Safe,0.14920016420341878,0.06865491056377258,48725,Hard
8,6,Steve-O,Eliminated,0.0002942330491971278,0.0014128869435670658,48725,Hard
8,6,Ty Murray,Safe,0.0029892140682137793,0.010363867319299737,48725,Hard
8,7,Chuck Wicks,Safe,0.10320793196554874,0.064033492162712,49424,Hard
8,7,Gilles Marini,Safe,0.1027400468272961,0.06396223578680076,49424,Hard
8,7,Lawrence Taylor,Eliminated,0.000320296792745054,0.0019236265400289297,49424,Hard
8,7,Lil' Kim,Safe,0.0467550378918083,0.04453517736830193,49424,Hard
8,7,Melissa Rycroft,Safe,0.5082274220283611,0.1053254801273247,49424,Hard
8,7,Shawn Johnson,Safe,0.22933178100250734,0.08900931255464918,49424,Hard
8,7,Ty Murray,Safe,0.009417483491731372,0.02053125710617591,49424,Hard
8,8,Chuck Wicks,Eliminated,0.0046505350934325715,0.006495342184648773,466,Hard
8,8,Gilles Marini,Safe,0.2933830038406228,0.09314810865039803,466,Hard
8,8,Lil' Kim,Safe,0.5571794970507665,0.09693980180018304,466,Hard
8,8,Melissa Rycroft,Safe,0.04456353378767444,0.028587935400070864,466,Hard
8,8,Shawn Johnson,Safe,0.04906616164328746,0.04197230474321973,466,Hard
8,8,Ty Murray,Safe,0.05115726858421617,0.04769743884006293,466,Hard
8,9,Gilles Marini,Safe,0.2500404301493395,0.1134456776645287,676,Hard
8,9,Lil' Kim,Eliminated,0.011748578979679392,0.016139525685339,676,Hard
8,9,Melissa Rycroft,Safe,0.41129650193141265,0.1245672727731572,676,Hard
8,9,Shawn Johnson,Safe,0.25206809586646345,0.1148799374821256,676,Hard
8,9,Ty Murray,Safe,0.07484639307310467,0.04616748173101493,676,Hard
8,10,Gilles Marini,Safe,0.794698195811399,0.10365984517218652,49515,Hard
8,10,Melissa Rycroft,Safe,0.07895431119259405,0.06898499184063907,49515,Hard
8,10,Shawn Johnson,Safe,0.12441331142851805,0.08447240186443708,49515,Hard
8,10,Ty Murray,Eliminated,0.0019341815674906607,0.007982571309243132,49515,Hard
9,1,Aaron Carter,Safe,0.17469145038321846,0.04367243591816392,39685,Hard
9,1,Ashley Hamiliton,Eliminated,0.0008375623346420895,0.0034185158180083304,39685,Hard
9,1,Chuck Liddell,Safe,0.0035875110878025684,0.006821795122701978,39685,Hard
9,1,Debi Mazar,Safe,0.003596280772706113,0.006864426160336973,39685,Hard
9,1,Donny Osmond,Safe,0.0805688426557938,0.031145014046606082,39685,Hard
9,1,Joanna Krupa,Safe,0.38028151102433616,0.05612905836927899,39685,Hard
9,1,Kathy Ireland,Safe,0.001699578848208648,0.004758367411971196,39685,Hard
9,1,Kelly Osbourne,Safe,0.11903209125082435,0.037419329480349525,39685,Hard
9,1,Louie Vito,Safe,0.025167579740303373,0.01803548276013341,39685,Hard
9,1,Macy Gray,Eliminated,0.0008464971186041811,0.0034841115153176425,39685,Hard
9,1,Mark Dacascos,Safe,0.054612560740928,0.026048061905445036,39685,Hard
9,1,Melissa Joan Hart,Safe,0.007912854586186343,0.010350443931320211,39685,Hard
9,1,Michael Irvin,Safe,0.00139984774126625,0.004197564896421193,39685,Hard
9,1,Mya,Safe,0.11886702394389242,0.037165119402182145,39685,Hard
9,1,Natalie Coughlin,Safe,0.02519924344088873,0.018028996828132245,39685,Hard
9,1,Tom DeLay,Safe,0.0016995643303983738,0.00470378061577841,39685,Hard
9,2,Aaron Carter,Safe,0.4248831250201611,0.04309576812265037,24787,Hard
9,2,Chuck Liddell,Safe,0.001983125204670991,0.0038589674993982194,24787,Hard
9,2,Debi Mazar,Safe,0.0074921565437655315,0.00745139586608971,24787,Hard
9,2,Donny Osmond,Safe,0.1110398940033963,0.027108458140596717,24787,Hard
9,2,Joanna Krupa,Safe,0.0038289247005673936,0.005328770517285611,24787,Hard
9,2,Kathy Ireland,Eliminated,0.00011034021375854775,0.0003627815141457139,24787,Hard
9,2,Kelly Osbourne,Safe,0.0019871728124910507,0.0038934000033069996,24787,Hard
9,2,Louie Vito,Safe,0.0019892473606157694,0.0038954814397350675,24787,Hard
9,2,Mark Dacascos,Safe,0.007511917858425207,0.007402211190205085,24787,Hard
9,2,Melissa Joan Hart,Safe,0.0019503638764838435,0.0037856864721226907,24787,Hard
9,2,Michael Irvin,Safe,0.0037722331393593897,0.005222960730799209,24787,Hard
9,2,Mya,Safe,0.4241012747381637,0.04307712271571038,24787,Hard
9,2,Natalie Coughlin,Safe,0.00755519134432575,0.007539121473216284,24787,Hard
9,2,Tom DeLay,Safe,0.001795033183813464,0.003539148749417441,24787,Hard
9,3,Aaron Carter,Safe,0.020772686886622118,0.014756541533395092,1633,Hard
9,3,Chuck Liddell,Safe,0.002605979952043516,0.005422257721478869,1633,Hard
9,3,Debi Mazar,Eliminated,0.002272549017930067,0.004874354229332188,1633,Hard
9,3,Donny Osmond,Safe,0.021239160243070942,0.015604735681969689,1633,Hard
9,3,Joanna Krupa,Safe,0.062274432988522484,0.025966344920400744,1633,Hard
9,3,Kelly Osbourne,Safe,0.01257016910717293,0.012039660291629149,1633,Hard
9,3,Louie Vito,Safe,0.01229570188990528,0.011461862463073276,1633,Hard
9,3,Mark Dacascos,Safe,0.003992391577113897,0.006494440304660383,1633,Hard
9,3,Melissa Joan Hart,Safe,0.0069739954843327165,0.008670406606813058,1633,Hard
9,3,Michael Irvin,Safe,0.010886346020144913,0.008145195685353317,1633,Hard
9,3,Mya,Safe,0.5333364987598487,0.054113093460884,1633,Hard
9,3,Natalie Coughlin,Safe,0.31047023696630766,0.050910993695048146,1633,Hard
9,3,Tom DeLay,Eliminated,0.0003098511069852091,0.0017296157358974013,1633,Hard
9,4,Aaron Carter,Safe,0.003131320724920627,0.006877997839877328,249,Hard
9,4,Chuck Liddell,Eliminated,0.000152540987726284,0.00045490373832795345,249,Hard
9,4,Donny Osmond,Safe,0.051958334719825486,0.030572279538698007,249,Hard
9,4,Joanna Krupa,Safe,0.13888326818502614,0.04960811751351884,249,Hard
9,4,Kelly Osbourne,Safe,0.0352303679680878,0.02648863916839824,249,Hard
9,4,Louie Vito,Safe,0.015521379582058575,0.01276321895450418,249,Hard
9,4,Mark Dacascos,Safe,0.022436024071441428,0.022834456456663006,249,Hard
9,4,Melissa Joan Hart,Safe,0.3351380592929269,0.06852189676659776,249,Hard
9,4,Michael Irvin,Safe,0.014863708275032849,0.01543047438893378,249,Hard
9,4,Mya,Safe,0.32681317296118134,0.0618073082186915,249,Hard
9,4,Natalie Coughlin,Safe,0.05587182323177255,0.030280771587647345,249,Hard
9,5,Aaron Carter,Safe,0.01007264541784391,0.011189955042086202,1387,Hard
9,5,Donny Osmond,Safe,0.7509440493344438,0.048479538286680286,1387,Hard
9,5,Joanna Krupa,Safe,0.010747583861595685,0.012014346352242352,1387,Hard
9,5,Kelly Osbourne,Safe,0.010669156075571331,0.01177930041232903,1387,Hard
9,5,Louie Vito,Safe,0.0030749414958853804,0.005593364537926668,1387,Hard
9,5,Mark Dacascos,Safe,0.05957915854582753,0.026191338566518,1387,Hard
9,5,Melissa Joan Hart,Safe,0.00455087420777939,0.007746111545480378,1387,Hard
9,5,Michael Irvin,Safe,0.011342447260423917,0.007980922983942734,1387,Hard
9,5,Mya,Safe,0.1388735611633107,0.03843186885671698,1387,Hard
9,5,Natalie Coughlin,Eliminated,0.00014558263731738808,0.0004634523823140598,1387,Hard
9,6,Aaron Carter,Safe,0.14714963133399184,0.05490757756322185,2718,Hard
9,6,Donny Osmond,Safe,0.06307711387479077,0.0388363661409745,2718,Hard
9,6,Joanna Krupa,Safe,0.5108526371418758,0.07906276625140234,2718,Hard
9,6,Kelly Osbourne,Safe,0.005602925080055513,0.01243454396285766,2718,Hard
9,6,Louie Vito,Eliminated,0.002838738892994039,0.008129030306338395,2718,Hard
9,6,Mark Dacascos,Safe,0.09816308765149699,0.047229239293473085,2718,Hard
9,6,Melissa Joan Hart,Eliminated,0.002982359399373254,0.008986774117855026,2718,Hard
9,6,Michael Irvin,Safe,0.022480689982427745,0.017388845511954985,2718,Hard
9,6,Mya,Safe,0.14685281664299515,0.0578198448347262,2718,Hard
9,7,Aaron Carter,Safe,0.19164798019987997,0.07964487215014243,49912,Hard
9,7,Donny Osmond,Safe,0.11321766960383031,0.06401592806853813,49912,Hard
9,7,Joanna Krupa,Safe,0.5496330811769758,0.10026305553835435,49912,Hard
9,7,Kelly Osbourne,Safe,0.11318907507195812,0.0638005885139146,49912,Hard
9,7,Mark Dacascos,Eliminated,0.0008992513463679478,0.006093281610426916,49912,Hard
9,7,Michael Irvin,Eliminated,0.008155596575584168,0.018246811620962283,49912,Hard
9,7,Mya,Safe,0.02325734602540281,0.030502263000456314,49912,Hard
9,8,Aaron Carter,Eliminated,0.000663002778178113,0.0014397544891914724,24001,Hard
9,8,Donny Osmond,Safe,0.007591533258327811,0.011235669495108834,24001,Hard
9,8,Joanna Krupa,Safe,0.015479434119629555,0.017114459072101906,24001,Hard
9,8,Kelly Osbourne,Safe,0.008777547986342133,0.012913792147392076,24001,Hard
9,8,Mya,Safe,0.9674884818575215,0.024532199533140172,24001,Hard
9,9,Donny Osmond,Safe,0.07518832620464598,0.03713512069559146,116,Hard
9,9,Joanna Krupa,Eliminated,0.01822225911997972,0.014888626289361058,116,Hard
9,9,Kelly Osbourne,Safe,0.05920206923279347,0.039619313892739365,116,Hard
9,9,Mya,Safe,0.8473873454425808,0.06887538024231456,116,Hard
10,2,Aiden Turner,Safe,0.0749037898902801,0.061476045277380244,867,Hard
10,2,Buzz Aldrin,Safe,0.0975052916528005,0.052291661706853176,867,Hard
10,2,Chad Ochocinco,Safe,0.0836483585293774,0.05837614971259234,867,Hard
10,2,Erin Andrews,Safe,0.10383887746879385,0.07678009239919656,867,Hard
10,2,Evan Lysacek,Safe,0.1131908281353538,0.08098345240831685,867,Hard
10,2,Jake Pavelka,Safe,0.0767059680851118,0.0652219309895608,867,Hard
10,2,Kate Gosselin,Safe,0.08393320672520453,0.05227684953424908,867,Hard
10,2,Nicole Scherzinger,Safe,0.1824108454619784,0.09850559069634993,867,Hard
10,2,Niecy Nash,Safe,0.08369805747905375,0.06945665193735885,867,Hard
10,2,Pamela Anderson,Safe,0.09234849121483343,0.07148527245711074,867,Hard
10,2,Shannen Doherty,Eliminated,0.00781628535721234,0.007156215855716249,867,Hard
10,3,Aiden Turner,Safe,0.021841430844119804,0.023098531886017182,49373,Hard
10,3,Buzz Aldrin,Eliminated,0.00015943311222617977,0.0009554267376578488,49373,Hard
10,3,Chad Ochocinco,Safe,0.022031225362275145,0.023369199241881935,49373,Hard
10,3,Erin Andrews,Safe,0.11535365831630547,0.05069737106544505,49373,Hard
10,3,Evan Lysacek,Safe,0.6097374600760269,0.07730296424246537,49373,Hard
10,3,Jake Pavelka,Safe,0.03792766239416967,0.030243686730636044,49373,Hard
10,3,Kate Gosselin,Safe,0.001376696952440446,0.005870030772492772,49373,Hard
10,3,Nicole Scherzinger,Safe,0.1152803822473649,0.050479638406157316,49373,Hard
10,3,Niecy Nash,Safe,0.03815694345644071,0.03023481755590125,49373,Hard
10,3,Pamela Anderson,Safe,0.03813510723863058,0.03032568352371582,49373,Hard
10,4,Aiden Turner,Eliminated,0.00040394355325399213,0.0011877627906336633,4950,Hard
10,4,Chad Ochocinco,Safe,0.04948286557736836,0.03224359345045512,4950,Hard
10,4,Erin Andrews,Safe,0.011605623479350157,0.015642137727483,4950,Hard
10,4,Evan Lysacek,Safe,0.5088146315783676,0.07297015360850861,4950,Hard
10,4,Jake Pavelka,Safe,0.008996448838775262,0.013910308925621654,4950,Hard
10,4,Kate Gosselin,Safe,0.013523901456590347,0.013366651018088406,4950,Hard
10,4,Nicole Scherzinger,Safe,0.28342558389475064,0.06644456160025179,4950,Hard
10,4,Niecy Nash,Safe,0.005166427648701175,0.010691609532540608,4950,Hard
10,4,Pamela Anderson,Safe,0.11858057397284104,0.047115914944239376,4950,Hard
10,5,Chad Ochocinco,Safe,0.004318571465078814,0.009705031323861446,49177,Hard
10,5,Erin Andrews,Safe,0.02704888206048861,0.02424757564302882,49177,Hard
10,5,Evan Lysacek,Safe,0.2601325071579145,0.06560592746946677,49177,Hard
10,5,Jake Pavelka,Safe,0.042480190184146754,0.03014090911497339,49177,Hard
10,5,Kate Gosselin,Eliminated,0.0006096898931283407,0.0021449074906488086,49177,Hard
10,5,Nicole Scherzinger,Safe,0.6437992463218637,0.07142543437992319,49177,Hard
10,5,Niecy Nash,Safe,0.004401123074657563,0.009837710808807944,49177,Hard
10,5,Pamela Anderson,Safe,0.01720978984271856,0.019461663112843156,49177,Hard
10,6,Chad Ochocinco,Safe,0.04924475522147204,0.03532592887703221,45473,Hard
10,6,Erin Andrews,Safe,0.2376956333966447,0.06957730410284665,45473,Hard
10,6,Evan Lysacek,Safe,0.006096287387519718,0.012714690857521733,45473,Hard
10,6,Jake Pavelka,Eliminated,0.00043114051237100245,0.0012319439780334798,45473,Hard
10,6,Nicole Scherzinger,Safe,0.6732518778954937,0.07667207486052091,45473,Hard
10,6,Niecy Nash,Safe,0.0037529439438025156,0.010068212531908424,45473,Hard
10,6,Pamela Anderson,Safe,0.029527361642704267,0.027673034527948757,45473,Hard
10,7,Chad Ochocinco,Safe,0.048904595550798596,0.040559875538165174,1068,Hard
10,7,Erin Andrews,Safe,0.02190973665298015,0.027558336072055097,1068,Hard
10,7,Evan Lysacek,Safe,0.44397033717152956,0.09592168924279819,1068,Hard
10,7,Nicole Scherzinger,Safe,0.45469908013629123,0.09560591452138452,1068,Hard
10,7,Niecy Nash,Safe,0.028315227795614357,0.02438697543155747,1068,Hard
10,7,Pamela Anderson,Eliminated,0.002201022692785629,0.0038984841300639954,1068,Hard
10,8,Chad Ochocinco,Safe,0.007027908713049384,0.017383258100130545,45920,Hard
10,8,Erin Andrews,Safe,0.10162800113348158,0.062203790250371566,45920,Hard
10,8,Evan Lysacek,Safe,0.10114229757210656,0.062428461074458694,45920,Hard
10,8,Nicole Scherzinger,Safe,0.7894061321122572,0.08437108472689818,45920,Hard
10,8,Niecy Nash,Eliminated,0.0007956604691158602,0.0028170222753269134,45920,Hard
10,9,Chad Ochocinco,Eliminated,0.0018090760430522427,0.007781144794565582,48910,Hard
10,9,Erin Andrews,Safe,0.05999783000932163,0.0660459847486693,48910,Hard
10,9,Evan Lysacek,Safe,0.4691687390405157,0.13757584262049538,48910,Hard
10,9,Nicole Scherzinger,Safe,0.4690243549071048,0.13754212400609508,48910,Hard
11,1,Audrina Patridge,Safe,0.017783940391554863,0.016964716123333827,16573,Hard
11,1,Brandy,Safe,0.213535212653565,0.05268636696361699,16573,Hard
11,1,Bristol Palin,Safe,0.009608450393821032,0.012540414294811984,16573,Hard
11,1,David Hasselhoff,Eliminated,2.624366796011729e-05,0.0002036673544720201,16573,Hard
11,1,Florence Henderson,Safe,0.009654192612076852,0.01265683186637271,16573,Hard
11,1,Jennifer Grey,Safe,0.3965911427425915,0.06258089815873447,16573,Hard
11,1,Kurt Warner,Safe,0.01777527347945416,0.01712093548252126,16573,Hard
11,1,Kyle Massey,Safe,0.21309125846986934,0.052332171356368785,16573,Hard
11,1,Margaret Cho,Safe,0.002294175133724288,0.00615013938413055,16573,Hard
11,1,Michael Bolton,Safe,0.002718868469790131,0.006710510259663231,16573,Hard
11,1,Rick Fox,Safe,0.11478483113604393,0.04110878855981775,16573,Hard
11,1,The Situation,Safe,0.0021364108495466228,0.005724703740547419,16573,Hard
11,2,Audrina Patridge,Safe,0.20254160253200484,0.07066087531386255,49917,Hard
11,2,Brandy,Safe,0.05655205936458118,0.04083574405270102,49917,Hard
11,2,Bristol Palin,Safe,0.10703522320030608,0.05444744464010018,49917,Hard
11,2,Florence Henderson,Safe,0.015749188003523623,0.021845009037341174,49917,Hard
11,2,Jennifer Grey,Safe,0.3811903057796462,0.08544660454119554,49917,Hard
11,2,Kurt Warner,Safe,0.05641050485571109,0.040662384041241624,49917,Hard
11,2,Kyle Massey,Safe,0.10688304331235006,0.054194357294359057,49917,Hard
11,2,Margaret Cho,Safe,0.008421841277078991,0.01595849301547588,49917,Hard
11,2,Michael Bolton,Eliminated,0.0001130064950732512,0.0011656004192647032,49917,Hard
11,2,Rick Fox,Safe,0.056762211862269686,0.040749160200108304,49917,Hard
11,2,The Situation,Safe,0.008341013317457993,0.01606098096449022,49917,Hard
11,3,Audrina Patridge,Safe,0.5517380261590732,0.07708602002373095,47707,Hard
11,3,Brandy,Safe,0.11181692653003562,0.04883418935864064,47707,Hard
11,3,Bristol Palin,Safe,0.0020253869010787616,0.006949855866343002,47707,Hard
11,3,Florence Henderson,Safe,0.004668847417695032,0.010652647102909618,47707,Hard
11,3,Jennifer Grey,Safe,0.11192362026498151,0.04893245994022588,47707,Hard
11,3,Kurt Warner,Safe,0.05025480327972079,0.03394260584106604,47707,Hard
11,3,Kyle Massey,Safe,0.050532201120752386,0.033928619652482325,47707,Hard
11,3,Margaret Cho,Eliminated,0.0001806589486564509,0.0007086747269484561,47707,Hard
11,3,Rick Fox,Safe,0.11220462161649009,0.04875224110997427,47707,Hard
11,3,The Situation,Safe,0.004654907761518326,0.010646342632183687,47707,Hard
11,4,Audrina Patridge,Safe,0.07049207781181697,0.03192331386440178,49025,Hard
11,4,Brandy,Safe,0.11353001145055468,0.03953951435231329,49025,Hard
11,4,Bristol Palin,Safe,0.002454420512791679,0.006183966695578354,49025,Hard
11,4,Florence Henderson,Safe,0.004980059747628567,0.008853395943831152,49025,Hard
11,4,Jennifer Grey,Safe,0.7743014098809641,0.05217369558500125,49025,Hard
11,4,Kurt Warner,Safe,0.003979395308523469,0.007884426431181164,49025,Hard
11,4,Kyle Massey,Safe,0.016637406246019604,0.016033232085316068,49025,Hard
11,4,Rick Fox,Safe,0.013120201653509625,0.014197833759241994,49025,Hard
11,4,The Situation,Eliminated,0.0005050173881974672,0.0016277716843900924,49025,Hard
11,5,Audrina Patridge,Safe,0.034622553896770686,0.030955820737864147,75,Hard
11,5,Brandy,Safe,0.6187973853450691,0.0805854647308522,75,Hard
11,5,Bristol Palin,Safe,0.03542192780721837,0.014870984336359408,75,Hard
11,5,Florence Henderson,Eliminated,0.001470978974481086,0.002613226902610067,75,Hard
11,5,Jennifer Grey,Safe,0.1446627730817571,0.05755068293227741,75,Hard
11,5,Kurt Warner,Safe,0.07200000625681258,0.044152345071542275,75,Hard
11,5,Kyle Massey,Safe,0.02247046509296674,0.01991410216988788,75,Hard
11,5,Rick Fox,Safe,0.07055390954492441,0.04094998504049012,75,Hard
11,6,Audrina Patridge,Eliminated,0.019534345312862696,0.00721709324613528,13,Soft
11,6,Brandy,Safe,0.7325595056006282,0.052712641176140954,13,Soft
11,6,Bristol Palin,Safe,0.051802073946303054,0.01574520823000771,13,Soft
11,6,Jennifer Grey,Safe,0.054505417227686856,0.016492250820396914,13,Soft
11,6,Kurt Warner,Safe,0.0071498534723965675,0.024675861032914675,13,Soft
11,6,Kyle Massey,Safe,0.06621368300097505,0.025028597400688586,13,Soft
11,6,Rick Fox,Safe,0.06823512143914763,0.037362760999832635,13,Soft
11,7,Brandy,Safe,0.43354683969625535,0.09567102836917712,214,Hard
11,7,Bristol Palin,Safe,0.03393122277936291,0.023867494135051782,214,Hard
11,7,Jennifer Grey,Safe,0.4407875273727317,0.09787291493906088,214,Hard
11,7,Kurt Warner,Safe,0.05621771432613933,0.04284200028529857,214,Hard
11,7,Kyle Massey,Safe,0.031211473156365098,0.025579461484654353,214,Hard
11,7,Rick Fox,Eliminated,0.004305222669145718,0.00546574795870347,214,Hard
11,8,Brandy,Safe,0.3676458338578907,0.11706082747125252,6530,Hard
11,8,Bristol Palin,Safe,0.03044039913635789,0.03364533575786743,6530,Hard
11,8,Jennifer Grey,Safe,0.3651438033265525,0.11573016767670531,6530,Hard
11,8,Kurt Warner,Eliminated,0.0018222437781662997,0.005995374290113866,6530,Hard
11,8,Kyle Massey,Safe,0.2349477199010322,0.10258063544235091,6530,Hard
11,9,Brandy,Eliminated,0.024384038770250378,0.025009377974194863,717,Hard
11,9,Bristol Palin,Safe,0.08632802599596,0.05395786483652878,717,Hard
11,9,Jennifer Grey,Safe,0.727943347796069,0.108077973114688,717,Hard
11,9,Kyle Massey,Safe,0.16134458743772098,0.08978776011769629,717,Hard
12,2,Chelsea Kane,Safe,0.004534723949497906,0.0090437054517256,16598,Hard
12,2,Chris Jericho,Safe,0.2975506291841505,0.06007575583792752,16598,Hard
12,2,Hines Ward,Safe,0.29860473792605097,0.06065427442234204,16598,Hard
12,2,Kendra Wilkinson,Safe,0.010439848108865753,0.013485285893697943,16598,Hard
12,2,Kirstie Alley,Safe,0.024018709113940676,0.020320320010053725,16598,Hard
12,2,Mike Catherwood,Eliminated,4.38762938327172e-05,0.0002608836636192696,16598,Hard
12,2,Petra Nemcova,Safe,0.0045411500346649,0.009130364299238804,16598,Hard
12,2,Ralph Macchio,Safe,0.055789782109321485,0.030557347793320724,16598,Hard
12,2,Romeo,Safe,0.2987140037623795,0.0601695748676243,16598,Hard
12,2,Sugar Ray Leonard,Safe,0.0028746331503677583,0.007017952871300551,16598,Hard
12,2,Wendy Williams,Safe,0.0028879063669239235,0.0070698221088544184,16598,Hard
12,3,Chelsea Kane,Safe,0.08749189930538855,0.04607866967596881,49887,Hard
12,3,Chris Jericho,Safe,0.020460291807112178,0.023052260152309004,49887,Hard
12,3,Hines Ward,Safe,0.3718885623948317,0.07885242399315721,49887,Hard
12,3,Kendra Wilkinson,Safe,0.08756946375393841,0.046330601780212984,49887,Hard
12,3,Kirstie Alley,Safe,0.020592355064085913,0.02321238369963524,49887,Hard
12,3,Petra Nemcova,Safe,0.3712385769649328,0.07877801534662626,49887,Hard
12,3,Ralph Macchio,Safe,0.020709860251133305,0.023503978418001777,49887,Hard
12,3,Romeo,Safe,0.009971389275179592,0.016216425759060817,49887,Hard
12,3,Sugar Ray Leonard,Safe,0.009911259406999537,0.016224753011631468,49887,Hard
12,3,Wendy Williams,Eliminated,0.00016634177639873038,0.0013431721622918552,49887,Hard
12,4,Chelsea Kane,Safe,0.46714472372951654,0.08080319876915287,307,Hard
12,4,Chris Jericho,Safe,0.034169038363313566,0.03289272165359436,307,Hard
12,4,Hines Ward,Safe,0.19065022429860787,0.06580617036123097,307,Hard
12,4,Kendra Wilkinson,Safe,0.03349924094892262,0.020471216099254796,307,Hard
12,4,Kirstie Alley,Safe,0.015628745927254648,0.022356517352145066,307,Hard
12,4,Petra Nemcova,Safe,0.032843901921137925,0.030381902522105077,307,Hard
12,4,Ralph Macchio,Safe,0.1905051142236758,0.0662110844718812,307,Hard
12,4,Romeo,Safe,0.034263245156411305,0.031594680343478905,307,Hard
12,4,Sugar Ray Leonard,Eliminated,0.001295765431160005,0.0023868375236071123,307,Hard
12,5,Chelsea Kane,Safe,0.17300011429290596,0.06574758227012248,16760,Hard
12,5,Chris Jericho,Safe,0.17397332450049116,0.06610390655569294,16760,Hard
12,5,Hines Ward,Safe,0.46017763163805936,0.08655775575593756,16760,Hard
12,5,Kendra Wilkinson,Safe,0.0051531334825898525,0.011987078262409504,16760,Hard
12,5,Kirstie Alley,Safe,0.009133141692196475,0.01662285640128157,16760,Hard
12,5,Petra Nemcova,Eliminated,7.902946969531089e-05,0.00046105814020377337,16760,Hard
12,5,Ralph Macchio,Safe,0.005181273757991974,0.012433285541081949,16760,Hard
12,5,Romeo,Safe,0.173302351166069,0.06563872884462384,16760,Hard
12,6,Chelsea Kane,Safe,0.38578857608538164,0.09731811207247226,48854,Hard
12,6,Chris Jericho,Eliminated,0.0003167259086367994,0.001537820134136742,48854,Hard
12,6,Hines Ward,Safe,0.14475464408590008,0.07035959711070296,48854,Hard
12,6,Kendra Wilkinson,Safe,0.020604679735661845,0.028375308920700112,48854,Hard
12,6,Kirstie Alley,Safe,0.054668916205027875,0.045435100537320514,48854,Hard
12,6,Ralph Macchio,Safe,0.0076806706715711985,0.017252114298446673,48854,Hard
12,6,Romeo,Safe,0.3861857873078201,0.09678563265224036,48854,Hard
12,7,Chelsea Kane,Safe,0.092740713130582,0.054687780454996684,1517,Hard
12,7,Hines Ward,Safe,0.4320143903135633,0.09390093693151304,1517,Hard
12,7,Kendra Wilkinson,Eliminated,0.0012868710041613939,0.0028432794323731293,1517,Hard
12,7,Kirstie Alley,Safe,0.021189900131443774,0.02234204776787059,1517,Hard
12,7,Ralph Macchio,Safe,0.43131067684966445,0.0917472421417609,1517,Hard
12,7,Romeo,Safe,0.021457448570585045,0.022759761987137275,1517,Hard
12,8,Chelsea Kane,Safe,0.471736146170888,0.13283642254253358,330,Hard
12,8,Hines Ward,Safe,0.26631955653116024,0.11528252723642744,330,Hard
12,8,Kirstie Alley,Safe,0.1469060785699516,0.08924830304946249,330,Hard
12,8,Ralph Macchio,Safe,0.09201193404045754,0.05300173002670126,330,Hard
12,8,Romeo,Eliminated,0.02302628468754278,0.021685542944422122,330,Hard
12,9,Chelsea Kane,Safe,0.9264121870388228,0.052672060242014006,48374,Hard
12,9,Hines Ward,Safe,0.05571196392652748,0.04642202749717506,48374,Hard
12,9,Kirstie Alley,Safe,0.015602372949603531,0.025145655742121225,48374,Hard
12,9,Ralph Macchio,Eliminated,0.002273476085041031,0.006043949706482583,48374,Hard
13,1,Carson Kressley,Safe,0.007390693229874529,0.011200644515322176,47952,Hard
13,1,Chaz Bono,Safe,0.007360673571805768,0.01105927829786311,47952,Hard
13,1,Chynna Phillips,Safe,0.3462399874735133,0.06157185299110997,47952,Hard
13,1,David Arquette,Safe,0.015959566200225445,0.016193711905672543,47952,Hard
13,1,Elisabetta Canalis,Safe,0.0016105046402389062,0.005131503774638998,47952,Hard
13,1,Hope Solo,Safe,0.1600899183543917,0.04704119907944539,47952,Hard
13,1,J.R. Martinez,Safe,0.34584997470688433,0.061458456313955884,47952,Hard
13,1,Kristin Cavallari,Safe,0.034220762287759575,0.023374211365564817,47952,Hard
13,1,Metta World Peace (Ron),Eliminated,0.00018651834746547018,0.0006896878401416985,47952,Hard
13,1,Nancy Grace,Safe,0.0034375840270736793,0.007603312673274706,47952,Hard
13,1,Ricki Lake,Safe,0.07428313413114589,0.03395993305165751,47952,Hard
13,1,Rob Kardashian,Safe,0.003370683029627783,0.007504105414889699,47952,Hard
13,2,Carson Kressley,Safe,0.07768945326822568,0.05920072139847847,763,Hard
13,2,Chaz Bono,Safe,0.0782667456608897,0.05625452301825528,763,Hard
13,2,Chynna Phillips,Safe,0.09704236869735228,0.07478248867919828,763,Hard
13,2,David Arquette,Safe,0.07446274134303008,0.05470327477301799,763,Hard
13,2,Elisabetta Canalis,Eliminated,0.008857147048771469,0.007288788979345233,763,Hard
13,2,Hope Solo,Safe,0.07845466306810561,0.06436359706143806,763,Hard
13,2,J.R. Martinez,Safe,0.12276909881190645,0.0857406985913862,763,Hard
13,2,Kristin Cavallari,Safe,0.11548772318539482,0.0819595851914772,763,Hard
13,2,Nancy Grace,Safe,0.09474181698819105,0.07193308038684666,763,Hard
13,2,Ricki Lake,Safe,0.15637306954832325,0.09240542882134441,763,Hard
13,2,Rob Kardashian,Safe,0.09585517237980976,0.0747578757133323,763,Hard
13,3,Carson Kressley,Safe,0.033729105267599986,0.026585975143650766,300,Soft
13,3,Chaz Bono,Safe,0.0016875707744484377,0.009372283246276987,300,Soft
13,3,Chynna Phillips,Safe,0.18997105741862336,0.06948153594682394,300,Soft
13,3,David Arquette,Safe,0.04207656627445741,0.03340744267925017,300,Soft
13,3,Hope Solo,Safe,0.04170119766099119,0.032731977706911004,300,Soft
13,3,J.R. Martinez,Safe,0.19174721301228706,0.06705903379446125,300,Soft
13,3,Kristin Cavallari,Eliminated,0.005429005509995767,0.004865643636149986,300,Soft
13,3,Nancy Grace,Safe,0.03461796975462266,0.020048177411757424,300,Soft
13,3,Ricki Lake,Safe,0.41876059985440106,0.0828620848230735,300,Soft
13,3,Rob Kardashian,Safe,0.0402797144725729,0.03035508649925825,300,Soft
13,4,Carson Kressley,Safe,0.012162644555625428,0.008534027618331476,1147,Hard
13,4,Chaz Bono,Safe,0.0035610170915691356,0.006239722575134133,1147,Hard
13,4,Chynna Phillips,Eliminated,0.00012094073736224866,0.00042867375363171267,1147,Hard
13,4,David Arquette,Safe,0.010559939089234438,0.011109209707796395,1147,Hard
13,4,Hope Solo,Safe,0.02151469875235854,0.01567150364951894,1147,Hard
13,4,J.R. Martinez,Safe,0.09300246771285375,0.031120138048581047,1147,Hard
13,4,Nancy Grace,Safe,0.00333400857904329,0.00602619624024508,1147,Hard
13,4,Ricki Lake,Safe,0.8343191982213584,0.03884011135890382,1147,Hard
13,4,Rob Kardashian,Safe,0.02142508526059448,0.015919126038677033,1147,Hard
13,5,Carson Kressley,Eliminated,0.00028896081648835647,0.0012753072923211383,49088,Hard
13,5,Chaz Bono,Safe,0.003598119746518243,0.00927558084420225,49088,Hard
13,5,David Arquette,Safe,0.07579359271069398,0.040518907488811415,49088,Hard
13,5,Hope Solo,Safe,0.03555600697716975,0.028414152428950425,49088,Hard
13,5,J.R. Martinez,Safe,0.7660310172528466,0.0646703758372635,49088,Hard
13,5,Nancy Grace,Safe,0.007545945150759398,0.013199454683850035,49088,Hard
13,5,Ricki Lake,Safe,0.03517898578509912,0.028276481375971947,49088,Hard
13,5,Rob Kardashian,Safe,0.07600737156042038,0.04062589563255693,49088,Hard
13,6,Chaz Bono,Eliminated,0.000522548814845588,0.0015562900332636521,46202,Hard
13,6,David Arquette,Safe,0.017968537854205265,0.021335090686334667,46202,Hard
13,6,Hope Solo,Safe,0.0037246907380047694,0.00963516994050531,46202,Hard
13,6,J.R. Martinez,Safe,0.4679984750231047,0.0805299255731522,46202,Hard
13,6,Nancy Grace,Safe,0.0311072264153186,0.028017923437204374,46202,Hard
13,6,Ricki Lake,Safe,0.4681519601334231,0.08055273150187507,46202,Hard
13,6,Rob Kardashian,Safe,0.010526561021100186,0.016399512734112585,46202,Hard
13,7,David Arquette,Eliminated,0.0021252462403556567,0.0041101315874583315,1193,Hard
13,7,Hope Solo,Safe,0.08540013623725586,0.05366253915532239,1193,Hard
13,7,J.R. Martinez,Safe,0.022621594468112276,0.028280256629996618,1193,Hard
13,7,Nancy Grace,Safe,0.033799177144002025,0.024544193049504448,1193,Hard
13,7,Ricki Lake,Safe,0.6837247324559311,0.08699370888992676,1193,Hard
13,7,Rob Kardashian,Safe,0.17232911345434332,0.07324854709052765,1193,Hard
13,8,Hope Solo,Safe,0.03854522326725497,0.0356188665864499,49496,Hard
13,8,J.R. Martinez,Safe,0.8959554992158895,0.056491837050982326,49496,Hard
13,8,Nancy Grace,Eliminated,0.0011026881147959814,0.004211077772408539,49496,Hard
13,8,Ricki Lake,Safe,0.038312217356103184,0.03554699011471849,49496,Hard
13,8,Rob Kardashian,Safe,0.02608437204594073,0.029628513504483145,49496,Hard
13,9,Hope Solo,Eliminated,0.0020989587958365166,0.007414198410594773,48591,Hard
13,9,J.R. Martinez,Safe,0.029589228982811647,0.04371699791400862,48591,Hard
13,9,Ricki Lake,Safe,0.6160193867122706,0.12555571704176322,48591,Hard
13,9,Rob Kardashian,Safe,0.35229242550908246,0.12338734820923491,48591,Hard
14,2,Donald Driver,Safe,0.06853569195887822,0.037034474623623775,49225,Hard
14,2,Gavin DeGraw,Safe,0.008049045432039605,0.013195449302623667,49225,Hard
14,2,Gladys Knight,Safe,0.0018898912487531065,0.006411015865268498,49225,Hard
14,2,Jack Wagner,Safe,0.007888336038289995,0.012990477880971364,49225,Hard
14,2,Jaleel White,Safe,0.016281682590197206,0.018593042939598403,49225,Hard
14,2,Katherine Jenkins,Safe,0.2889949665781187,0.0665409075827421,49225,Hard
14,2,Maria Menounos,Safe,0.14102271864391197,0.05096606227132549,49225,Hard
14,2,Martina Navratilova,Eliminated,0.00014167194784932993,0.0007362504283393815,49225,Hard
14,2,Melissa Gilbert,Safe,0.003874838630080156,0.00906810419011608,49225,Hard
14,2,Roshon Fegan,Safe,0.28944113419381623,0.06649755299399936,49225,Hard
14,2,Sherri Sheperd,Safe,0.03343542554654488,0.026537706018746277,49225,Hard
14,2,William Levy,Safe,0.1404445971915237,0.05103161514226553,49225,Hard
14,3,Donald Driver,Safe,0.020895961600996635,0.015019323434147283,10014,Hard
14,3,Gavin DeGraw,Safe,0.002596652417648804,0.005137200741913551,10014,Hard
14,3,Gladys Knight,Safe,0.002564980540306171,0.00541448450708445,10014,Hard
14,3,Jack Wagner,Eliminated,2.510687944577098e-05,0.00013024098316082884,10014,Hard
14,3,Jaleel White,Safe,0.006444212473579612,0.008171597157690124,10014,Hard
14,3,Katherine Jenkins,Safe,0.6767623712053343,0.048608240427671257,10014,Hard
14,3,Maria Menounos,Safe,0.06656141262643557,0.026175323706384146,10014,Hard
14,3,Melissa Gilbert,Safe,0.0026793176698729246,0.005290384489014692,10014,Hard
14,3,Roshon Fegan,Safe,0.006670659439534527,0.008457201813929368,10014,Hard
14,3,Sherri Sheperd,Safe,0.0025433586029522,0.0051070717950726235,10014,Hard
14,3,William Levy,Safe,0.21225596654389367,0.04227124620613576,10014,Hard
14,4,Donald Driver,Safe,0.504454997727239,0.06665402387806905,2382,Hard
14,4,Gavin DeGraw,Safe,0.01448369584481869,0.01610768120617643,2382,Hard
14,4,Gladys Knight,Safe,0.01476994370150323,0.012287672373727012,2382,Hard
14,4,Jaleel White,Safe,0.00568655096442112,0.009850271526010005,2382,Hard
14,4,Katherine Jenkins,Safe,0.03333991862370084,0.023861389596684542,2382,Hard
14,4,Maria Menounos,Safe,0.20666848908444518,0.054324248307086105,2382,Hard
14,4,Melissa Gilbert,Safe,0.005967062263581129,0.01023974797119352,2382,Hard
14,4,Roshon Fegan,Safe,0.2085451041055625,0.05551151023324001,2382,Hard
14,4,Sherri Sheperd,Eliminated,0.0003844383662045308,0.0008946502648980455,2382,Hard
14,4,William Levy,Safe,0.005699799318522857,0.010089984296727205,2382,Hard
14,5,Donald Driver,Safe,0.10662669512239484,0.05323404268323911,48693,Hard
14,5,Gavin DeGraw,Eliminated,0.0002590409101333499,0.0011331732924300206,48693,Hard
14,5,Gladys Knight,Safe,0.005626989200474948,0.012904475603554729,48693,Hard
14,5,Jaleel White,Safe,0.018199575306482908,0.023078666800101472,48693,Hard
14,5,Katherine Jenkins,Safe,0.3497731616959397,0.08235827319545436,48693,Hard
14,5,Maria Menounos,Safe,0.1073205292350859,0.053474277060820676,48693,Hard
14,5,Melissa Gilbert,Safe,0.0030805016260108593,0.00973227660148583,48693,Hard
14,5,Roshon Fegan,Safe,0.05935682577208424,0.040759974225711884,48693,Hard
14,5,William Levy,Safe,0.3497566811313934,0.08247735674778035,48693,Hard
14,6,Donald Driver,Safe,0.06467252880935216,0.04251910782947403,49186,Hard
14,6,Gladys Knight,Eliminated,0.0004253552817565043,0.0018526011827362532,49186,Hard
14,6,Jaleel White,Safe,0.22802662927545353,0.07316010107669223,49186,Hard
14,6,Katherine Jenkins,Safe,0.5281448607474059,0.08687498778922997,49186,Hard
14,6,Maria Menounos,Safe,0.01202042243499818,0.01897953505745318,49186,Hard
14,6,Melissa Gilbert,Safe,0.012079331818900082,0.018864314026032745,49186,Hard
14,6,Roshon Fegan,Safe,0.005265364816614923,0.012324827202412358,49186,Hard
14,6,William Levy,Safe,0.1493655068155199,0.061544949733641545,49186,Hard
14,7,Donald Driver,Safe,0.043408166445273566,0.0316911334070637,473,Hard
14,7,Jaleel White,Eliminated,0.002217684325436397,0.0037177166948657954,473,Hard
14,7,Katherine Jenkins,Safe,0.08949681953721253,0.04783055566342932,473,Hard
14,7,Maria Menounos,Safe,0.7634126357899549,0.07145877806687713,473,Hard
14,7,Melissa Gilbert,Safe,0.031943729461777814,0.022053282812450753,473,Hard
14,7,Roshon Fegan,Safe,0.02350770131027667,0.02555599969371261,473,Hard
14,7,William Levy,Safe,0.04601326313006792,0.033640709535064775,473,Hard
14,8,Donald Driver,Safe,0.08022709748980134,0.0581456233834623,48247,Hard
14,8,Katherine Jenkins,Safe,0.08020744514819009,0.05852635167258457,48247,Hard
14,8,Maria Menounos,Safe,0.010981722942749095,0.022758550539756676,48247,Hard
14,8,Melissa Gilbert,Eliminated,0.0003256144186374338,0.0018138530709808428,48247,Hard
14,8,Roshon Fegan,Eliminated,0.2209617546593818,0.08938253011312311,48247,Hard
14,8,William Levy,Safe,0.6072963653412362,0.10521434784335754,48247,Hard
14,9,Donald Driver,Safe,0.2906378107398475,0.14801671425840207,3279,Hard
14,9,Katherine Jenkins,Safe,0.26737234301275026,0.13726935766407425,3279,Hard
14,9,Maria Menounos,Eliminated,0.09428045521113537,0.049397033355119975,3279,Hard
14,9,William Levy,Safe,0.3477093910362668,0.1666445354723719,3279,Hard
15,1,Apolo Anton Ohno,Safe,0.03611856800055076,0.024037657954270344,49621,Hard
15,1,Bristol Palin,Safe,0.0026311975613648978,0.006611926604642411,49621,Hard
15,1,Drew Lachey,Safe,0.021420533386100987,0.01850930836127606,49621,Hard
15,1,Emmitt Smith,Safe,0.4880865176432519,0.06417230606744583,49621,Hard
15,1,Gilles Marini,Safe,0.2903403215776266,0.05866727462295778,49621,Hard
15,1,Helio Castroneves,Safe,0.021493960855101798,0.0185988788988265,49621,Hard
15,1,Joey Fatone,Safe,0.007420366107678737,0.010979632340332512,49621,Hard
15,1,Kelly Monaco,Safe,0.021391189674263282,0.01868999315777252,49621,Hard
15,1,Kirstie Alley,Safe,0.001579975731655019,0.0051010730763040345,49621,Hard
15,1,Melissa Rycroft,Safe,0.01272735427052448,0.014419848326176007,49621,Hard
15,1,Pamela Anderson,Eliminated,7.21879491917739e-05,0.0005055145949455462,49621,Hard
15,1,Sabrina Bryan,Safe,0.06058967524092802,0.030668925379693356,49621,Hard
15,1,Shawn Johnson,Safe,0.03612815200176305,0.023943815967329633,49621,Hard
15,2,Apolo Anton Ohno,Safe,0.09389619270615983,0.042516426785131185,1022,Soft
15,2,Bristol Palin,Safe,0.0007445824208886002,0.004917925379679753,1022,Soft
15,2,Drew Lachey,Safe,0.0178015143002156,0.017823275485381214,1022,Soft
15,2,Emmitt Smith,Safe,0.017012720193476934,0.018535191278909045,1022,Soft
15,2,Gilles Marini,Safe,0.23906784158690245,0.061136908210919286,1022,Soft
15,2,Helio Castroneves,Safe,0.02321906946915991,0.021837976368879457,1022,Soft
15,2,Joey Fatone,Eliminated,0.0013984289465896692,0.002056764614463456,1022,Soft
15,2,Kelly Monaco,Safe,0.016985212352194707,0.016025308935166235,1022,Soft
15,2,Kirstie Alley,Safe,0.0191215295842545,0.014403904185587452,1022,Soft
15,2,Melissa Rycroft,Safe,0.036437265773536516,0.02741017864788576,1022,Soft
15,2,Sabrina Bryan,Safe,0.38576034685013905,0.0732309716402734,1022,Soft
15,2,Shawn Johnson,Safe,0.1485552958164821,0.05240970979865868,1022,Soft
15,3,Apolo Anton Ohno,Safe,0.03138329360443419,0.0243185806616687,378,Hard
15,3,Bristol Palin,Safe,0.01708090335347466,0.012255587119377662,378,Hard
15,3,Drew Lachey,Eliminated,0.0002919990839779863,0.0011494355989218703,378,Hard
15,3,Emmitt Smith,Safe,0.015337009329454273,0.01818681733784385,378,Hard
15,3,Gilles Marini,Safe,0.034359794819358844,0.026672049643532245,378,Hard
15,3,Helio Castroneves,Eliminated,0.03618347179151077,0.02796247142986977,378,Hard
15,3,Kelly Monaco,Safe,0.3339004243037781,0.06600632982341717,378,Hard
15,3,Kirstie Alley,Safe,0.004951403995894632,0.010502951169352298,378,Hard
15,3,Melissa Rycroft,Safe,0.3353882505808911,0.06994138577916424,378,Hard
15,3,Sabrina Bryan,Safe,0.034825391951773976,0.02683289692276372,378,Hard
15,3,Shawn Johnson,Safe,0.15629805718545145,0.0560020405949511,378,Hard
15,4,Apolo Anton Ohno,Safe,0.012540294343266062,0.018541851701663687,1174,Hard
15,4,Bristol Palin,Eliminated,0.0004940449417307383,0.001490253557129245,1174,Hard
15,4,Emmitt Smith,Safe,0.03654780545999936,0.03038177533950159,1174,Hard
15,4,Gilles Marini,Safe,0.36364685395143687,0.08053409689031236,1174,Hard
15,4,Kelly Monaco,Safe,0.1005211565523492,0.05223143403481624,1174,Hard
15,4,Kirstie Alley,Safe,0.020306742091174914,0.01592825457824521,1174,Hard
15,4,Melissa Rycroft,Safe,0.0693474008743303,0.044361863020131016,1174,Hard
15,4,Sabrina Bryan,Safe,0.025981577003020548,0.025741591096643705,1174,Hard
15,4,Shawn Johnson,Safe,0.3706141247826918,0.07947328954764991,1174,Hard
15,6,Apolo Anton Ohno,Safe,0.20347410459305748,0.11559607082787687,396,Hard
15,6,Emmitt Smith,Safe,0.1077047270967935,0.07380299174908599,396,Hard
15,6,Gilles Marini,Safe,0.12133444419884466,0.08511528082936239,396,Hard
15,6,Kelly Monaco,Safe,0.11768427196835442,0.07948558615888594,396,Hard
15,6,Kirstie Alley,Safe,0.12535844140501193,0.08931729821011844,396,Hard
15,6,Melissa Rycroft,Safe,0.1771592267500758,0.10734276709865227,396,Hard
15,6,Sabrina Bryan,Eliminated,0.023138360306254945,0.014549363350633907,396,Hard
15,6,Shawn Johnson,Safe,0.12414642368160701,0.08354778571612274,396,Hard
15,8,Apolo Anton Ohno,Safe,0.16790144887375633,0.08312664089764463,49483,Hard
15,8,Emmitt Smith,Safe,0.12108309644006494,0.07204667212022718,49483,Hard
15,8,Gilles Marini,Eliminated,0.1683905248663033,0.08295555393190636,49483,Hard
15,8,Kelly Monaco,Safe,0.04253984711900427,0.04469004182708832,49483,Hard
15,8,Kirstie Alley,Eliminated,0.00024132044962955857,0.0017781394537081294,49483,Hard
15,8,Melissa Rycroft,Safe,0.4791441798526095,0.11092558490847008,49483,Hard
15,8,Shawn Johnson,Safe,0.020699582398627823,0.03150041509400073,49483,Hard
15,9,Apolo Anton Ohno,Eliminated,0.11621093197056867,0.07008414538309365,39054,Hard
15,9,Emmitt Smith,Eliminated,0.00042593855737849655,0.0026107107345675513,39054,Hard
15,9,Kelly Monaco,Safe,0.006656650016397612,0.017632882834698042,39054,Hard
15,9,Melissa Rycroft,Safe,0.16352931805453794,0.08092784441001641,39054,Hard
15,9,Shawn Johnson,Safe,0.7131771614011204,0.09911629305718285,39054,Hard
16,2,Alexandra Raisman,Safe,0.12160273613849433,0.0400600032776024,47809,Hard
16,2,Andy Dick,Safe,0.012525025677008285,0.013625916853429062,47809,Hard
16,2,D. L. Hughley,Safe,0.0012897046523996233,0.004370448966307457,47809,Hard
16,2,Dorothy Hamill,Eliminated,0.00018588701750323194,0.0006600233506440768,47809,Hard
16,2,Ingo Rademacher,Safe,0.012493729011099075,0.013523914401480456,47809,Hard
16,2,Jacoby Jones,Safe,0.06906204491397121,0.030928340793584353,47809,Hard
16,2,Kellie Pickler,Safe,0.3787801773748551,0.05922145340058406,47809,Hard
16,2,Lisa Vanderpump,Safe,0.004029294627385042,0.007804162979723915,47809,Hard
16,2,Sean Lowe,Safe,0.012470529974946399,0.013555532435372011,47809,Hard
16,2,Victor Ortiz,Safe,0.004078425445606833,0.007834301195806406,47809,Hard
16,2,Wynonna Judd,Safe,0.004017387278604343,0.0077311906902613305,47809,Hard
16,2,Zendaya,Safe,0.37946505788812884,0.05945438967908123,47809,Hard
16,3,Alexandra Raisman,Safe,0.05979682490207748,0.03652257389635579,48271,Hard
16,3,Andy Dick,Safe,0.003729818209712082,0.009425174385687672,48271,Hard
16,3,D. L. Hughley,Safe,0.001240744358456765,0.0054233363207219784,48271,Hard
16,3,Ingo Rademacher,Safe,0.01968417532510555,0.02128183473484554,48271,Hard
16,3,Jacoby Jones,Safe,0.3173917238454118,0.07165093528233692,48271,Hard
16,3,Kellie Pickler,Safe,0.18203110271232462,0.0593321589116977,48271,Hard
16,3,Lisa Vanderpump,Safe,0.01967645184144386,0.021411338326374724,48271,Hard
16,3,Sean Lowe,Safe,0.019874401097130855,0.021453516318760937,48271,Hard
16,3,Victor Ortiz,Safe,0.05977969233769954,0.03607001736817757,48271,Hard
16,3,Wynonna Judd,Eliminated,0.0001284422516469787,0.0005930695113764436,48271,Hard
16,3,Zendaya,Safe,0.31666662311898786,0.07109959499858137,48271,Hard
16,4,Alexandra Raisman,Safe,0.42706017503023164,0.07401110519120985,25354,Hard
16,4,Andy Dick,Safe,0.00930441858651531,0.014310337373221318,25354,Hard
16,4,D. L. Hughley,Safe,0.009331027252332352,0.014385027465050907,25354,Hard
16,4,Ingo Rademacher,Safe,0.03336314771460447,0.026608892599877733,25354,Hard
16,4,Jacoby Jones,Safe,0.06287949328484008,0.03637572950474309,25354,Hard
16,4,Kellie Pickler,Safe,0.2251775878308987,0.06216886989100214,25354,Hard
16,4,Lisa Vanderpump,Eliminated,7.937271937853222e-05,0.0005492477400381207,25354,Hard
16,4,Sean Lowe,Safe,0.004970514740776041,0.010507942088930767,25354,Hard
16,4,Victor Ortiz,Safe,0.002542460724600413,0.007310699105901656,25354,Hard
16,4,Zendaya,Safe,0.22529180211582417,0.06222873446192252,25354,Hard
16,5,Alexandra Raisman,Safe,0.065979325964214,0.03872705344985958,24609,Hard
16,5,Andy Dick,Safe,0.0029622190029865076,0.008616079817905018,24609,Hard
16,5,D. L. Hughley,Eliminated,9.708733240554643e-05,0.000705780621836003,24609,Hard
16,5,Ingo Rademacher,Safe,0.007628115919292217,0.013675804903139889,24609,Hard
16,5,Jacoby Jones,Safe,0.11276113319904758,0.04981517185699195,24609,Hard
16,5,Kellie Pickler,Safe,0.193848385662052,0.06187520179042833,24609,Hard
16,5,Sean Lowe,Safe,0.038284955530265966,0.030166801579179458,24609,Hard
16,5,Victor Ortiz,Safe,0.007576052237859377,0.013675570175191151,24609,Hard
16,5,Zendaya,Safe,0.570862725151881,0.07765260094563414,24609,Hard
16,6,Alexandra Raisman,Safe,0.23331755098338755,0.06779798489281216,48338,Hard
16,6,Andy Dick,Safe,0.004267733569056099,0.010541551812542025,48338,Hard
16,6,Ingo Rademacher,Safe,0.01602537375794418,0.020174995604579846,48338,Hard
16,6,Jacoby Jones,Safe,0.010365758544834403,0.016384253096466062,48338,Hard
16,6,Kellie Pickler,Safe,0.5699572905346756,0.07987444352112757,48338,Hard
16,6,Sean Lowe,Safe,0.016037971258117557,0.02021952104698433,48338,Hard
16,6,Victor Ortiz,Eliminated,0.000339548938731851,0.001281654557459569,48338,Hard
16,6,Zendaya,Safe,0.14968877241325065,0.0575746937982326,48338,Hard
16,7,Alexandra Raisman,Safe,0.532129125911315,0.1021316330778716,49816,Hard
16,7,Andy Dick,Eliminated,0.00048663945173248353,0.0030834948015094356,49816,Hard
16,7,Ingo Rademacher,Safe,0.025231575713166428,0.03234086166272589,49816,Hard
16,7,Jacoby Jones,Safe,0.060537155525203834,0.04920336845525769,49816,Hard
16,7,Kellie Pickler,Safe,0.1437506232675742,0.07183845404207426,49816,Hard
16,7,Sean Lowe,Safe,0.016234345150293993,0.025840592203556334,49816,Hard
16,7,Zendaya,Safe,0.22163053498072258,0.08553170800953452,49816,Hard
16,8,Alexandra Raisman,Safe,0.2460393305360371,0.09655841980002602,49282,Hard
16,8,Ingo Rademacher,Safe,0.012968462353403688,0.02530784548819781,49282,Hard
16,8,Jacoby Jones,Safe,0.05637642872255785,0.05163440042584713,49282,Hard
16,8,Kellie Pickler,Safe,0.17084063598528704,0.08406871428905795,49282,Hard
16,8,Sean Lowe,Eliminated,0.0005649150493688741,0.0028383687511841817,49282,Hard
16,8,Zendaya,Safe,0.5132102273533469,0.11179992833948496,49282,Hard
16,9,Alexandra Raisman,Safe,0.3857374761062409,0.1249053459080857,48826,Hard
16,9,Ingo Rademacher,Eliminated,0.0007817537170552962,0.004105946285833987,48826,Hard
16,9,Jacoby Jones,Safe,0.3843792455665183,0.12545486462380978,48826,Hard
16,9,Kellie Pickler,Safe,0.20023509282612484,0.10243579319349819,48826,Hard
16,9,Zendaya,Safe,0.0288664317840567,0.04313011595662689,48826,Hard
17,2,Amber Riley,Safe,0.08476628606688627,0.04301274989984956,1839,Hard
17,2,Bill Engvall,Safe,0.010278800050656078,0.01487652879701226,1839,Hard
17,2,Bill Nye,Safe,0.015127306781265155,0.01440253461266372,1839,Hard
17,2,Brant Daugherty,Safe,0.043143795351375316,0.02968974816392476,1839,Hard
17,2,Christina Milian,Safe,0.16884876371089674,0.05760999496312304,1839,Hard
17,2,Corbin Bleu,Safe,0.3352167748585674,0.0705188122266175,1839,Hard
17,2,Elizabeth Berkley Lauren,Safe,0.16769429598172708,0.055797116602318876,1839,Hard
17,2,Jack Osbourne,Safe,0.0825179948021378,0.04088027416692661,1839,Hard
17,2,Keyshawn Johnson,Eliminated,0.0001818400588655458,0.000699586565734197,1839,Hard
17,2,Leah Remini,Safe,0.08397743045072315,0.04184623896482587,1839,Hard
17,2,"Nicole ""Snooki"" Polizzi",Safe,0.005558580069697977,0.012479449681650302,1839,Hard
17,2,Valerie Harper,Safe,0.00268813181720175,0.007057248481424036,1839,Hard
17,3,Amber Riley,Safe,0.05515934157353699,0.04167805929488256,31504,Hard
17,3,Bill Engvall,Safe,0.05478204753196881,0.04179803911064396,31504,Hard
17,3,Bill Nye,Eliminated,1.3964311436433255e-05,0.00033353918149525203,31504,Hard
17,3,Brant Daugherty,Safe,0.28952514998820456,0.08338501853034394,31504,Hard
17,3,Christina Milian,Safe,0.1672847655509539,0.06911371506965588,31504,Hard
17,3,Corbin Bleu,Safe,0.1665184292371697,0.06873596452908086,31504,Hard
17,3,Elizabeth Berkley Lauren,Safe,0.09653689268716563,0.05405085572913504,31504,Hard
17,3,Jack Osbourne,Safe,0.01847887020967891,0.024904886688864952,31504,Hard
17,3,Leah Remini,Safe,0.05468951422815114,0.04168544106437209,31504,Hard
17,3,"Nicole ""Snooki"" Polizzi",Safe,0.09592078599096884,0.05392094144730169,31504,Hard
17,3,Valerie Harper,Safe,0.0010902386907632124,0.006122655600371019,31504,Hard
17,4,Amber Riley,Safe,0.28503165819423654,0.07418266082629299,49472,Hard
17,4,Bill Engvall,Safe,0.004116007289522989,0.010481144167406833,49472,Hard
17,4,Brant Daugherty,Safe,0.0040370785306593415,0.010303418572401777,49472,Hard
17,4,Christina Milian,Safe,0.034258784518579354,0.02980789559185786,49472,Hard
17,4,Corbin Bleu,Safe,0.2847363833552227,0.073987726679805,49472,Hard
17,4,Elizabeth Berkley Lauren,Safe,0.28470497809537537,0.07442868556641469,49472,Hard
17,4,Jack Osbourne,Safe,0.034195382192779976,0.0296884928873313,49472,Hard
17,4,Leah Remini,Safe,0.03457729733672261,0.029995036956525677,49472,Hard
17,4,"Nicole ""Snooki"" Polizzi",Safe,0.03415250023700629,0.029740075432083506,49472,Hard
17,4,Valerie Harper,Eliminated,0.00018993024989161567,0.0010897369362336076,49472,Hard
17,5,Amber Riley,Safe,0.10971364472913837,0.08309237980770573,457,Hard
17,5,Bill Engvall,Safe,0.10154186956017888,0.06632575708046032,457,Hard
17,5,Brant Daugherty,Safe,0.12580695871930983,0.08144174799667418,457,Hard
17,5,Christina Milian,Eliminated,0.016739669189206993,0.01176542002326597,457,Hard
17,5,Corbin Bleu,Safe,0.15530904239922383,0.09890017689121704,457,Hard
17,5,Elizabeth Berkley Lauren,Safe,0.11610134773426525,0.07833323828343772,457,Hard
17,5,Jack Osbourne,Safe,0.1367204534813097,0.09005296764432005,457,Hard
17,5,Leah Remini,Safe,0.10414930396266307,0.06380211835625076,457,Hard
17,5,"Nicole ""Snooki"" Polizzi",Safe,0.13391771022470414,0.09407496279486074,457,Hard
17,7,Amber Riley,Safe,0.36823815157521894,0.08070798671080011,168,Hard
17,7,Bill Engvall,Safe,0.02799058451884146,0.021107896166864724,168,Hard
17,7,Brant Daugherty,Safe,0.0970002614642309,0.0532478943655355,168,Hard
17,7,Corbin Bleu,Safe,0.3732684976483451,0.08574082614651005,168,Hard
17,7,Elizabeth Berkley Lauren,Safe,0.018481569436936247,0.024230640503577767,168,Hard
17,7,Jack Osbourne,Safe,0.09581455587494532,0.05058044202276954,168,Hard
17,7,Leah Remini,Safe,0.018178630292861164,0.01975251559152613,168,Hard
17,7,"Nicole ""Snooki"" Polizzi",Eliminated,0.0010277491886209991,0.0015680825856185022,168,Hard
17,8,Amber Riley,Safe,0.06553106619927539,0.045026005789558024,2710,Soft
17,8,Bill Engvall,Safe,0.010628838137023418,0.022821812418413235,2710,Soft
17,8,Brant Daugherty,Eliminated,0.007380905420097062,0.008364613540277751,2710,Soft
17,8,Corbin Bleu,Safe,0.40944746088427986,0.09342259706235241,2710,Soft
17,8,Elizabeth Berkley Lauren,Safe,0.03181025359316758,0.027481281296551505,2710,Soft
17,8,Jack Osbourne,Safe,0.41057799200362477,0.094205333525582,2710,Soft
17,8,Leah Remini,Safe,0.06462348376253338,0.04590394368523433,2710,Soft
17,9,Amber Riley,Safe,0.12648878439852643,0.05520993223121444,248,Soft
17,9,Bill Engvall,Safe,0.0008220635178128788,0.0059712528588439905,248,Soft
17,9,Corbin Bleu,Safe,0.5082301417119934,0.12233950530346409,248,Soft
17,9,Elizabeth Berkley Lauren,Eliminated,0.06303497156034484,0.026850952193951998,248,Soft
17,9,Jack Osbourne,Safe,0.15277417421450257,0.06801624736334505,248,Soft
17,9,Leah Remini,Safe,0.1486498645968197,0.06807828581071762,248,Soft
17,10,Amber Riley,Safe,0.6781936043330635,0.09813813644248275,1949,Hard
17,10,Bill Engvall,Safe,0.04534177547309306,0.03187358144843729,1949,Hard
17,10,Corbin Bleu,Safe,0.20903350138836313,0.08590142617936172,1949,Hard
17,10,Jack Osbourne,Safe,0.06403936051161666,0.05133574885585601,1949,Hard
17,10,Leah Remini,Eliminated,0.003391758293862097,0.007255089675950798,1949,Hard
18,1,Amy Purdy,Safe,0.08145018737819067,0.04207761686946333,267,Hard
18,1,Billy Dee Williams,Safe,0.023867473026251605,0.012597717296203098,267,Hard
18,1,Candace Cameron Bure,Safe,0.14828577575866722,0.050460862456401565,267,Hard
18,1,Charlie White,Safe,0.5263032188945524,0.06810439213592225,267,Hard
18,1,Cody Simpson,Safe,0.020877213945365396,0.020337633801218065,267,Hard
18,1,Danica McKellar,Safe,0.07803730253707372,0.03617916617783186,267,Hard
18,1,Diana Nyad,Eliminated,0.000357219526391302,0.0011163700190842192,267,Hard
18,1,Drew Carey,Safe,0.01365416999738101,0.019776737131344688,267,Hard
18,1,James Maslow,Safe,0.01207570729255295,0.01623994324132401,267,Hard
18,1,Meryl Davis,Safe,0.07813058636331256,0.03523839816610297,267,Hard
18,1,NeNe Leakes,Safe,0.011131806593269853,0.014226370911139019,267,Hard
18,1,Sean Avery,Safe,0.005829338686990952,0.010588838586346986,267,Hard
18,2,Amy Purdy,Safe,0.11365965018711306,0.05513791884297781,49931,Hard
18,2,Billy Dee Williams,Eliminated,0.00013227162496109003,0.0014333435408307184,49931,Hard
18,2,Candace Cameron Bure,Safe,0.013491731216547736,0.019927763365922967,49931,Hard
18,2,Charlie White,Safe,0.23027741956583234,0.07336132160131965,49931,Hard
18,2,Cody Simpson,Safe,0.027386527892077243,0.028244902675916988,49931,Hard
18,2,Danica McKellar,Safe,0.11377453825418606,0.05532854778139331,49931,Hard
18,2,Drew Carey,Safe,0.013445420697825668,0.019968031654545058,49931,Hard
18,2,James Maslow,Safe,0.2300745648919879,0.07310590161432655,49931,Hard
18,2,Meryl Davis,Safe,0.23082871318037215,0.07339667148607004,49931,Hard
18,2,NeNe Leakes,Safe,0.013517034771013643,0.020117511260803148,49931,Hard
18,2,Sean Avery,Eliminated,0.013412127718080652,0.01993866398628104,49931,Hard
18,5,Amy Purdy,Safe,0.07761614352150638,0.05356009438809817,143,Hard
18,5,Candace Cameron Bure,Safe,0.023790650731770675,0.028134136161422355,143,Hard
18,5,Charlie White,Safe,0.0689116110031827,0.04537424615030227,143,Hard
18,5,Cody Simpson,Eliminated,0.0020199130441509268,0.004027735184623141,143,Hard
18,5,Danica McKellar,Safe,0.26037741293111455,0.09145067994689052,143,Hard
18,5,Drew Carey,Safe,0.04221713636705681,0.02204071885980172,143,Hard
18,5,James Maslow,Safe,0.4467669678787679,0.09490939373018188,143,Hard
18,5,Meryl Davis,Safe,0.03709402986142119,0.03660044006392188,143,Hard
18,5,NeNe Leakes,Safe,0.041206134661028924,0.04152039629014794,143,Hard
18,6,Amy Purdy,Safe,0.1652150679178792,0.053793505098295356,24613,Hard
18,6,Candace Cameron Bure,Safe,0.0034243544783410873,0.00814410071106261,24613,Hard
18,6,Charlie White,Safe,0.037592260304828776,0.02773671784272227,24613,Hard
18,6,Danica McKellar,Safe,0.03716808759276282,0.02728958546959713,24613,Hard
18,6,Drew Carey,Eliminated,0.0001106933034415168,0.0005042105124511097,24613,Hard
18,6,James Maslow,Safe,0.017722784888237142,0.018989824042820878,24613,Hard
18,6,Meryl Davis,Safe,0.7347456911960947,0.06401320268293646,24613,Hard
18,6,NeNe Leakes,Safe,0.004021060318412974,0.009114424430726784,24613,Hard
18,7,Amy Purdy,Safe,0.13761143054414657,0.05858625445001041,48794,Hard
18,7,Candace Cameron Bure,Safe,0.07881135343822301,0.04609541268769635,48794,Hard
18,7,Charlie White,Safe,0.014481566894760572,0.020215760359561366,48794,Hard
18,7,Danica McKellar,Safe,0.02560467094598641,0.02703456221489273,48794,Hard
18,7,James Maslow,Safe,0.008366825755011797,0.01557192730594318,48794,Hard
18,7,Meryl Davis,Safe,0.7348553326004635,0.07523651199624443,48794,Hard
18,7,NeNe Leakes,Eliminated,0.00026881982140139867,0.0012534736333700523,48794,Hard
18,8,Amy Purdy,Safe,0.4521110103827317,0.08521195571403271,382,Soft
18,8,Candace Cameron Bure,Safe,0.030474493354025675,0.027568391807440414,382,Soft
18,8,Charlie White,Safe,0.45054808276549985,0.08688555668696514,382,Soft
18,8,Danica McKellar,Eliminated,0.010854866357516459,0.009111722251879357,382,Soft
18,8,James Maslow,Safe,0.029091424129927136,0.030023956618378936,382,Soft
18,8,Meryl Davis,Safe,0.026920123010298894,0.026540763125078234,382,Soft
18,9,Amy Purdy,Safe,0.16386089368995346,0.07776191382719838,611,Hard
18,9,Candace Cameron Bure,Safe,0.04345883628092038,0.029165792058784244,611,Hard
18,9,Charlie White,Eliminated,0.007663549903487675,0.009715703747915392,611,Hard
18,9,James Maslow,Safe,0.049039697977301865,0.04527053881881928,611,Hard
18,9,Meryl Davis,Safe,0.7359770221483362,0.09279445888538375,611,Hard
19,1,Alfonso Ribeiro,Safe,0.4837330536757327,0.06688090446308571,969,Hard
19,1,Antonio Sabato Jr.,Safe,0.0034867990334235457,0.00809020565842362,969,Hard
19,1,Bethany Mota,Safe,0.08057766589598069,0.035071997723404615,969,Hard
19,1,Betsey Johnson,Safe,0.01575752238503477,0.012310812726667638,969,Hard
19,1,Janel Parrish,Safe,0.020760385308555607,0.01752009960412451,969,Hard
19,1,Jonathan Bennett,Safe,0.033873493306242085,0.02434563356819514,969,Hard
19,1,Lea Thompson,Safe,0.08066610978943149,0.034741050565749665,969,Hard
19,1,Lolo Jones,Eliminated,0.000264545275014496,0.0009414927595110661,969,Hard
19,1,Michael Waltrip,Safe,0.003839205815155227,0.008855295211819684,969,Hard
19,1,Randy Couture,Safe,0.05117316137479867,0.029797746446326736,969,Hard
19,1,Sadie Robertson,Safe,0.19581880913584737,0.05375905138633091,969,Hard
19,1,Tavis Smiley,Safe,0.021538421346429686,0.019186170011932173,969,Hard
19,1,Tommy Chong,Safe,0.008510827658353422,0.012016153082677233,969,Hard
19,2,Alfonso Ribeiro,Safe,0.059848132920542724,0.03355739296392466,106,Hard
19,2,Antonio Sabato Jr.,Safe,0.03288637432440836,0.023755623014977623,106,Hard
19,2,Bethany Mota,Safe,0.12840859643903643,0.04489963723195366,106,Hard
19,2,Betsey Johnson,Safe,0.0067706113236625795,0.010832919426229007,106,Hard
19,2,Janel Parrish,Safe,0.22756861881515658,0.057443788941160145,106,Hard
19,2,Jonathan Bennett,Safe,0.01652934754473051,0.015631638005321608,106,Hard
19,2,Lea Thompson,Safe,0.46580677449533875,0.06416502753133121,106,Hard
19,2,Michael Waltrip,Safe,0.022592372909401102,0.01151518358052044,106,Hard
19,2,Randy Couture,Safe,0.005676018568082651,0.00933227212358577,106,Hard
19,2,Sadie Robertson,Safe,0.028789312001881034,0.01927684881738189,106,Hard
19,2,Tavis Smiley,Eliminated,0.0001525009842136467,0.00042623360741557583,106,Hard
19,2,Tommy Chong,Safe,0.004971339673545346,0.008517930286079467,106,Hard
19,3,Alfonso Ribeiro,Safe,0.011185698865781572,0.011263585650332586,48505,Hard
19,3,Antonio Sabato Jr.,Safe,0.0027835036707123503,0.005704113974891213,48505,Hard
19,3,Bethany Mota,Safe,0.46179489838628907,0.05345950322253789,48505,Hard
19,3,Betsey Johnson,Safe,0.0027884064630470822,0.005729511799493363,48505,Hard
19,3,Janel Parrish,Safe,0.4619059149731925,0.053679842510376524,48505,Hard
19,3,Jonathan Bennett,Safe,0.011163837556065566,0.011258591605889911,48505,Hard
19,3,Lea Thompson,Safe,0.007006704049059035,0.00903509303970709,48505,Hard
19,3,Michael Waltrip,Safe,0.001745649610149547,0.0044923740723298595,48505,Hard
19,3,Randy Couture,Eliminated,0.00027793882864683776,0.000879039677142731,48505,Hard
19,3,Sadie Robertson,Safe,0.011071646108338813,0.011223268703207164,48505,Hard
19,3,Tommy Chong,Safe,0.028275801488707758,0.017775883276698268,48505,Hard
19,4,Alfonso Ribeiro,Safe,0.40546133321345473,0.0722530496869614,402,Soft
19,4,Antonio Sabato Jr.,Safe,0.010410933699852073,0.014823317161576626,402,Soft
19,4,Bethany Mota,Safe,0.030635829683800162,0.02416242599943109,402,Soft
19,4,Betsey Johnson,Eliminated,0.000821555479442721,0.0016114905340750205,402,Soft
19,4,Janel Parrish,Safe,0.09430923813812976,0.043927677610404135,402,Soft
19,4,Jonathan Bennett,Safe,0.010839843565369637,0.015851827628734442,402,Soft
19,4,Lea Thompson,Safe,0.2806283604140004,0.06710403436645661,402,Soft
19,4,Michael Waltrip,Safe,0.01888659577500036,0.01654145348332883,402,Soft
19,4,Sadie Robertson,Safe,0.13350669259494446,0.04714670816907303,402,Soft
19,4,Tommy Chong,Safe,0.014499617436005583,0.01393216335624886,402,Soft
19,6,Alfonso Ribeiro,Safe,0.7259458923617975,0.05537737563557543,109,Soft
19,6,Antonio Sabato Jr.,Safe,0.015815974750427154,0.015513747122501457,109,Soft
19,6,Bethany Mota,Safe,0.12445969977508882,0.0407603653199046,109,Soft
19,6,Janel Parrish,Safe,0.020623800889088374,0.016090752714523454,109,Soft
19,6,Jonathan Bennett,Eliminated,0.0023964740925505666,0.002761987516063448,109,Soft
19,6,Lea Thompson,Safe,0.01433433336239495,0.015017449334820805,109,Soft
19,6,Michael Waltrip,Safe,0.017468469158438613,0.013012700371039035,109,Soft
19,6,Sadie Robertson,Safe,0.06492124347507677,0.029592915427840535,109,Soft
19,6,Tommy Chong,Safe,0.014034112135136813,0.016055062486840466,109,Soft
19,7,Alfonso Ribeiro,Safe,0.06930601452887965,0.03785020828719574,2137,Hard
19,7,Antonio Sabato Jr.,Eliminated,0.0004280910761328008,0.0009790726829973714,2137,Hard
19,7,Bethany Mota,Safe,0.7140371183697966,0.06644470064028933,2137,Hard
19,7,Janel Parrish,Safe,0.05080440016867987,0.03313656664873418,2137,Hard
19,7,Lea Thompson,Safe,0.13259938216788822,0.05001916590415456,2137,Hard
19,7,Michael Waltrip,Safe,0.018052175148905367,0.013427290884313372,2137,Hard
19,7,Sadie Robertson,Safe,0.009300936805557488,0.013564361651122465,2137,Hard
19,7,Tommy Chong,Safe,0.005471881734161257,0.01169561103401,2137,Hard
19,8,Alfonso Ribeiro,Safe,0.24489391983077533,0.08638691520075971,48847,Hard
19,8,Bethany Mota,Safe,0.1781809668693136,0.07662122372863577,48847,Hard
19,8,Janel Parrish,Safe,0.46238811046966566,0.10023369198656405,48847,Hard
19,8,Lea Thompson,Safe,0.014132197868009224,0.023597354117935714,48847,Hard
19,8,Michael Waltrip,Eliminated,0.0005488400100718713,0.002261495716481481,48847,Hard
19,8,Sadie Robertson,Safe,0.09442223086182391,0.0583408235098918,48847,Hard
19,8,Tommy Chong,Safe,0.005433734090336812,0.014802263493839996,48847,Hard
19,9,Alfonso Ribeiro,Safe,0.35203189157551695,0.11267627866188135,252,Hard
19,9,Bethany Mota,Safe,0.13157503965123588,0.0829787466550088,252,Hard
19,9,Janel Parrish,Safe,0.32795170400370793,0.11133526790420435,252,Hard
19,9,Lea Thompson,Eliminated,0.012056474672514052,0.013004979308800988,252,Hard
19,9,Sadie Robertson,Safe,0.09987785562229341,0.07022509763896939,252,Hard
19,9,Tommy Chong,Safe,0.07650703447473191,0.03938721183847188,252,Hard
19,10,Alfonso Ribeiro,Safe,0.1661713710373808,0.10227525711035283,49798,Hard
19,10,Bethany Mota,Safe,0.23751804707526655,0.11752385040977298,49798,Hard
19,10,Janel Parrish,Safe,0.478837115251971,0.1377075654669859,49798,Hard
19,10,Sadie Robertson,Safe,0.11633727429615473,0.08771417258292512,49798,Hard
19,10,Tommy Chong,Eliminated,0.0011361923392289924,0.006864577950864651,49798,Hard
20,2,Charlotte McKinney,Safe,0.07867793676189593,0.05105428703973285,213,Hard
20,2,Chris Soules,Safe,0.07862360659961352,0.039754618645204194,213,Hard
20,2,Michael Sam,Safe,0.07552967129953929,0.05093457952176517,213,Hard
20,2,Nastia Liukin,Safe,0.13690373328268257,0.08188581402887787,213,Hard
20,2,Noah Galloway,Safe,0.0716282943825118,0.050928656443592214,213,Hard
20,2,Patti LaBelle,Safe,0.07348271434131905,0.057960067997289734,213,Hard
20,2,Redfoo,Eliminated,0.00812644412586337,0.006602440015119204,213,Hard
20,2,Riker Lynch,Safe,0.11405124549955936,0.07842951089912378,213,Hard
20,2,Robert Herjavec,Safe,0.06945635421285644,0.04939319708794026,213,Hard
20,2,Rumer Willis,Safe,0.11058873073186266,0.07126571291040215,213,Hard
20,2,Suzanne Somers,Safe,0.07875849218151537,0.0651786438710747,213,Hard
20,2,Willow Shields,Safe,0.10417277658078071,0.06925901684405339,213,Hard
20,3,Charlotte McKinney,Eliminated,5.2800638465917935e-05,0.0003839752725347896,25823,Hard
20,3,Chris Soules,Safe,0.018882632399541962,0.020512461198528,25823,Hard
20,3,Michael Sam,Safe,0.0031074838763887917,0.008598956790616615,25823,Hard
20,3,Nastia Liukin,Safe,0.29378062304126784,0.0691000266972489,25823,Hard
20,3,Noah Galloway,Safe,0.04750941854637615,0.03230198605049298,25823,Hard
20,3,Patti LaBelle,Safe,0.002356994939103047,0.007364445551977167,25823,Hard
20,3,Riker Lynch,Safe,0.2939955172994699,0.06929789510596018,25823,Hard
20,3,Robert Herjavec,Safe,0.03012776650365651,0.02620908300679868,25823,Hard
20,3,Rumer Willis,Safe,0.18694270269346852,0.05912158601155025,25823,Hard
20,3,Suzanne Somers,Safe,0.004815745194681928,0.010446460699598112,25823,Hard
20,3,Willow Shields,Safe,0.11842831486757822,0.04890288725194605,25823,Hard
20,4,Chris Soules,Safe,0.005943035028922939,0.011473564266947603,2169,Soft
20,4,Michael Sam,Eliminated,0.0005742641353555102,0.0013497338609342728,2169,Soft
20,4,Nastia Liukin,Safe,0.12676574873277754,0.04340183521012438,2169,Soft
20,4,Noah Galloway,Safe,0.013333828231903285,0.015303913137023823,2169,Soft
20,4,Patti LaBelle,Safe,0.007398107375373124,0.011508933327545177,2169,Soft
20,4,Riker Lynch,Safe,0.04079792240242577,0.02535141798242076,2169,Soft
20,4,Robert Herjavec,Safe,0.04126178698360994,0.025347940050603972,2169,Soft
20,4,Rumer Willis,Safe,0.07221552331111393,0.0337433105982009,2169,Soft
20,4,Suzanne Somers,Safe,0.012978955140439456,0.012598124891845794,2169,Soft
20,4,Willow Shields,Safe,0.6787308286580772,0.05882755028939374,2169,Soft
20,5,Chris Soules,Safe,0.015991223805798323,0.01604839671605973,1713,Soft
20,5,Nastia Liukin,Safe,0.2581687054314784,0.06744135160632506,1713,Soft
20,5,Noah Galloway,Safe,0.009586863804499033,0.014537980420158993,1713,Soft
20,5,Patti LaBelle,Safe,0.01534834611295732,0.01457945467882356,1713,Soft
20,5,Riker Lynch,Safe,0.25892070988260313,0.06617223854705677,1713,Soft
20,5,Robert Herjavec,Safe,0.0063251519343715855,0.013627046235533614,1713,Soft
20,5,Rumer Willis,Safe,0.3730751103428172,0.07486320716438033,1713,Soft
20,5,Suzanne Somers,Eliminated,0.0006662415361122762,0.00158924266242391,1713,Soft
20,5,Willow Shields,Safe,0.06191764714936285,0.0368089440893992,1713,Soft
20,6,Chris Soules,Safe,0.012444437521186309,0.015847133487351978,3319,Hard
20,6,Nastia Liukin,Safe,0.09650008248268427,0.041579104519127295,3319,Hard
20,6,Noah Galloway,Safe,0.005104171122959514,0.009711304257395121,3319,Hard
20,6,Patti LaBelle,Eliminated,0.00022728725266713245,0.0007764379876001647,3319,Hard
20,6,Riker Lynch,Safe,0.7553974971434835,0.05939203120818258,3319,Hard
20,6,Robert Herjavec,Safe,0.011099666461825237,0.012639877534935444,3319,Hard
20,6,Rumer Willis,Safe,0.023553047731300486,0.02142626221146656,3319,Hard
20,6,Willow Shields,Safe,0.09567381028389409,0.04066255133978128,3319,Hard
20,7,Chris Soules,Safe,0.1417332355535367,0.08154431230123439,1228,Hard
20,7,Nastia Liukin,Safe,0.21869814795136877,0.12657135419125073,1228,Hard
20,7,Noah Galloway,Safe,0.1639795066231124,0.10539077795793907,1228,Hard
20,7,Riker Lynch,Safe,0.14685263914832364,0.0953585132956844,1228,Hard
20,7,Robert Herjavec,Safe,0.14471546252552556,0.08438480999836032,1228,Hard
20,7,Rumer Willis,Safe,0.1598515638957284,0.10543342804934522,1228,Hard
20,7,Willow Shields,Eliminated,0.024169444302404267,0.016682860312502944,1228,Hard
20,8,Chris Soules,Eliminated,0.007344794312890423,0.016981425279972973,41660,Hard
20,8,Nastia Liukin,Safe,0.17768630548472164,0.07649325688223248,41660,Hard
20,8,Noah Galloway,Safe,0.006918853985020065,0.01659973078770068,41660,Hard
20,8,Riker Lynch,Safe,0.29959767977144264,0.09191946051971153,41660,Hard
20,8,Robert Herjavec,Eliminated,0.0014392077305402681,0.007226673371573325,41660,Hard
20,8,Rumer Willis,Safe,0.507013158715383,0.09996297887769606,41660,Hard
20,9,Nastia Liukin,Eliminated,0.2109210790692322,0.057094353808193964,211,Soft
20,9,Noah Galloway,Safe,0.013893329468994896,0.052639760115379054,211,Soft
20,9,Riker Lynch,Safe,0.5008381102354572,0.12168084186475016,211,Soft
20,9,Rumer Willis,Safe,0.27434748122631586,0.09141488619393595,211,Soft
21,2,Alek Skarlatos,Safe,0.07657008393500175,0.040455343088753974,49043,Hard
21,2,Alexa PenaVega,Safe,0.10763301933341488,0.04720697538193525,49043,Hard
21,2,Andy Grammer,Safe,0.053759059961917134,0.034295989190246505,49043,Hard
21,2,Bindi Irwin,Safe,0.2143870691442343,0.06264174837072123,49043,Hard
21,2,Carlos PenaVega,Safe,0.07585779519662765,0.0402414983907725,49043,Hard
21,2,Chaka Khan,Eliminated,0.00010548274815068828,0.0007720986635719831,49043,Hard
21,2,Gary Busey,Safe,0.0012303496046733129,0.005277493080337125,49043,Hard
21,2,Hayes Grier,Safe,0.07653611717459358,0.040682572053581216,49043,Hard
21,2,Kim Zolciak-Biermann,Eliminated,0.004904516312366112,0.01069734999401551,49043,Hard
21,2,Nick Carter,Safe,0.07660623325939642,0.0405727157138108,49043,Hard
21,2,Paula Deen,Safe,0.004838900802874273,0.01063415938878005,49043,Hard
21,2,Tamar Braxton,Safe,0.3027629403392997,0.06986523914423291,49043,Hard
21,2,Victor Espinoza,Eliminated,0.004808432187449943,0.010392587328153326,49043,Hard
21,4,Alek Skarlatos,Safe,0.03976765233097144,0.03459373090758899,49038,Hard
21,4,Alexa PenaVega,Safe,0.008526746720687645,0.016129821252653064,49038,Hard
21,4,Andy Grammer,Safe,0.023708592974755274,0.026981440657375937,49038,Hard
21,4,Bindi Irwin,Safe,0.3079550284723229,0.0813101248371495,49038,Hard
21,4,Carlos PenaVega,Safe,0.06591238547979066,0.04365443686250191,49038,Hard
21,4,Gary Busey,Eliminated,0.0001641544957727238,0.0008994571203768521,49038,Hard
21,4,Hayes Grier,Safe,0.18430297198288714,0.06822886239009458,49038,Hard
21,4,Nick Carter,Safe,0.1837352925454573,0.06840407680967743,49038,Hard
21,4,Paula Deen,Safe,0.0018567936062143281,0.007713596086889566,49038,Hard
21,4,Tamar Braxton,Safe,0.18407038139114063,0.0685091765270521,49038,Hard
21,6,Alek Skarlatos,Safe,0.006412691510798584,0.014722178637705403,49498,Hard
21,6,Alexa PenaVega,Safe,0.006508499977801198,0.015109823449060242,49498,Hard
21,6,Andy Grammer,Safe,0.23219947382496015,0.0786004076214081,49498,Hard
21,6,Bindi Irwin,Safe,0.2325346092817669,0.07827500576802175,49498,Hard
21,6,Carlos PenaVega,Safe,0.11318918058948074,0.05871791340301802,49498,Hard
21,6,Hayes Grier,Safe,0.013065710655496693,0.020913602019927466,49498,Hard
21,6,Nick Carter,Safe,0.16303650852145254,0.06859288561293649,49498,Hard
21,6,Paula Deen,Eliminated,0.00030960587999699825,0.0016754199391384483,49498,Hard
21,6,Tamar Braxton,Safe,0.2327437197582457,0.07862436204583075,49498,Hard
21,7,Alek Skarlatos,Safe,0.006878645938026589,0.011992459073660552,12,Soft
21,7,Alexa PenaVega,Safe,0.024732702401651097,0.014524099638547344,12,Soft
21,7,Andy Grammer,Safe,0.07572128610388432,0.04608381882916043,12,Soft
21,7,Bindi Irwin,Safe,0.7843006303050809,0.07044694696445056,12,Soft
21,7,Carlos PenaVega,Safe,0.05414247740775859,0.02019562287077814,12,Soft
21,7,Hayes Grier,Eliminated,0.009706179795489597,0.00517859433780805,12,Soft
21,7,Nick Carter,Safe,0.021111919804207003,0.012070680103233913,12,Soft
21,7,Tamar Braxton,Safe,0.023406158243901954,0.015794001482664393,12,Soft
21,8,Alek Skarlatos,Safe,0.0025716590025091253,0.006852791552422362,47274,Hard
21,8,Alexa PenaVega,Safe,0.01066548746134684,0.013684821577806101,47274,Hard
21,8,Andy Grammer,Eliminated,0.00034272405551923687,0.001094075469060828,47274,Hard
21,8,Bindi Irwin,Safe,0.02227769733989195,0.019759190022937807,47274,Hard
21,8,Carlos PenaVega,Safe,0.0466811603563076,0.028082079971683327,47274,Hard
21,8,Nick Carter,Safe,0.8951127216273141,0.04073157650428711,47274,Hard
21,8,Tamar Braxton,Safe,0.02234855015711128,0.019615357706537002,47274,Hard
21,9,Alek Skarlatos,Safe,0.0062147268061513656,0.015030365968826157,46484,Hard
21,9,Alexa PenaVega,Eliminated,0.46438695375350136,0.095445577178775,46484,Hard
21,9,Bindi Irwin,Safe,0.4621849028051541,0.09543847982333856,46484,Hard
21,9,Carlos PenaVega,Safe,0.02541095380525654,0.029932045699819113,46484,Hard
21,9,Nick Carter,Safe,0.04132599916400079,0.037740026901027145,46484,Hard
21,9,Tamar Braxton,Eliminated,0.0004764636659338463,0.0016651200177092832,46484,Hard
22,2,Antonio Brown,Safe,0.013663733001823773,0.0167657434411863,49611,Hard
22,2,Doug Flutie,Safe,0.02645209320899574,0.02306881227075706,49611,Hard
22,2,Geraldo Rivera,Eliminated,8.629704352730824e-05,0.0006176832122350102,49611,Hard
22,2,Ginger Zee,Safe,0.051916432298336326,0.032022445343753016,49611,Hard
22,2,Jodie Sweetin,Safe,0.052127397160371056,0.032152549461680266,49611,Hard
22,2,Kim Fields,Safe,0.013729364602990804,0.016852311918880675,49611,Hard
22,2,Marla Maples,Safe,0.026590563894188395,0.023299924300391375,49611,Hard
22,2,Mischa Barton,Safe,0.000931307327130754,0.004374149784376577,49611,Hard
22,2,Nyle DiMarco,Safe,0.02672152434507081,0.023288200828278326,49611,Hard
22,2,Paige VanZant,Safe,0.38066927156863256,0.07012363006383658,49611,Hard
22,2,Von Miller,Safe,0.02673260578831284,0.023275365225702428,49611,Hard
22,2,Wanya Morris,Safe,0.3803794097606205,0.07025712264304475,49611,Hard
22,3,Antonio Brown,Safe,0.0036374130754377137,0.007856849370984962,49167,Hard
22,3,Doug Flutie,Safe,0.003666097816768972,0.007833785263259074,49167,Hard
22,3,Ginger Zee,Safe,0.00995382695646434,0.012910136939419357,49167,Hard
22,3,Jodie Sweetin,Safe,0.07624144400231209,0.03487491533944544,49167,Hard
22,3,Kim Fields,Safe,0.02732888260936748,0.02116581626381892,49167,Hard
22,3,Marla Maples,Safe,0.00997773705278891,0.013010230481600634,49167,Hard
22,3,Mischa Barton,Eliminated,0.00018561436745588063,0.0008560148583813922,49167,Hard
22,3,Nyle DiMarco,Safe,0.5792637093337375,0.06451151223868021,49167,Hard
22,3,Paige VanZant,Safe,0.07596312918404023,0.03464860485020079,49167,Hard
22,3,Von Miller,Safe,0.003629371625859388,0.007895632227592663,49167,Hard
22,3,Wanya Morris,Safe,0.21015277397576607,0.053234053155372184,49167,Hard
22,4,Antonio Brown,Safe,0.15684826043429226,0.059963409397251956,99,Hard
22,4,Doug Flutie,Safe,0.02793840244913868,0.017554013175254478,99,Hard
22,4,Ginger Zee,Safe,0.24489035389578076,0.06372362883778937,99,Hard
22,4,Jodie Sweetin,Safe,0.018228006067244805,0.019777815952745297,99,Hard
22,4,Kim Fields,Safe,0.039595292404264376,0.04091258208544188,99,Hard
22,4,Marla Maples,Eliminated,0.0010577985125754925,0.002668366731807641,99,Hard
22,4,Nyle DiMarco,Safe,0.08778026490245859,0.049006618726052824,99,Hard
22,4,Paige VanZant,Safe,0.24918969128033358,0.0648874486173809,99,Hard
22,4,Von Miller,Safe,0.032584265406306594,0.03339429123700695,99,Hard
22,4,Wanya Morris,Safe,0.14188766464760483,0.06414369289464014,99,Hard
22,6,Antonio Brown,Safe,0.10334261696167539,0.04460848948702362,49442,Hard
22,6,Doug Flutie,Eliminated,0.0002670566309915676,0.0012908134926455377,49442,Hard
22,6,Ginger Zee,Safe,0.007634246395849189,0.012874135701003167,49442,Hard
22,6,Jodie Sweetin,Safe,0.01811317360174817,0.019546886385233525,49442,Hard
22,6,Kim Fields,Safe,0.007617576615112729,0.012686820466304002,49442,Hard
22,6,Nyle DiMarco,Safe,0.018154432562212337,0.019447842944186732,49442,Hard
22,6,Paige VanZant,Safe,0.24773253864067502,0.06363657776669265,49442,Hard
22,6,Von Miller,Safe,0.007686995097337383,0.012949975469046431,49442,Hard
22,6,Wanya Morris,Safe,0.5894513634943964,0.07234310245143155,49442,Hard
22,7,Antonio Brown,Safe,0.007931300942988169,0.014523841013335077,3949,Hard
22,7,Ginger Zee,Safe,0.16109479556343165,0.06359964255449821,3949,Hard
22,7,Jodie Sweetin,Safe,0.014849844259261717,0.016776364155181245,3949,Hard
22,7,Kim Fields,Eliminated,0.004180575111786795,0.01091357691152974,3949,Hard
22,7,Nyle DiMarco,Safe,0.4874396302589216,0.08645426717526877,3949,Hard
22,7,Paige VanZant,Safe,0.15993380461467852,0.06339414761349624,3949,Hard
22,7,Von Miller,Eliminated,0.004027174403146096,0.01104004559088458,3949,Hard
22,7,Wanya Morris,Safe,0.1605428748457862,0.06293758498456288,3949,Hard
22,8,Antonio Brown,Safe,0.1716298657468116,0.10032741547756192,1580,Hard
22,8,Ginger Zee,Safe,0.24385097043175327,0.13529908274578503,1580,Hard
22,8,Jodie Sweetin,Eliminated,0.03861879847637079,0.02438587377127349,1580,Hard
22,8,Nyle DiMarco,Safe,0.20189620962368152,0.11811433775799371,1580,Hard
22,8,Paige VanZant,Safe,0.1774673320011194,0.10973715380153633,1580,Hard
22,8,Wanya Morris,Safe,0.16653682372026293,0.09512934157295685,1580,Hard
22,9,Antonio Brown,Eliminated,0.000535336111590426,0.001919890634870725,44397,Hard
22,9,Ginger Zee,Safe,0.010171156242444196,0.020597566774416917,44397,Hard
22,9,Nyle DiMarco,Safe,0.028342244040254625,0.033810961866641114,44397,Hard
22,9,Paige VanZant,Safe,0.24367775547917717,0.08758693765952008,44397,Hard
22,9,Wanya Morris,Eliminated,0.7172735081265305,0.09175934172214285,44397,Hard
23,2,Amber Rose,Safe,0.0030419816400796213,0.006687223828426795,419,Hard
23,2,Babyface,Safe,0.11571448542318505,0.03855905662458247,419,Hard
23,2,Calvin Johnson Jr.,Safe,0.02943633691393855,0.02062599816628884,419,Hard
23,2,Jake T. Austin,Eliminated,3.9711027349101336e-05,0.0002400606350954147,419,Hard
23,2,James Hinchcliffe,Safe,0.06025272088957339,0.02820224199593208,419,Hard
23,2,Jana Kramer,Safe,0.058694875979086576,0.027507076270754875,419,Hard
23,2,Laurie Hernandez,Safe,0.45526931479900046,0.06374736491825765,419,Hard
23,2,Marilu Henner,Safe,0.015327561885518167,0.015730452854090846,419,Hard
23,2,Maureen McCormick,Safe,0.007629210514005393,0.009578697327298463,419,Hard
23,2,Rick Perry,Safe,0.014072555846498408,0.010200300427046971,419,Hard
23,2,Ryan Lochte,Safe,0.00253804786643999,0.005405801919934962,419,Hard
23,2,Terra Jole,Safe,0.23070733774931396,0.053566043354533105,419,Hard
23,2,Vanilla Ice,Safe,0.0072758594660110205,0.010736359904320335,419,Hard
23,3,Amber Rose,Safe,0.003861866559722037,0.007901875974351403,24302,Hard
23,3,Babyface,Safe,0.003941675405229493,0.007902985469324367,24302,Hard
23,3,Calvin Johnson Jr.,Safe,0.4874891779490916,0.06329072506494404,24302,Hard
23,3,James Hinchcliffe,Safe,0.06165404665841226,0.030764093787853868,24302,Hard
23,3,Jana Kramer,Safe,0.007849610574790205,0.011353928436811067,24302,Hard
23,3,Laurie Hernandez,Safe,0.24450533245241096,0.0546459082941848,24302,Hard
23,3,Marilu Henner,Safe,0.030898658381564425,0.02200478860927685,24302,Hard
23,3,Maureen McCormick,Safe,0.03107166360034522,0.02191088008837325,24302,Hard
23,3,Rick Perry,Eliminated,5.224961156614131e-05,0.00033175744310375157,24302,Hard
23,3,Ryan Lochte,Safe,0.003959668181529922,0.008020248153656631,24302,Hard
23,3,Terra Jole,Safe,0.12280529065304087,0.04148857096645035,24302,Hard
23,3,Vanilla Ice,Safe,0.0019107599723001036,0.005714216725314357,24302,Hard
23,4,Amber Rose,Safe,0.014561080351583757,0.013134673246375073,49725,Hard
23,4,Babyface,Eliminated,0.00019339060506575912,0.001001593265529117,49725,Hard
23,4,Calvin Johnson Jr.,Safe,0.007582222921050501,0.009500340201687007,49725,Hard
23,4,James Hinchcliffe,Safe,0.1958690060866116,0.043752662413146536,49725,Hard
23,4,Jana Kramer,Safe,0.0075277017753898594,0.009437472032566483,49725,Hard
23,4,Laurie Hernandez,Safe,0.7181404791643091,0.049483590685360936,49725,Hard
23,4,Marilu Henner,Safe,0.0020637380951259456,0.004994942150902713,49725,Hard
23,4,Maureen McCormick,Safe,0.01455947618973596,0.013218193391520203,49725,Hard
23,4,Ryan Lochte,Safe,0.003996312094171446,0.0069853645192153235,49725,Hard
23,4,Terra Jole,Safe,0.02795238989807577,0.018085572126384758,49725,Hard
23,4,Vanilla Ice,Eliminated,0.0075542028188773066,0.00953690727560953,49725,Hard
23,6,Amber Rose,Eliminated,0.0003132040956839038,0.000993210738823621,47376,Hard
23,6,Calvin Johnson Jr.,Safe,0.11914503345483499,0.051271172742316344,47376,Hard
23,6,James Hinchcliffe,Safe,0.19515294416315834,0.06267253740919417,47376,Hard
23,6,Jana Kramer,Safe,0.526072908848869,0.07878733189318955,47376,Hard
23,6,Laurie Hernandez,Safe,0.11869212368078705,0.050786019200984626,47376,Hard
23,6,Marilu Henner,Safe,0.027046937108178057,0.025844762816210096,47376,Hard
23,6,Maureen McCormick,Safe,0.006093942966953003,0.012208398578836375,47376,Hard
23,6,Ryan Lochte,Safe,0.0037679376124611654,0.009788413749841617,47376,Hard
23,6,Terra Jole,Safe,0.003714968069074793,0.009530486568724812,47376,Hard
23,7,Calvin Johnson Jr.,Safe,0.4537493692080983,0.0718788016613733,1838,Hard
23,7,James Hinchcliffe,Safe,0.45118764396902244,0.07114827073341184,1838,Hard
23,7,Jana Kramer,Safe,0.025163096832323824,0.02349637336262725,1838,Hard
23,7,Laurie Hernandez,Safe,0.02387106819173504,0.021867861297970588,1838,Hard
23,7,Marilu Henner,Safe,0.014625891662086719,0.013132868774517338,1838,Hard
23,7,Maureen McCormick,Eliminated,0.0003652030720417001,0.0010236079437106408,1838,Hard
23,7,Ryan Lochte,Safe,0.007128583541983383,0.012101667297484938,1838,Hard
23,7,Terra Jole,Safe,0.0239091435227104,0.02267578374893553,1838,Hard
23,8,Calvin Johnson Jr.,Safe,0.056191667010995976,0.04001050096317261,121,Hard
23,8,James Hinchcliffe,Safe,0.5944602435946604,0.09085669701684869,121,Hard
23,8,Jana Kramer,Safe,0.059246536670900976,0.04328039384145208,121,Hard
23,8,Laurie Hernandez,Safe,0.22598944097575183,0.07983462419143568,121,Hard
23,8,Marilu Henner,Safe,0.03138200770989378,0.01860589227841444,121,Hard
23,8,Ryan Lochte,Eliminated,0.0012772134222155981,0.0026136589606209908,121,Hard
23,8,Terra Jole,Safe,0.031452890615581486,0.02640568333888845,121,Hard
23,9,Calvin Johnson Jr.,Safe,0.013032902292844236,0.021082213549386015,24672,Hard
23,9,James Hinchcliffe,Safe,0.007084387609187375,0.01527566836015167,24672,Hard
23,9,Jana Kramer,Safe,0.4688969029533645,0.09187614417210732,24672,Hard
23,9,Laurie Hernandez,Safe,0.46782333269032744,0.09164037646849141,24672,Hard
23,9,Marilu Henner,Eliminated,0.00029645109535067997,0.0012002331563206658,24672,Hard
23,9,Terra Jole,Safe,0.042866023358923304,0.03763381755861586,24672,Hard
23,10,Calvin Johnson Jr.,Safe,0.009348722810429946,0.0437825509034421,23,Soft
23,10,James Hinchcliffe,Safe,0.19517644479311616,0.0520888540317483,23,Soft
23,10,Jana Kramer,Safe,0.19267306637654683,0.08515715811930002,23,Soft
23,10,Laurie Hernandez,Safe,0.474529983953948,0.13407886902932817,23,Soft
23,10,Terra Jole,Eliminated,0.12827178206595913,0.04514025848965334,23,Soft
24,2,Bonner Bolton,Safe,0.029467444302370492,0.023322281111486338,27111,Hard
24,2,Charo,Safe,0.004519300336291862,0.00929416204568221,27111,Hard
24,2,Chris Kattan,Eliminated,2.4813138589510305e-05,0.0002910419840637641,27111,Hard
24,2,David Ross,Safe,0.015741901895951246,0.017165931427499573,27111,Hard
24,2,Erika Jayne,Safe,0.02966472997712235,0.023628320054252153,27111,Hard
24,2,Heather Morris,Safe,0.10365457629966861,0.04239989710566473,27111,Hard
24,2,Mr. T,Safe,0.001224101342581395,0.004751130007602698,27111,Hard
24,2,Nancy Kerrigan,Safe,0.029680029479809765,0.023393641636873897,27111,Hard
24,2,Nick Viall,Safe,0.004519286467213472,0.009335374946722466,27111,Hard
24,2,Normani,Safe,0.3627657514631196,0.06696308422571773,27111,Hard
24,2,Rashad Jennings,Safe,0.36335784639126933,0.06607502716810029,27111,Hard
24,2,Simone Biles,Safe,0.055380218906010394,0.031519155692231494,27111,Hard
24,3,Bonner Bolton,Safe,0.0029385628438351654,0.007726342693707893,16505,Hard
24,3,Charo,Eliminated,3.662927967989476e-05,0.00025974156034470664,16505,Hard
24,3,David Ross,Safe,0.07377022122465089,0.038351952130050194,16505,Hard
24,3,Erika Jayne,Safe,0.005552396275320224,0.011090669505516251,16505,Hard
24,3,Heather Morris,Safe,0.20913186839749812,0.059211893689374386,16505,Hard
24,3,Mr. T,Safe,0.002894093204757099,0.0074867711386701116,16505,Hard
24,3,Nancy Kerrigan,Safe,0.20925742031991312,0.05878027872373098,16505,Hard
24,3,Nick Viall,Safe,0.005516337159260892,0.010900420451272866,16505,Hard
24,3,Normani,Safe,0.3508627666663904,0.06952161840149147,16505,Hard
24,3,Rashad Jennings,Safe,0.01544303502358157,0.0177596320422173,16505,Hard
24,3,Simone Biles,Safe,0.12459666960511324,0.048220669350489756,16505,Hard
24,4,Bonner Bolton,Safe,0.008622878208135511,0.010319770860047872,48559,Hard
24,4,David Ross,Safe,0.004581309689831935,0.007667146412486819,48559,Hard
24,4,Erika Jayne,Safe,0.002412340331394999,0.005421050441691496,48559,Hard
24,4,Heather Morris,Safe,0.05955433084369001,0.026506428036978714,48559,Hard
24,4,Mr. T,Eliminated,0.0002543406403778259,0.0008443571705646109,48559,Hard
24,4,Nancy Kerrigan,Safe,0.01654430440634179,0.014380735543798056,48559,Hard
24,4,Nick Viall,Safe,0.0024039706764284563,0.005545560055116324,48559,Hard
24,4,Normani,Safe,0.00862153531590136,0.010317180646707412,48559,Hard
24,4,Rashad Jennings,Safe,0.7838254272680608,0.04595589186144365,48559,Hard
24,4,Simone Biles,Safe,0.11317956261984603,0.03535253064777605,48559,Hard
24,5,Bonner Bolton,Safe,0.01735127511643365,0.011275148143492073,58,Hard
24,5,David Ross,Safe,0.022690994354333513,0.012899413434993718,58,Hard
24,5,Erika Jayne,Eliminated,0.0005432224640260395,0.0011315617931421586,58,Hard
24,5,Heather Morris,Safe,0.025845451857722315,0.020266614726817678,58,Hard
24,5,Nancy Kerrigan,Safe,0.07117655345409593,0.03079005840488269,58,Hard
24,5,Nick Viall,Safe,0.027572608267588065,0.02515033954381465,58,Hard
24,5,Normani,Safe,0.5364808213240688,0.059577179887782834,58,Hard
24,5,Rashad Jennings,Safe,0.006670002293475987,0.00787848239895679,58,Hard
24,5,Simone Biles,Safe,0.29166907086825566,0.06888871639790045,58,Hard
24,6,Bonner Bolton,Safe,0.12361315191229341,0.07436339760864706,189,Hard
24,6,David Ross,Safe,0.11883515252943803,0.06801828689346742,189,Hard
24,6,Heather Morris,Eliminated,0.02577659726111571,0.015547096718371706,189,Hard
24,6,Nancy Kerrigan,Safe,0.13484872164181821,0.08273966042549227,189,Hard
24,6,Nick Viall,Safe,0.1159451042773438,0.06795132503924628,189,Hard
24,6,Normani,Safe,0.17782350430727895,0.10994081908933298,189,Hard
24,6,Rashad Jennings,Safe,0.15343291656805857,0.09456842994027663,189,Hard
24,6,Simone Biles,Safe,0.1497248515026534,0.10070240188018435,189,Hard
24,7,Bonner Bolton,Safe,0.029329901799786035,0.014447578232509348,155,Hard
24,7,David Ross,Safe,0.02595179037418698,0.014760609215065218,155,Hard
24,7,Nancy Kerrigan,Eliminated,0.025205079794393435,0.026411956633403184,155,Hard
24,7,Nick Viall,Eliminated,0.004198051049237957,0.011975280581671539,155,Hard
24,7,Normani,Safe,0.6607777259553892,0.07719594634740969,155,Hard
24,7,Rashad Jennings,Safe,0.1298514147589747,0.0556536871613577,155,Hard
24,7,Simone Biles,Safe,0.12468603626803158,0.055253050617686136,155,Hard
24,8,Bonner Bolton,Eliminated,0.0010012264554131417,0.004047737191687824,48698,Hard
24,8,David Ross,Safe,0.015598153972526027,0.02806134502712134,48698,Hard
24,8,Normani,Safe,0.6571396670777224,0.1090172168542428,48698,Hard
24,8,Rashad Jennings,Safe,0.22523864870067237,0.09601943838371503,48698,Hard
24,8,Simone Biles,Safe,0.10102230379366571,0.06943677639969217,48698,Hard
24,9,David Ross,Safe,0.272319945219798,0.13551758735772373,3701,Hard
24,9,Normani,Safe,0.3138151269837304,0.15674754869199525,3701,Hard
24,9,Rashad Jennings,Safe,0.32729725849946767,0.15952428282353315,3701,Hard
24,9,Simone Biles,Eliminated,0.08656766929700338,0.04798696197384831,3701,Hard
25,2,Barbara Corcoran,Eliminated,0.0001338651641244105,0.0006760642910755162,49223,Hard
25,2,Debbie Gibson,Eliminated,0.010980240007094386,0.014012944503921348,49223,Hard
25,2,Derek Fisher,Safe,0.002636025000648006,0.006827051616157875,49223,Hard
25,2,Drew Scott,Safe,0.010976117537302847,0.013890380392297163,49223,Hard
25,2,Frankie Muniz,Safe,0.29569191923280463,0.06084029024344966,49223,Hard
25,2,Jordan Fisher,Safe,0.29505645116458074,0.06124634166737868,49223,Hard
25,2,Lindsey Stirling,Safe,0.07213929530230355,0.03456174796854996,49223,Hard
25,2,Nick Lachey,Safe,0.0026895745610635174,0.006914677979361995,49223,Hard
25,2,Nikki Bella,Safe,0.004287830520268,0.008879043971056185,49223,Hard
25,2,Sasha Pieterse,Safe,0.07193424664075687,0.03455880495293481,49223,Hard
25,2,Terrell Owens,Safe,0.004288234364878347,0.008802465296095827,49223,Hard
25,2,Vanessa Lachey,Safe,0.18412809365906624,0.051875288120645915,49223,Hard
25,2,Victoria Arlen,Safe,0.04505810684510768,0.027762758993688814,49223,Hard
25,4,Derek Fisher,Eliminated,0.0003488179672362518,0.0006803889030350471,1512,Hard
25,4,Drew Scott,Safe,0.00415136073204031,0.005742713896748888,1512,Hard
25,4,Frankie Muniz,Safe,0.004120333426948639,0.005729177535930222,1512,Hard
25,4,Jordan Fisher,Safe,0.8340815592267019,0.03236129181894451,1512,Hard
25,4,Lindsey Stirling,Safe,0.03417310916543071,0.016482479177635255,1512,Hard
25,4,Nick Lachey,Safe,0.008879081222297107,0.005753866343742833,1512,Hard
25,4,Nikki Bella,Safe,0.0043113087259689445,0.006077109268862087,1512,Hard
25,4,Sasha Pieterse,Safe,0.003857244390674039,0.005269402103379009,1512,Hard
25,4,Terrell Owens,Safe,0.0038011017741772083,0.005446308438908866,1512,Hard
25,4,Vanessa Lachey,Safe,0.003984297235875373,0.005672731219701136,1512,Hard
25,4,Victoria Arlen,Safe,0.09829178613265092,0.02582878531154141,1512,Hard
25,5,Drew Scott,Safe,0.007208923929340273,0.011389594931964777,573,Hard
25,5,Frankie Muniz,Safe,0.23101756089784561,0.06047159184273112,573,Hard
25,5,Jordan Fisher,Safe,0.5466586772411444,0.07033202590034723,573,Hard
25,5,Lindsey Stirling,Safe,0.09746624409796685,0.040692862362109686,573,Hard
25,5,Nick Lachey,Safe,0.01994917903421707,0.013785997713300323,573,Hard
25,5,Nikki Bella,Safe,0.040843367684143206,0.02749788621755931,573,Hard
25,5,Sasha Pieterse,Eliminated,0.00030444453205830726,0.0008567498941334016,573,Hard
25,5,Terrell Owens,Safe,0.008428912048187805,0.013396238996808989,573,Hard
25,5,Vanessa Lachey,Safe,0.005829312292913565,0.010103298962056481,573,Hard
25,5,Victoria Arlen,Safe,0.04229337824218309,0.02759937377240577,573,Hard
25,6,Drew Scott,Safe,0.004911455379860108,0.01194721234353288,49165,Hard
25,6,Frankie Muniz,Safe,0.007628236227131588,0.014766714979972279,49165,Hard
25,6,Jordan Fisher,Safe,0.2811262559711353,0.07555149123912265,49165,Hard
25,6,Lindsey Stirling,Safe,0.44124006367428703,0.08336580761512322,49165,Hard
25,6,Nick Lachey,Eliminated,0.00030209968622718874,0.0014005551506484843,49165,Hard
25,6,Nikki Bella,Safe,0.07225573311504951,0.04349415504195481,49165,Hard
25,6,Terrell Owens,Safe,0.11317540125627665,0.05323332197418939,49165,Hard
25,6,Vanessa Lachey,Safe,0.07189521098439042,0.04327219098131378,49165,Hard
25,6,Victoria Arlen,Safe,0.007465543705645381,0.014588506517783869,49165,Hard
25,7,Drew Scott,Safe,0.14062690922303808,0.0563609682826163,45529,Hard
25,7,Frankie Muniz,Safe,0.6480325137692745,0.0770074048987746,45529,Hard
25,7,Jordan Fisher,Safe,0.030781981404306106,0.027953087366112767,45529,Hard
25,7,Lindsey Stirling,Safe,0.006641860075880999,0.013223604074610457,45529,Hard
25,7,Nikki Bella,Eliminated,0.00016488430347816641,0.0006490449791280799,45529,Hard
25,7,Terrell Owens,Safe,0.0024796520508875266,0.00784550815385164,45529,Hard
25,7,Vanessa Lachey,Eliminated,0.030486632523925673,0.0278238529236216,45529,Hard
25,7,Victoria Arlen,Safe,0.14078556664920996,0.05626704827050434,45529,Hard
25,8,Drew Scott,Safe,0.03183374485965679,0.0167259404423334,101,Hard
25,8,Frankie Muniz,Safe,0.032205827391709456,0.029138319490733915,101,Hard
25,8,Jordan Fisher,Safe,0.8595275036845701,0.04958147910667529,101,Hard
25,8,Lindsey Stirling,Safe,0.046823550853695016,0.031233979031396228,101,Hard
25,8,Terrell Owens,Eliminated,0.0031052873741020163,0.0039923440600953645,101,Hard
25,8,Victoria Arlen,Safe,0.026504085836266175,0.014496851229742539,101,Hard
25,9,Drew Scott,Safe,0.022623073748716645,0.057694173049630655,740,Soft
25,9,Frankie Muniz,Safe,0.12019025119165709,0.07448261660769634,740,Soft
25,9,Jordan Fisher,Safe,0.4926584280648671,0.12269814445964232,740,Soft
25,9,Lindsey Stirling,Safe,0.29289230992227333,0.10595405266008247,740,Soft
25,9,Victoria Arlen,Eliminated,0.07163593707248649,0.03701313177566023,740,Soft
26,1,Adam Rippon,Safe,0.32016027075608905,0.07154686441204555,1970,Hard
26,1,Arike Ogunbowale,Safe,0.010905523774633363,0.016443320198949094,1970,Hard
26,1,Chris Mazdzer,Safe,0.025377704599748915,0.02426364154168123,1970,Hard
26,1,Jamie Anderson,Eliminated,0.004188254472644822,0.010332843839315799,1970,Hard
26,1,Jennie Finch Daigle,Safe,0.02568977370601876,0.02547147808612066,1970,Hard
26,1,Johnny Damon,Eliminated,0.0013166900409422972,0.006214055570578993,1970,Hard
26,1,Josh Norman,Safe,0.3221491292775142,0.07249953830334599,1970,Hard
26,1,Kareem Abdul-Jabbar,Safe,0.017104752732540064,0.014143904936235609,1970,Hard
26,1,Mirai Nagasu,Safe,0.13572126592339784,0.0524033012839187,1970,Hard
26,1,Tonya Harding,Safe,0.1373866347164702,0.05529490900257109,1970,Hard
26,2,Adam Rippon,Safe,0.4315565019952673,0.07815789229080312,48060,Hard
26,2,Arike Ogunbowale,Eliminated,0.08876798916583843,0.04530543850786981,48060,Hard
26,2,Chris Mazdzer,Safe,0.018123328354315994,0.02116131195771754,48060,Hard
26,2,Jennie Finch Daigle,Safe,0.0054948242624140685,0.011644393295505154,48060,Hard
26,2,Josh Norman,Safe,0.005645170926621457,0.01195391084433605,48060,Hard
26,2,Kareem Abdul-Jabbar,Eliminated,0.00031076087381738736,0.0011094899912534148,48060,Hard
26,2,Mirai Nagasu,Safe,0.4318072012749412,0.07832488807851115,48060,Hard
26,2,Tonya Harding,Safe,0.018294223146780517,0.021045058875434373,48060,Hard
26,3,Adam Rippon,Safe,0.7689716435943107,0.07720327078901823,49968,Hard
26,3,Chris Mazdzer,Eliminated,0.010918562321689997,0.019060019085755078,49968,Hard
26,3,Jennie Finch Daigle,Eliminated,0.001237614204263104,0.006168594322767624,49968,Hard
26,3,Josh Norman,Safe,0.15583693708098986,0.06617784048064872,49968,Hard
26,3,Mirai Nagasu,Eliminated,0.03174388561018244,0.03196979963078148,49968,Hard
26,3,Tonya Harding,Safe,0.03129135718856073,0.031711722708316806,49968,Hard
27,1,Alexis Ren,Safe,0.13022705226767733,0.04824262134706874,129,Hard
27,1,Bobby Bones,Safe,0.02134158721511769,0.015608627502332533,129,Hard
27,1,Danelle Umstead,Safe,0.004894852133205885,0.010230160243118663,129,Hard
27,1,DeMarcus Ware,Safe,0.3035285526784432,0.05528513901485787,129,Hard
27,1,Evanna Lynch,Safe,0.004921804250784751,0.007784746720858738,129,Hard
27,1,Joe Amabile,Safe,0.028683472809133297,0.017822196283775574,129,Hard
27,1,John Schneider,Safe,0.005582934281525328,0.012135804000186793,129,Hard
27,1,Juan Pablo Di Pace,Safe,0.13226626046118256,0.05350616421858179,129,Hard
27,1,Mary Lou Retton,Safe,0.030090349932223887,0.02379214720477285,129,Hard
27,1,Milo Manheim,Safe,0.02634915070551065,0.021243465932444295,129,Hard
27,1,Nancy McKeon,Safe,0.014733318835012736,0.015263449717149996,129,Hard
27,1,Nikki Glaser,Eliminated,0.00034109115352669983,0.0005644623855479027,129,Hard
27,1,Tinashe,Safe,0.29703957327665587,0.06450228685988803,129,Hard
27,2,Alexis Ren,Safe,0.08579797356336114,0.04096619902237702,1832,Hard
27,2,Bobby Bones,Safe,0.002848318455594394,0.008007152598517947,1832,Hard
27,2,Danelle Umstead,Eliminated,0.00020587527242092583,0.000670940288068411,1832,Hard
27,2,DeMarcus Ware,Safe,0.04365545005837219,0.03035443376721676,1832,Hard
27,2,Evanna Lynch,Safe,0.06167548561713,0.036031710715611794,1832,Hard
27,2,Joe Amabile,Safe,0.014850229893979734,0.014807643511605408,1832,Hard
27,2,John Schneider,Safe,0.010654820926123368,0.014940132458733754,1832,Hard
27,2,Juan Pablo Di Pace,Safe,0.24904219504141487,0.06340579953222811,1832,Hard
27,2,Mary Lou Retton,Safe,0.030516223650374524,0.02495699725971402,1832,Hard
27,2,Milo Manheim,Safe,0.24807628613744376,0.06411553120555334,1832,Hard
27,2,Nancy McKeon,Safe,0.005346197896338676,0.01152405442803362,1832,Hard
27,2,Tinashe,Safe,0.2473309434874467,0.061934403441734724,1832,Hard
27,3,Alexis Ren,Safe,0.0501095023604601,0.031455469464840353,5404,Soft
27,3,Bobby Bones,Safe,0.008181138821323753,0.013070901936710112,5404,Soft
27,3,DeMarcus Ware,Safe,0.04959288769788076,0.03114679634520705,5404,Soft
27,3,Evanna Lynch,Safe,0.0914238800381958,0.04178275986958484,5404,Soft
27,3,Joe Amabile,Safe,0.0016908091862525689,0.007277640678108741,5404,Soft
27,3,John Schneider,Safe,0.014876217894299616,0.01380207632432928,5404,Soft
27,3,Juan Pablo Di Pace,Safe,0.5849949760891923,0.07062440280680815,5404,Soft
27,3,Mary Lou Retton,Safe,0.014689566078887216,0.017450954157322267,5404,Soft
27,3,Milo Manheim,Safe,0.09235785657731145,0.04181732380515371,5404,Soft
27,3,Nancy McKeon,Eliminated,0.0008004875525271728,0.0016003811799437094,5404,Soft
27,3,Tinashe,Safe,0.09128267770366895,0.042450055302851404,5404,Soft
27,4,Alexis Ren,Safe,0.10363449013639495,0.07460410814093225,176,Hard
27,4,Bobby Bones,Safe,0.096804658803269,0.06056704682318279,176,Hard
27,4,DeMarcus Ware,Safe,0.10608731403164907,0.0718547347861985,176,Hard
27,4,Evanna Lynch,Safe,0.09872722001160165,0.07247919206569121,176,Hard
27,4,Joe Amabile,Safe,0.11616683501398936,0.05476794036122403,176,Hard
27,4,John Schneider,Safe,0.10115760950332545,0.06511081020643146,176,Hard
27,4,Juan Pablo Di Pace,Safe,0.10379541883140332,0.07815927262703569,176,Hard
27,4,Mary Lou Retton,Safe,0.1120380041379129,0.07605746300938997,176,Hard
27,4,Milo Manheim,Safe,0.15015895949811126,0.08031201020861903,176,Hard
27,4,Tinashe,Eliminated,0.011429490032343214,0.008613517767251002,176,Hard
27,6,Alexis Ren,Safe,0.06388613830224954,0.0430330117047988,565,Soft
27,6,Bobby Bones,Safe,0.025969027961162926,0.01908360835195721,565,Soft
27,6,DeMarcus Ware,Safe,0.036302885293781624,0.031191905005935223,565,Soft
27,6,Evanna Lynch,Safe,0.19046578387544855,0.06609376113334119,565,Soft
27,6,Joe Amabile,Safe,0.026666659771933245,0.021934910386781626,565,Soft
27,6,John Schneider,Safe,0.006255263313243544,0.017726189903549162,565,Soft
27,6,Juan Pablo Di Pace,Safe,0.32006127056130834,0.07664686216460545,565,Soft
27,6,Mary Lou Retton,Eliminated,0.0026190939494831,0.003922947378200156,565,Soft
27,6,Milo Manheim,Safe,0.32777387697138904,0.07843945885746731,565,Soft
27,7,Alexis Ren,Safe,0.04816345962549725,0.034636344066887675,206,Hard
27,7,Bobby Bones,Safe,0.022276697639260833,0.024693172601546663,206,Hard
27,7,DeMarcus Ware,Eliminated,0.005878935466523511,0.012934751200762647,206,Hard
27,7,Evanna Lynch,Safe,0.49600506865272587,0.091698381491599,206,Hard
27,7,Joe Amabile,Safe,0.038712623508083945,0.025400406641388453,206,Hard
27,7,John Schneider,Eliminated,0.024615081873809556,0.029961307771035933,206,Hard
27,7,Juan Pablo Di Pace,Safe,0.09020502801751043,0.06007420510355254,206,Hard
27,7,Milo Manheim,Safe,0.27414310521658836,0.0794123973805249,206,Hard
27,8,Alexis Ren,Safe,0.2248030832013188,0.0924785523415902,5527,Hard
27,8,Bobby Bones,Safe,0.024231637570766212,0.028646888455936194,5527,Hard
27,8,Evanna Lynch,Safe,0.2251101259268894,0.09122784128463934,5527,Hard
27,8,Joe Amabile,Eliminated,0.0009672803530892303,0.0036896550021546636,5527,Hard
27,8,Juan Pablo Di Pace,Eliminated,0.4416390117571085,0.11108355231164234,5527,Hard
27,8,Milo Manheim,Safe,0.08324886119082571,0.06235687857121823,5527,Hard
28,2,Ally Brooke,Safe,0.05136222824808829,0.028169265159643197,41709,Rank+Judge Save
28,2,Hannah Brown,Safe,0.6714484437751237,0.06041735360017011,41709,Rank+Judge Save
28,2,James Van Der Beek,Safe,0.05149773973521282,0.028245048297031894,41709,Rank+Judge Save
28,2,Karamo Brown,Safe,0.027106069179465963,0.021000504504533533,41709,Rank+Judge Save
28,2,Kate Flannery,Safe,0.09760954983807123,0.038091102918540475,41709,Rank+Judge Save
28,2,Kel Mitchell,Safe,0.051369759041872125,0.028312227505229156,41709,Rank+Judge Save
28,2,Lamar Odom,Safe,0.0003537072515533774,0.0024064311328077987,41709,Rank+Judge Save
28,2,Lauren Alaina,Safe,0.02699828524386778,0.020782370925733474,41709,Rank+Judge Save
28,2,Mary Wilson,Eliminated,0.0016821089736861544,0.005325297589589323,41709,Rank+Judge Save
28,2,Ray Lewis,Eliminated,0.0016818939039548418,0.005243454876727137,41709,Rank+Judge Save
28,2,Sailor Brinkley-Cook,Safe,0.014169439739540862,0.015290649445638385,41709,Rank+Judge Save
28,2,Sean Spicer,Safe,0.004720775069561997,0.008645797683630448,41709,Rank+Judge Save
28,4,Ally Brooke,Safe,0.19968929625994,0.07318642830785141,49739,Rank+Judge Save
28,4,Hannah Brown,Safe,0.1988006225449343,0.07297313054520796,49739,Rank+Judge Save
28,4,James Van Der Beek,Safe,0.031728287322559105,0.032146510802529595,49739,Rank+Judge Save
28,4,Karamo Brown,Safe,0.03191172149888287,0.032488506297945655,49739,Rank+Judge Save
28,4,Kate Flannery,Safe,0.012562965891502811,0.020309324840070836,49739,Rank+Judge Save
28,4,Kel Mitchell,Safe,0.19865282541899748,0.0729721363638836,49739,Rank+Judge Save
28,4,Lamar Odom,Eliminated,0.000616451818247451,0.0037594544863518388,49739,Rank+Judge Save
28,4,Lauren Alaina,Safe,0.19867529663707337,0.07288970472660058,49739,Rank+Judge Save
28,4,Sailor Brinkley-Cook,Safe,0.12607508682995613,0.06079411705950799,49739,Rank+Judge Save
28,4,Sean Spicer,Safe,0.0012874457779072947,0.006482281969155355,49739,Rank+Judge Save
28,6,Ally Brooke,Safe,0.1691769347406745,0.07664669477942915,242,Rank+Judge Save
28,6,Hannah Brown,Safe,0.26587684629728503,0.0853002536497923,242,Rank+Judge Save
28,6,James Van Der Beek,Safe,0.058684393445854514,0.05703960415826383,242,Rank+Judge Save
28,6,Karamo Brown,Safe,0.17566143261617168,0.08311334024239396,242,Rank+Judge Save
28,6,Kate Flannery,Safe,0.05679969480114927,0.053066121937689704,242,Rank+Judge Save
28,6,Kel Mitchell,Safe,0.10554930305442445,0.06865783389345397,242,Rank+Judge Save
28,6,Lauren Alaina,Safe,0.10129017099512583,0.06631287430605848,242,Rank+Judge Save
28,6,Sailor Brinkley-Cook,Eliminated,0.012884439797731006,0.010325438309677765,242,Rank+Judge Save
28,6,Sean Spicer,Safe,0.05407678425158392,0.04986242085878468,242,Rank+Judge Save
28,7,Ally Brooke,Safe,0.2723533493100045,0.09299808575666253,4772,Rank+Judge Save
28,7,Hannah Brown,Safe,0.08503044802731026,0.05902518632469845,4772,Rank+Judge Save
28,7,James Van Der Beek,Safe,0.2718407898739241,0.09273209163858935,4772,Rank+Judge Save
28,7,Karamo Brown,Eliminated,0.006161905758942648,0.008879421889680253,4772,Rank+Judge Save
28,7,Kate Flannery,Safe,0.05151394793288435,0.03829843153931499,4772,Rank+Judge Save
28,7,Kel Mitchell,Safe,0.04117278828965164,0.041480063644367265,4772,Rank+Judge Save
28,7,Lauren Alaina,Safe,0.27004213205200245,0.0933045369312183,4772,Rank+Judge Save
28,7,Sean Spicer,Safe,0.0018846387552804741,0.011008568065931968,4772,Rank+Judge Save
28,8,Ally Brooke,Safe,0.13562860789791842,0.07986482534644929,1374,Rank+Judge Save
28,8,Hannah Brown,Safe,0.24591598781901283,0.0900351752578422,1374,Rank+Judge Save
28,8,James Van Der Beek,Safe,0.4146658969390594,0.10429391274714554,1374,Rank+Judge Save
28,8,Kate Flannery,Eliminated,0.007138753643098551,0.012333893449944669,1374,Rank+Judge Save
28,8,Kel Mitchell,Safe,0.13199316925548843,0.07923636048145899,1374,Rank+Judge Save
28,8,Lauren Alaina,Safe,0.05915622578325394,0.05091627289254036,1374,Rank+Judge Save
28,8,Sean Spicer,Safe,0.005501358662167933,0.019859596438406676,1374,Rank+Judge Save
28,9,Ally Brooke,Safe,0.5816137560410515,0.11772951685177536,49987,Rank+Judge Save
28,9,Hannah Brown,Safe,0.08434999865000956,0.06640811166765236,49987,Rank+Judge Save
28,9,James Van Der Beek,Safe,0.10389257541512173,0.07316491242844818,49987,Rank+Judge Save
28,9,Kel Mitchell,Safe,0.1610183133599669,0.08790642277927814,49987,Rank+Judge Save
28,9,Lauren Alaina,Safe,0.06822956100533974,0.06044746917755591,49987,Rank+Judge Save
28,9,Sean Spicer,Eliminated,0.0008957955285171791,0.00668916733926784,49987,Rank+Judge Save
28,10,Ally Brooke,Safe,0.7749645713507523,0.08437201208391476,49977,Rank+Judge Save
28,10,Hannah Brown,Safe,0.020484320837807095,0.028719032240751202,49977,Rank+Judge Save
28,10,James Van Der Beek,Eliminated,0.0023210404215822096,0.00971988067241683,49977,Rank+Judge Save
28,10,Kel Mitchell,Safe,0.18183013288741273,0.07797349889422286,49977,Rank+Judge Save
28,10,Lauren Alaina,Safe,0.020399934502445195,0.028662312951723883,49977,Rank+Judge Save
29,2,AJ McLean,Safe,0.026453865729928548,0.017526620232344168,42309,Rank+Judge Save
29,2,Anne Heche,Safe,0.01015481619614572,0.01105180403061361,42309,Rank+Judge Save
29,2,Carole Baskin,Safe,0.0015057588038381866,0.004204675240065157,42309,Rank+Judge Save
29,2,Charles Oakley,Eliminated,6.035895214246736e-05,0.00035609506047403015,42309,Rank+Judge Save
29,2,Chrishell Stause,Safe,0.01014436577613603,0.010992945091838907,42309,Rank+Judge Save
29,2,Jeannie Mai,Safe,0.010111489948710268,0.011091062110225569,42309,Rank+Judge Save
29,2,Jesse Metcalfe,Safe,0.0693022178211443,0.02773702606730965,42309,Rank+Judge Save
29,2,Johnny Weir,Safe,0.010071412807134703,0.011040999970082021,42309,Rank+Judge Save
29,2,Justina Machado,Safe,0.18133603069322146,0.04235306436198282,42309,Rank+Judge Save
29,2,Kaitlyn Bristowe,Safe,0.47676237237723995,0.05471331022258898,42309,Rank+Judge Save
29,2,Monica Aldama,Safe,0.0016270394870762082,0.004383788037629742,42309,Rank+Judge Save
29,2,Nelly,Safe,0.010072516143401234,0.010891443431622844,42309,Rank+Judge Save
29,2,Nev Schulman,Safe,0.1816907364217486,0.04236564144505472,42309,Rank+Judge Save
29,2,Skai Jackson,Safe,0.0006061074112872802,0.002721966949369466,42309,Rank+Judge Save
29,2,Veron Davis,Safe,0.010100911430851312,0.010912112260781565,42309,Rank+Judge Save
29,3,AJ McLean,Safe,0.04134987599700239,0.030247298593861438,49595,Rank+Judge Save
29,3,Anne Heche,Safe,0.0011146616771768667,0.004992188384387647,49595,Rank+Judge Save
29,3,Carole Baskin,Eliminated,5.751999896758455e-05,0.00061109838476978,49595,Rank+Judge Save
29,3,Chrishell Stause,Safe,0.07503864648187053,0.039897886433533904,49595,Rank+Judge Save
29,3,Jeannie Mai,Safe,0.07531717936421956,0.03997769983215697,49595,Rank+Judge Save
29,3,Jesse Metcalfe,Safe,0.022417577223009914,0.02231046380526103,49595,Rank+Judge Save
29,3,Johnny Weir,Safe,0.2519419794313854,0.06551743990344967,49595,Rank+Judge Save
29,3,Justina Machado,Safe,0.01235130530381576,0.016693830371830216,49595,Rank+Judge Save
29,3,Kaitlyn Bristowe,Safe,0.13763911244280463,0.052042111624396196,49595,Rank+Judge Save
29,3,Monica Aldama,Safe,0.04120045357645675,0.030206021859152,49595,Rank+Judge Save
29,3,Nelly,Safe,0.006754361932148623,0.012412025407300053,49595,Rank+Judge Save
29,3,Nev Schulman,Safe,0.25259341821432274,0.06572034749122178,49595,Rank+Judge Save
29,3,Skai Jackson,Safe,0.006685685286081547,0.012379549906807546,49595,Rank+Judge Save
29,3,Veron Davis,Safe,0.07553822307073585,0.03998609933455144,49595,Rank+Judge Save
29,4,AJ McLean,Safe,0.01585925153307685,0.010206544941820954,24132,Rank+Judge Save
29,4,Anne Heche,Eliminated,2.90377935802404e-05,0.00015154351204599455,24132,Rank+Judge Save
29,4,Chrishell Stause,Safe,0.0021521618143758308,0.003688842334641251,24132,Rank+Judge Save
29,4,Jeannie Mai,Safe,0.0009895591782057497,0.002537701462602633,24132,Rank+Judge Save
29,4,Jesse Metcalfe,Safe,0.0009962842287838975,0.002528110543783426,24132,Rank+Judge Save
29,4,Johnny Weir,Safe,0.015630684077308294,0.010083090085804587,24132,Rank+Judge Save
29,4,Justina Machado,Safe,0.015738202039343768,0.010171230418535971,24132,Rank+Judge Save
29,4,Kaitlyn Bristowe,Safe,0.042930430481825384,0.016489632450325743,24132,Rank+Judge Save
29,4,Monica Aldama,Safe,0.015687276940602186,0.010172989845196774,24132,Rank+Judge Save
29,4,Nelly,Safe,0.0009945323013724344,0.0024852083382391815,24132,Rank+Judge Save
29,4,Nev Schulman,Safe,0.015844444674073574,0.010219888488978405,24132,Rank+Judge Save
29,4,Skai Jackson,Safe,0.8709543610949072,0.027238763694968467,24132,Rank+Judge Save
29,4,Veron Davis,Safe,0.0021937738425412694,0.003827298533010034,24132,Rank+Judge Save
29,5,AJ McLean,Safe,0.018987056522877136,0.017998409938540644,41830,Rank+Judge Save
29,5,Chrishell Stause,Safe,0.0007031375450386748,0.0035186959821153435,41830,Rank+Judge Save
29,5,Jeannie Mai,Safe,0.019131639265779564,0.018300174433264045,41830,Rank+Judge Save
29,5,Jesse Metcalfe,Eliminated,8.11020687378089e-05,0.0007135465529540065,41830,Rank+Judge Save
29,5,Johnny Weir,Safe,0.5988755759485582,0.06509830704174528,41830,Rank+Judge Save
29,5,Justina Machado,Safe,0.018968479826186393,0.018116076626697956,41830,Rank+Judge Save
29,5,Kaitlyn Bristowe,Safe,0.1510336835944569,0.047972631386822034,41830,Rank+Judge Save
29,5,Monica Aldama,Safe,0.07562679869013259,0.035155436652934066,41830,Rank+Judge Save
29,5,Nelly,Safe,0.01910409727886815,0.018239734651040264,41830,Rank+Judge Save
29,5,Nev Schulman,Safe,0.0756572578483371,0.03501202693429245,41830,Rank+Judge Save
29,5,Skai Jackson,Safe,0.018966199491628366,0.018053296452724066,41830,Rank+Judge Save
29,5,Veron Davis,Safe,0.002864971919401281,0.007093720625910535,41830,Rank+Judge Save
29,6,AJ McLean,Safe,0.19934784730453028,0.06903310574845369,44476,Rank+Judge Save
29,6,Chrishell Stause,Safe,0.02454424348306439,0.02662093520470553,44476,Rank+Judge Save
29,6,Jeannie Mai,Safe,0.04908498020470059,0.03753076814340256,44476,Rank+Judge Save
29,6,Johnny Weir,Safe,0.006380599224537979,0.013858962977762432,44476,Rank+Judge Save
29,6,Justina Machado,Safe,0.19939939853004002,0.06941159162814792,44476,Rank+Judge Save
29,6,Kaitlyn Bristowe,Safe,0.19867387846726212,0.06889210255137876,44476,Rank+Judge Save
29,6,Monica Aldama,Safe,0.198435522812011,0.06918843835649532,44476,Rank+Judge Save
29,6,Nelly,Safe,0.024393335908220175,0.026582454446964242,44476,Rank+Judge Save
29,6,Nev Schulman,Safe,0.09838228388180008,0.051736181891998675,44476,Rank+Judge Save
29,6,Skai Jackson,Safe,0.00036562779357416893,0.0034076727051136155,44476,Rank+Judge Save
29,6,Veron Davis,Eliminated,0.0009922823902554453,0.0033316668740325035,44476,Rank+Judge Save
29,7,AJ McLean,Safe,0.015141135553653673,0.014858220258246525,49996,Rank+Judge Save
29,7,Chrishell Stause,Safe,0.015083577418732681,0.014906393098377966,49996,Rank+Judge Save
29,7,Jeannie Mai,Eliminated,0.005511544174426801,0.009064651190786605,49996,Rank+Judge Save
29,7,Johnny Weir,Safe,0.041151800755845375,0.02427422932686614,49996,Rank+Judge Save
29,7,Justina Machado,Safe,0.015011794715467852,0.01476564936906032,49996,Rank+Judge Save
29,7,Kaitlyn Bristowe,Safe,0.0020082434443163795,0.0055105945246295,49996,Rank+Judge Save
29,7,Monica Aldama,Eliminated,0.00026756413523722564,0.0020233394356876403,49996,Rank+Judge Save
29,7,Nelly,Safe,0.041070793952316775,0.02434552911684782,49996,Rank+Judge Save
29,7,Nev Schulman,Safe,0.8237413317166268,0.04669040289837744,49996,Rank+Judge Save
29,7,Skai Jackson,Safe,0.041012214133375136,0.024262973996362923,49996,Rank+Judge Save
29,8,AJ McLean,Safe,0.01423466670726982,0.01627290602566567,3574,Rank+Judge Save
29,8,Chrishell Stause,Eliminated,0.0026014223293282946,0.004415196943644361,3574,Rank+Judge Save
29,8,Johnny Weir,Safe,0.38734451195511893,0.08837410444212673,3574,Rank+Judge Save
29,8,Justina Machado,Safe,0.1291290920949473,0.06177635531126077,3574,Rank+Judge Save
29,8,Kaitlyn Bristowe,Safe,0.02718136277623057,0.025275285160995444,3574,Rank+Judge Save
29,8,Nelly,Safe,0.0016131197174066997,0.009394030592707894,3574,Rank+Judge Save
29,8,Nev Schulman,Safe,0.3886939750409551,0.0894259353224395,3574,Rank+Judge Save
29,8,Skai Jackson,Safe,0.04920184937874202,0.03411636271649572,3574,Rank+Judge Save
29,9,AJ McLean,Eliminated,0.0035928538497054974,0.010202827702183169,47685,Rank+Judge Save
29,9,Johnny Weir,Safe,0.3450423617985732,0.09620628012791538,47685,Rank+Judge Save
29,9,Justina Machado,Safe,0.011400786910809152,0.021429041127183118,47685,Rank+Judge Save
29,9,Kaitlyn Bristowe,Safe,0.34545976515425786,0.09595807448988218,47685,Rank+Judge Save
29,9,Nelly,Safe,0.001889789066548152,0.008485170841707294,47685,Rank+Judge Save
29,9,Nev Schulman,Safe,0.1460610524436479,0.07135998672752397,47685,Rank+Judge Save
29,9,Skai Jackson,Safe,0.1465533907764593,0.07137949730512523,47685,Rank+Judge Save
29,10,Johnny Weir,Eliminated,0.009102094424255965,0.01743575536249323,48543,Rank+Judge Save
29,10,Justina Machado,Safe,0.03527437669315994,0.03353897360075933,48543,Rank+Judge Save
29,10,Kaitlyn Bristowe,Safe,0.4718228420554896,0.09104791032704167,48543,Rank+Judge Save
29,10,Nelly,Safe,0.002533597665977887,0.009289620196112847,48543,Rank+Judge Save
29,10,Nev Schulman,Safe,0.47257484491651547,0.09143303175248839,48543,Rank+Judge Save
29,10,Skai Jackson,Eliminated,0.008692244244598425,0.016747042556615094,48543,Rank+Judge Save
30,2,Amanda Kloots,Safe,0.3976560744301597,0.06315407631429334,49746,Rank+Judge Save
30,2,Brian Austin Green,Safe,0.004433949699495141,0.008572841561206612,49746,Rank+Judge Save
30,2,Christine Chiu,Safe,0.007444611114199173,0.011146802187048997,49746,Rank+Judge Save
30,2,Cody Rigsby,Safe,0.007338212934705641,0.0110259563800058,49746,Rank+Judge Save
30,2,Iman Shumpert,Safe,0.012002191769220946,0.013971230728445203,49746,Rank+Judge Save
30,2,Jimmie Allen,Safe,0.033003816650350765,0.023013766306364307,49746,Rank+Judge Save
30,2,JoJo Siwa,Safe,0.24107343437718784,0.055227360717450824,49746,Rank+Judge Save
30,2,Kenya Moore,Safe,0.007342839102031363,0.010962868172884568,49746,Rank+Judge Save
30,2,Martin Kove,Eliminated,2.5480979215651476e-05,0.0003180082332310627,49746,Rank+Judge Save
30,2,Matt James,Safe,0.0027500861296435525,0.006843047969442223,49746,Rank+Judge Save
30,2,Melanie C,Safe,0.14687466660708678,0.04588765194392051,49746,Rank+Judge Save
30,2,Melora Hardin,Safe,0.03296909688102673,0.022971821308386084,49746,Rank+Judge Save
30,2,"Mike ""The Miz"" Mizanin",Safe,0.019965499027407813,0.017924490107393522,49746,Rank+Judge Save
30,2,Olivia Jade,Safe,0.032912277499524,0.02300034229324926,49746,Rank+Judge Save
30,2,Suni Lee,Safe,0.054207762798743724,0.029286055779815696,49746,Rank+Judge Save
30,3,Amanda Kloots,Safe,0.11833257740568232,0.0832048583621023,562,Rank+Judge Save
30,3,Brian Austin Green,Safe,0.0683925401989673,0.05107328696936976,562,Rank+Judge Save
30,3,Christine Chiu,Eliminated,0.006158001515175885,0.006097316492938588,562,Rank+Judge Save
30,3,Cody Rigsby,Safe,0.06522640723356397,0.0644982884430044,562,Rank+Judge Save
30,3,Iman Shumpert,Safe,0.0763134968826927,0.05926417319619215,562,Rank+Judge Save
30,3,Jimmie Allen,Safe,0.06661641287915522,0.05314411511945087,562,Rank+Judge Save
30,3,JoJo Siwa,Safe,0.11650260916695124,0.08200110142155591,562,Rank+Judge Save
30,3,Kenya Moore,Safe,0.05195452228445547,0.05427812851098237,562,Rank+Judge Save
30,3,Matt James,Safe,0.06568275960099178,0.05456473488994132,562,Rank+Judge Save
30,3,Melanie C,Safe,0.05976015871191057,0.059550551653767936,562,Rank+Judge Save
30,3,Melora Hardin,Safe,0.08378036535467447,0.07096716649620416,562,Rank+Judge Save
30,3,"Mike ""The Miz"" Mizanin",Safe,0.05794368111716622,0.0577779824420684,562,Rank+Judge Save
30,3,Olivia Jade,Safe,0.11429376777056195,0.08466597275357145,562,Rank+Judge Save
30,3,Suni Lee,Safe,0.049042699878051224,0.053330638930571134,562,Rank+Judge Save
30,4,Amanda Kloots,Safe,0.07708013212699474,0.03797667389582082,49946,Rank+Judge Save
30,4,Brian Austin Green,Eliminated,0.0002962725839172922,0.0025349438517552375,49946,Rank+Judge Save
30,4,Cody Rigsby,Safe,0.0025368682824962797,0.007211037279341697,49946,Rank+Judge Save
30,4,Iman Shumpert,Safe,0.014097696115524572,0.01669695349595838,49946,Rank+Judge Save
30,4,Jimmie Allen,Safe,0.027680799158352136,0.023302434912613232,49946,Rank+Judge Save
30,4,JoJo Siwa,Safe,0.1521830254359233,0.051153880137788516,49946,Rank+Judge Save
30,4,Kenya Moore,Safe,0.0035054973392687583,0.008338759903257628,49946,Rank+Judge Save
30,4,Matt James,Eliminated,0.0017870918456802602,0.005984981880061726,49946,Rank+Judge Save
30,4,Melanie C,Safe,0.03897023371278553,0.027732860590822767,49946,Rank+Judge Save
30,4,Melora Hardin,Safe,0.4244741740144967,0.07021811908339311,49946,Rank+Judge Save
30,4,"Mike ""The Miz"" Mizanin",Safe,0.027588946297763324,0.023356384071966628,49946,Rank+Judge Save
30,4,Olivia Jade,Safe,0.15254501522774525,0.05112151224898201,49946,Rank+Judge Save
30,4,Suni Lee,Safe,0.07725424785905377,0.03791017067236115,49946,Rank+Judge Save
30,5,Amanda Kloots,Safe,0.11127379614328181,0.0837872765752639,184,Rank+Judge Save
30,5,Cody Rigsby,Safe,0.1331683798506927,0.07345890016544453,184,Rank+Judge Save
30,5,Iman Shumpert,Safe,0.060017947005787865,0.07784282383034342,184,Rank+Judge Save
30,5,Jimmie Allen,Safe,0.11675105500538259,0.0646410702597237,184,Rank+Judge Save
30,5,JoJo Siwa,Safe,0.14174991242139767,0.10254987820985893,184,Rank+Judge Save
30,5,Kenya Moore,Safe,0.06310755157312235,0.04649254168671817,184,Rank+Judge Save
30,5,Melanie C,Eliminated,0.012211325341413141,0.01043485117676394,184,Rank+Judge Save
30,5,Melora Hardin,Safe,0.07428928479670756,0.06378998153147529,184,Rank+Judge Save
30,5,"Mike ""The Miz"" Mizanin",Safe,0.13441535068463858,0.0647599165866128,184,Rank+Judge Save
30,5,Olivia Jade,Safe,0.07579977982197712,0.06813702997645381,184,Rank+Judge Save
30,5,Suni Lee,Safe,0.07721561735559868,0.06996568732395352,184,Rank+Judge Save
30,6,Amanda Kloots,Safe,0.07928157296407956,0.03968091658569538,48376,Rank+Judge Save
30,6,Cody Rigsby,Safe,0.01602967850201785,0.018392813360885028,48376,Rank+Judge Save
30,6,Iman Shumpert,Safe,0.39320130558082134,0.07144860433705011,48376,Rank+Judge Save
30,6,Jimmie Allen,Safe,0.07916706450893767,0.039697054617109116,48376,Rank+Judge Save
30,6,JoJo Siwa,Safe,0.39345881032638264,0.07157133644308473,48376,Rank+Judge Save
30,6,Kenya Moore,Eliminated,0.00022951305804941438,0.001416130056680169,48376,Rank+Judge Save
30,6,Melora Hardin,Safe,0.0032916417486059395,0.008494038779522014,48376,Rank+Judge Save
30,6,"Mike ""The Miz"" Mizanin",Safe,0.0032189580322443735,0.008167142511666168,48376,Rank+Judge Save
30,6,Olivia Jade,Safe,0.01605536032775916,0.01831531349920316,48376,Rank+Judge Save
30,6,Suni Lee,Safe,0.016066094951104885,0.01840711519630687,48376,Rank+Judge Save
30,7,Amanda Kloots,Safe,0.0036232293748223996,0.00770012584204083,49020,Rank+Judge Save
30,7,Cody Rigsby,Safe,0.013793976335090979,0.015050610975073481,49020,Rank+Judge Save
30,7,Iman Shumpert,Safe,0.003586482042452188,0.007613813250438113,49020,Rank+Judge Save
30,7,Jimmie Allen,Safe,0.05260684284141159,0.028853228763225634,49020,Rank+Judge Save
30,7,JoJo Siwa,Safe,0.10258714541481292,0.03963818513064521,49020,Rank+Judge Save
30,7,Melora Hardin,Safe,0.05263182636947769,0.028999173099641905,49020,Rank+Judge Save
30,7,"Mike ""The Miz"" Mizanin",Eliminated,0.0005909203616851412,0.0024175017830806293,49020,Rank+Judge Save
30,7,Olivia Jade,Safe,0.7670028314351697,0.05485975175522155,49020,Rank+Judge Save
30,7,Suni Lee,Safe,0.0035767458250695145,0.007759906603523326,49020,Rank+Judge Save
30,8,Amanda Kloots,Safe,0.26673469600978805,0.08461133800149784,49999,Rank+Judge Save
30,8,Cody Rigsby,Safe,0.028934961313071515,0.03232482656389658,49999,Rank+Judge Save
30,8,Iman Shumpert,Safe,0.005439149870889245,0.01375609082953366,49999,Rank+Judge Save
30,8,Jimmie Allen,Eliminated,0.0010158682443848416,0.006192930148921789,49999,Rank+Judge Save
30,8,JoJo Siwa,Safe,0.15386396780026393,0.06897428604016904,49999,Rank+Judge Save
30,8,Melora Hardin,Safe,0.2673347409136959,0.08494806566883206,49999,Rank+Judge Save
30,8,Olivia Jade,Eliminated,0.009678922764403105,0.019145930678028122,49999,Rank+Judge Save
30,8,Suni Lee,Safe,0.266997693083506,0.08487040999448443,49999,Rank+Judge Save
30,9,Amanda Kloots,Safe,0.3300500518589368,0.08707772193892369,49851,Rank+Judge Save
30,9,Cody Rigsby,Safe,0.0025710642727358496,0.009194788031750752,49851,Rank+Judge Save
30,9,Iman Shumpert,Safe,0.029107688992099895,0.031213427538662627,49851,Rank+Judge Save
30,9,JoJo Siwa,Safe,0.604330760360064,0.09063856384863135,49851,Rank+Judge Save
30,9,Melora Hardin,Eliminated,0.00465152761123824,0.012537855443689686,49851,Rank+Judge Save
30,9,Suni Lee,Eliminated,0.02928890690492704,0.031112920317947643,49851,Rank+Judge Save
31,1,Charli D'Amelio,Safe,0.5104984943035511,0.05496603232618297,39195,Rank+Judge Save
31,1,Cheryl Ladd,Safe,0.0032785172434810503,0.006294854593245311,39195,Rank+Judge Save
31,1,Daniel Durant,Safe,0.051154111563399496,0.024226815867070463,39195,Rank+Judge Save
31,1,Gabby Windey,Safe,0.08081364910823123,0.029604689809734717,39195,Rank+Judge Save
31,1,Heidi D'Amelio,Safe,0.012815049571310097,0.012235401596034706,39195,Rank+Judge Save
31,1,Jason Lewis,Eliminated,6.068310244843846e-05,0.0003153633009210555,39195,Rank+Judge Save
31,1,Jessie James Decker,Safe,0.0021696595142110496,0.005067434962104531,39195,Rank+Judge Save
31,1,Jordin Sparks,Safe,0.032260757608063906,0.019292531404575552,39195,Rank+Judge Save
31,1,Joseph Baena,Safe,0.008138604275631,0.009723276105928073,39195,Rank+Judge Save
31,1,Sam Champion,Safe,0.002158768018290443,0.005059387321789424,39195,Rank+Judge Save
31,1,Selma Blair,Safe,0.0811415817439404,0.029802448925963444,39195,Rank+Judge Save
31,1,Shangela,Safe,0.08106647975456407,0.02997939318553186,39195,Rank+Judge Save
31,1,Teresa Giudice,Safe,0.0022342927825840008,0.005236751760883215,39195,Rank+Judge Save
31,1,Trevor Donovan,Safe,0.003347641085619913,0.006341272729444099,39195,Rank+Judge Save
31,1,Vinny Guadagnino,Safe,0.0005800171605843783,0.002601680831516174,39195,Rank+Judge Save
31,1,Wayne Brady,Safe,0.12828169316409274,0.036789080509176064,39195,Rank+Judge Save
31,2,Charli D'Amelio,Safe,0.2618702030678476,0.05433654128751344,33190,Rank+Judge Save
31,2,Cheryl Ladd,Safe,0.0003599863902479906,0.002300091053426021,33190,Rank+Judge Save
31,2,Daniel Durant,Safe,0.04006557531814916,0.024142947280629632,33190,Rank+Judge Save
31,2,Gabby Windey,Safe,0.26171319058643777,0.054182319315615374,33190,Rank+Judge Save
31,2,Heidi D'Amelio,Safe,0.021514291594458265,0.017752907255619673,33190,Rank+Judge Save
31,2,Jessie James Decker,Safe,0.0033884707984931485,0.007083964417150026,33190,Rank+Judge Save
31,2,Jordin Sparks,Safe,0.011586481204499233,0.013110841492051398,33190,Rank+Judge Save
31,2,Joseph Baena,Safe,0.0023556014449316377,0.0059255628638543115,33190,Rank+Judge Save
31,2,Sam Champion,Safe,0.006227182846222971,0.009688955010553169,33190,Rank+Judge Save
31,2,Selma Blair,Safe,0.02163856176096447,0.018010063856436158,33190,Rank+Judge Save
31,2,Shangela,Safe,0.021472124556141024,0.017898687016226458,33190,Rank+Judge Save
31,2,Teresa Giudice,Eliminated,5.016208631805731e-05,0.0003357251693215274,33190,Rank+Judge Save
31,2,Trevor Donovan,Safe,0.0750412930010289,0.032452556649969884,33190,Rank+Judge Save
31,2,Vinny Guadagnino,Safe,0.011557425229853105,0.013150879760377947,33190,Rank+Judge Save
31,2,Wayne Brady,Safe,0.26115945011440644,0.054269607895459156,33190,Rank+Judge Save
31,3,Charli D'Amelio,Safe,0.23318767000881946,0.056475209729852344,32677,Rank+Judge Save
31,3,Cheryl Ladd,Eliminated,4.6519954134769904e-05,0.0003309305908472727,32677,Rank+Judge Save
31,3,Daniel Durant,Safe,0.06959815779601859,0.03400932794478824,32677,Rank+Judge Save
31,3,Gabby Windey,Safe,0.23332822478298687,0.05623316974780879,32677,Rank+Judge Save
31,3,Heidi D'Amelio,Safe,0.12732004088385673,0.0442098982783421,32677,Rank+Judge Save
31,3,Jessie James Decker,Safe,0.003374392322403238,0.007669729607886317,32677,Rank+Judge Save
31,3,Jordin Sparks,Safe,0.020709632877964856,0.018870710219178487,32677,Rank+Judge Save
31,3,Joseph Baena,Safe,0.020713453991719154,0.019216867779726754,32677,Rank+Judge Save
31,3,Sam Champion,Safe,0.002446768765827096,0.006398202316394709,32677,Rank+Judge Save
31,3,Selma Blair,Safe,0.011380520933306111,0.01423686671331741,32677,Rank+Judge Save
31,3,Shangela,Safe,0.0377611516486913,0.025577135133329962,32677,Rank+Judge Save
31,3,Trevor Donovan,Safe,0.006281687640793415,0.010465606639478004,32677,Rank+Judge Save
31,3,Vinny Guadagnino,Safe,0.0007350734247073687,0.0036510537558172656,32677,Rank+Judge Save
31,3,Wayne Brady,Safe,0.23311670496876674,0.05624955007654153,32677,Rank+Judge Save
31,4,Charli D'Amelio,Safe,0.254563654334757,0.05936445824206111,48259,Rank+Judge Save
31,4,Daniel Durant,Safe,0.004392361774661398,0.009036904465354604,48259,Rank+Judge Save
31,4,Gabby Windey,Safe,0.25458243199392466,0.058979065913109266,48259,Rank+Judge Save
31,4,Heidi D'Amelio,Safe,0.07946840232406471,0.03682414652294651,48259,Rank+Judge Save
31,4,Jessie James Decker,Safe,0.014015890372515018,0.016228885261832415,48259,Rank+Judge Save
31,4,Jordin Sparks,Safe,0.07929247194395984,0.036842511352730256,48259,Rank+Judge Save
31,4,Joseph Baena,Safe,0.0024487697705937025,0.006676854908855196,48259,Rank+Judge Save
31,4,Sam Champion,Eliminated,0.00010929179191998077,0.0007724485617422922,48259,Rank+Judge Save
31,4,Selma Blair,Safe,0.024862949333526636,0.02104938453197831,48259,Rank+Judge Save
31,4,Shangela,Safe,0.024765195292508518,0.021126877051547394,48259,Rank+Judge Save
31,4,Trevor Donovan,Safe,0.0024279522921398723,0.006651598448688954,48259,Rank+Judge Save
31,4,Vinny Guadagnino,Safe,0.004330425550717708,0.008837040924718553,48259,Rank+Judge Save
31,4,Wayne Brady,Safe,0.2547402032247108,0.059210533041776627,48259,Rank+Judge Save
31,5,Charli D'Amelio,Safe,0.36451985523634084,0.06971328942300288,12294,Rank+Judge Save
31,5,Daniel Durant,Safe,0.00540447519747091,0.010199489792444786,12294,Rank+Judge Save
31,5,Gabby Windey,Safe,0.1980435019447835,0.05741297876590337,12294,Rank+Judge Save
31,5,Heidi D'Amelio,Safe,0.05768634870288174,0.03384310950921763,12294,Rank+Judge Save
31,5,Jessie James Decker,Safe,0.008964185082391258,0.013469905322005917,12294,Rank+Judge Save
31,5,Jordin Sparks,Safe,0.0075894870379455215,0.012391745371062555,12294,Rank+Judge Save
31,5,Joseph Baena,Eliminated,0.0004272397514229357,0.0014273399134169492,12294,Rank+Judge Save
31,5,Selma Blair,Eliminated,0.10670508267557301,0.0447876868429216,12294,Rank+Judge Save
31,5,Shangela,Safe,0.04257166011129077,0.029339925312653073,12294,Rank+Judge Save
31,5,Trevor Donovan,Safe,0.008936681074285885,0.013514855389679096,12294,Rank+Judge Save
31,5,Vinny Guadagnino,Safe,0.0008919820446715727,0.00455477830118027,12294,Rank+Judge Save
31,5,Wayne Brady,Safe,0.19825950114094268,0.057528564551453026,12294,Rank+Judge Save
31,6,Charli D'Amelio,Safe,0.738068068662039,0.06017876144848146,48045,Rank+Judge Save
31,6,Daniel Durant,Safe,0.013677910740792134,0.015799038972407115,48045,Rank+Judge Save
31,6,Gabby Windey,Safe,0.10005833593724565,0.04089260017973536,48045,Rank+Judge Save
31,6,Heidi D'Amelio,Safe,0.05194577119263566,0.030258152113224808,48045,Rank+Judge Save
31,6,Jessie James Decker,Eliminated,0.0025671189603167642,0.005285518845860405,48045,Rank+Judge Save
31,6,Jordin Sparks,Safe,0.01368999907749957,0.015834146574370035,48045,Rank+Judge Save
31,6,Shangela,Safe,0.051905886459417835,0.030240141149328454,48045,Rank+Judge Save
31,6,Trevor Donovan,Safe,0.01398977261911226,0.01603694831289864,48045,Rank+Judge Save
31,6,Vinny Guadagnino,Safe,0.0002488521334815269,0.0021601120337465733,48045,Rank+Judge Save
31,6,Wayne Brady,Safe,0.013848284217448423,0.015924847587179197,48045,Rank+Judge Save
31,7,Charli D'Amelio,Safe,0.3667913337794603,0.08255201568261572,30139,Rank+Judge Save
31,7,Daniel Durant,Safe,0.040324327002251956,0.03354164832520728,30139,Rank+Judge Save
31,7,Gabby Windey,Safe,0.016893102527188345,0.02199024123501951,30139,Rank+Judge Save
31,7,Heidi D'Amelio,Safe,0.015077035401017213,0.019974828595347032,30139,Rank+Judge Save
31,7,Jordin Sparks,Eliminated,0.0015920076626600422,0.0037754362293924543,30139,Rank+Judge Save
31,7,Shangela,Safe,0.04061361184710996,0.03347040638049656,30139,Rank+Judge Save
31,7,Trevor Donovan,Safe,0.3668454255939892,0.08229432342702808,30139,Rank+Judge Save
31,7,Vinny Guadagnino,Safe,0.0006329374776259494,0.004443347496599491,30139,Rank+Judge Save
31,7,Wayne Brady,Safe,0.15123021870869444,0.06072925837837405,30139,Rank+Judge Save
31,8,Charli D'Amelio,Safe,0.37991340472096663,0.09251737764621144,50000,Rank+Judge Save
31,8,Daniel Durant,Safe,0.03368838800251108,0.034185747796489696,50000,Rank+Judge Save
31,8,Gabby Windey,Safe,0.050697287581130825,0.04151707607952145,50000,Rank+Judge Save
31,8,Heidi D'Amelio,Eliminated,0.006719479820531437,0.015577980130116747,50000,Rank+Judge Save
31,8,Shangela,Safe,0.1139953753019913,0.060454654822237705,50000,Rank+Judge Save
31,8,Trevor Donovan,Safe,0.03395515462361432,0.034215122712571294,50000,Rank+Judge Save
31,8,Vinny Guadagnino,Eliminated,0.0006302457671192852,0.0047816632580199156,50000,Rank+Judge Save
31,8,Wayne Brady,Safe,0.3804006641821368,0.09243510228500187,50000,Rank+Judge Save
31,9,Charli D'Amelio,Safe,0.46030524379161514,0.09754117891792473,50000,Rank+Judge Save
31,9,Daniel Durant,Eliminated,0.007982042933907824,0.017176545045248685,50000,Rank+Judge Save
31,9,Gabby Windey,Safe,0.4597948490243482,0.09769204302525644,50000,Rank+Judge Save
31,9,Shangela,Safe,0.03489834700537314,0.03563584744704094,50000,Rank+Judge Save
31,9,Trevor Donovan,Eliminated,0.001851792992225076,0.00840336852001131,50000,Rank+Judge Save
31,9,Wayne Brady,Safe,0.03516772425252717,0.036164052795227206,50000,Rank+Judge Save
32,1,Adrian Peterson,Safe,0.03621685812468949,0.022554660274485556,30655,Rank+Judge Save
32,1,Alyson Hannigan,Safe,0.00196335523060942,0.0051989899890683925,30655,Rank+Judge Save
32,1,Ariana Madix,Safe,0.21377134690982721,0.049978668758834374,30655,Rank+Judge Save
32,1,Barry Williams,Safe,0.01111580511062084,0.01265422067594268,30655,Rank+Judge Save
32,1,Charity Lawson,Safe,0.38618837566552167,0.05909848961818478,30655,Rank+Judge Save
32,1,Harry Jowsey,Safe,0.0013678390374194014,0.004369963209442017,30655,Rank+Judge Save
32,1,Jamie Lynn Spears,Safe,0.006052970013109797,0.00924096846635076,30655,Rank+Judge Save
32,1,Jason Mraz,Safe,0.21414928520853793,0.049797743738646205,30655,Rank+Judge Save
32,1,Lele Pons,Safe,0.06538981692091402,0.02976022175844011,30655,Rank+Judge Save
32,1,Matt Walsh,Eliminated,4.6996173309122426e-05,0.00032498851420371136,30655,Rank+Judge Save
32,1,Mauricio Umansky,Safe,0.006186345618493256,0.009520382994089523,30655,Rank+Judge Save
32,1,Mira Sorvino,Safe,0.01994456765298633,0.016808698246960973,30655,Rank+Judge Save
32,1,Tyson Beckford,Safe,0.001385275259609354,0.004501018388899604,30655,Rank+Judge Save
32,1,Xochitl Gomez,Safe,0.0362211630743497,0.022515814867271937,30655,Rank+Judge Save
32,2,Adrian Peterson,Safe,0.0043484405688525764,0.007045238741728298,1181,Rank+Judge Save
32,2,Alyson Hannigan,Safe,0.021079166817178252,0.01810719830785558,1181,Rank+Judge Save
32,2,Ariana Madix,Safe,0.0383181983646558,0.023974077476796585,1181,Rank+Judge Save
32,2,Barry Williams,Safe,0.004387448095551258,0.007726329252927216,1181,Rank+Judge Save
32,2,Charity Lawson,Safe,0.06964561389550092,0.031042182267691006,1181,Rank+Judge Save
32,2,Harry Jowsey,Safe,0.004323614208521819,0.007093951927438587,1181,Rank+Judge Save
32,2,Jamie Lynn Spears,Eliminated,0.00017633159713946963,0.0005943503316494815,1181,Rank+Judge Save
32,2,Jason Mraz,Safe,0.3824034850830275,0.05994717985727408,1181,Rank+Judge Save
32,2,Lele Pons,Safe,0.0717663042006822,0.032598670635628796,1181,Rank+Judge Save
32,2,Mauricio Umansky,Safe,0.0041274564867047675,0.00934658397544947,1181,Rank+Judge Save
32,2,Mira Sorvino,Safe,0.010267854672964425,0.012285797591140893,1181,Rank+Judge Save
32,2,Tyson Beckford,Safe,0.009745868122084654,0.011970688007341704,1181,Rank+Judge Save
32,2,Xochitl Gomez,Safe,0.3794102178871367,0.05832564718998642,1181,Rank+Judge Save
32,3,Adrian Peterson,Safe,0.0020163467913138673,0.005607292729963467,46547,Rank+Judge Save
32,3,Alyson Hannigan,Safe,0.004604210074603309,0.008532580298733687,46547,Rank+Judge Save
32,3,Ariana Madix,Safe,0.33425269013338454,0.059291430930062436,46547,Rank+Judge Save
32,3,Barry Williams,Safe,0.007038501116884827,0.01051548536544087,46547,Rank+Judge Save
32,3,Charity Lawson,Safe,0.14171247337443557,0.04385880999725141,46547,Rank+Judge Save
32,3,Harry Jowsey,Safe,0.0045888784617267595,0.008483109428440605,46547,Rank+Judge Save
32,3,Jason Mraz,Safe,0.33353898469705406,0.059124845563665644,46547,Rank+Judge Save
32,3,Lele Pons,Safe,0.016678661931803705,0.01610761842417129,46547,Rank+Judge Save
32,3,Mauricio Umansky,Safe,0.003126078093655744,0.006939390656610598,46547,Rank+Judge Save
32,3,Mira Sorvino,Safe,0.010826989864337461,0.012952090029795736,46547,Rank+Judge Save
32,3,Tyson Beckford,Eliminated,0.00023504090083265378,0.0010955888276927193,46547,Rank+Judge Save
32,3,Xochitl Gomez,Safe,0.14138114455996464,0.043471650850753434,46547,Rank+Judge Save
32,4,Adrian Peterson,Eliminated,0.000443985309634805,0.0007451594835402433,79,Rank+Judge Save
32,4,Alyson Hannigan,Safe,0.009331216431199548,0.013647572645646113,79,Rank+Judge Save
32,4,Ariana Madix,Safe,0.16096805927305546,0.04881042313239001,79,Rank+Judge Save
32,4,Barry Williams,Safe,0.00990818219708907,0.012694975128147988,79,Rank+Judge Save
32,4,Charity Lawson,Safe,0.07665437021360519,0.03675315977599791,79,Rank+Judge Save
32,4,Harry Jowsey,Safe,0.005955301937986985,0.009081130142334816,79,Rank+Judge Save
32,4,Jason Mraz,Safe,0.07289167310372739,0.029769249550527614,79,Rank+Judge Save
32,4,Lele Pons,Safe,0.009095042991514816,0.0098709337163971,79,Rank+Judge Save
32,4,Mauricio Umansky,Safe,0.005539500524702698,0.00570167907966301,79,Rank+Judge Save
32,4,Mira Sorvino,Safe,0.003705890437058116,0.004790761502961764,79,Rank+Judge Save
32,4,Xochitl Gomez,Safe,0.645506777580426,0.06644775673143492,79,Rank+Judge Save
32,5,Alyson Hannigan,Safe,0.008273974725139976,0.013493870461818804,17285,Rank+Judge Save
32,5,Ariana Madix,Safe,0.02471257578097144,0.024204199295102046,17285,Rank+Judge Save
32,5,Barry Williams,Safe,0.024633570385213466,0.023990014471956356,17285,Rank+Judge Save
32,5,Charity Lawson,Safe,0.35546260916308303,0.07476739986347568,17285,Rank+Judge Save
32,5,Harry Jowsey,Safe,0.000971446388929223,0.005207424507769922,17285,Rank+Judge Save
32,5,Jason Mraz,Safe,0.1819934373068766,0.059404636410551964,17285,Rank+Judge Save
32,5,Lele Pons,Safe,0.024180301316984586,0.024023175717107804,17285,Rank+Judge Save
32,5,Mauricio Umansky,Safe,0.02496518507050228,0.02429528514562353,17285,Rank+Judge Save
32,5,Mira Sorvino,Eliminated,0.0012384061992006094,0.0033038309140509857,17285,Rank+Judge Save
32,5,Xochitl Gomez,Safe,0.3535684936631007,0.07357050086477716,17285,Rank+Judge Save
32,6,Alyson Hannigan,Safe,0.0103296177056864,0.014740641753888542,871,Rank+Judge Save
32,6,Ariana Madix,Safe,0.29158292311280115,0.07057166018940667,871,Rank+Judge Save
32,6,Barry Williams,Safe,0.004686746004813945,0.010518780684602082,871,Rank+Judge Save
32,6,Charity Lawson,Safe,0.07145232277965881,0.041871850226556914,871,Rank+Judge Save
32,6,Harry Jowsey,Safe,0.0074494484986374725,0.015997654823539875,871,Rank+Judge Save
32,6,Jason Mraz,Safe,0.11669860956752291,0.052853591870235014,871,Rank+Judge Save
32,6,Lele Pons,Safe,0.04368485278336612,0.03377258225973071,871,Rank+Judge Save
32,6,Mauricio Umansky,Eliminated,0.00038501640564276863,0.0015800182098894575,871,Rank+Judge Save
32,6,Xochitl Gomez,Safe,0.4537304631418702,0.08054318394557147,871,Rank+Judge Save
32,7,Alyson Hannigan,Safe,0.15983642698190073,0.09646144939407499,1917,Rank+Judge Save
32,7,Ariana Madix,Safe,0.1522520877525517,0.11432235533741,1917,Rank+Judge Save
32,7,Barry Williams,Safe,0.14392471755959604,0.1013236331059416,1917,Rank+Judge Save
32,7,Charity Lawson,Safe,0.1255231452467939,0.09347039280297449,1917,Rank+Judge Save
32,7,Harry Jowsey,Safe,0.10764658052005992,0.10807858160383906,1917,Rank+Judge Save
32,7,Jason Mraz,Safe,0.13038853024574276,0.10136556442559914,1917,Rank+Judge Save
32,7,Lele Pons,Eliminated,0.029243480215044283,0.021659800409349738,1917,Rank+Judge Save
32,7,Xochitl Gomez,Safe,0.15118503147831033,0.11131002497182153,1917,Rank+Judge Save
32,8,Alyson Hannigan,Safe,0.02349249730835121,0.024881970466055687,3854,Rank+Judge Save
32,8,Ariana Madix,Safe,0.5600593112528899,0.09522545204612744,3854,Rank+Judge Save
32,8,Barry Williams,Eliminated,0.005515891399430614,0.0076686536564975726,3854,Rank+Judge Save
32,8,Charity Lawson,Safe,0.14214964634755323,0.0691239205565199,3854,Rank+Judge Save
32,8,Harry Jowsey,Safe,0.0024092120425646475,0.011042961981030025,3854,Rank+Judge Save
32,8,Jason Mraz,Safe,0.04031045127615395,0.03353263299238027,3854,Rank+Judge Save
32,8,Xochitl Gomez,Safe,0.22606299037305794,0.08173227508444762,3854,Rank+Judge Save
32,9,Alyson Hannigan,Safe,0.005067204705739391,0.014220171562622546,49976,Rank+Judge Save
32,9,Ariana Madix,Safe,0.04550171834851646,0.04206738747325512,49976,Rank+Judge Save
32,9,Charity Lawson,Safe,0.0702567357658273,0.05125624499091914,49976,Rank+Judge Save
32,9,Harry Jowsey,Eliminated,0.0021128994709119888,0.009006189758844561,49976,Rank+Judge Save
32,9,Jason Mraz,Safe,0.618163656822321,0.09765463654745002,49976,Rank+Judge Save
32,9,Xochitl Gomez,Safe,0.2588977848866794,0.08781693030987844,49976,Rank+Judge Save
33,2,Anna Delvey,Eliminated,0.00022260041044324443,0.00150277663157803,15367,Rank+Judge Save
33,2,Brooks Nader,Safe,0.023856966253882828,0.022093378082723755,15367,Rank+Judge Save
33,2,Chandler Kinney,Safe,0.4796697892935031,0.07204386583718203,15367,Rank+Judge Save
33,2,Danny Amendola,Safe,0.05053227746706194,0.03157368325503042,15367,Rank+Judge Save
33,2,Dwight Howard ,Safe,0.10635092115596975,0.043997484220326455,15367,Rank+Judge Save
33,2,Eric Roberts,Safe,0.0016409872025254315,0.005799624017714342,15367,Rank+Judge Save
33,2,Ilona Maher,Safe,0.05023359566561446,0.031322467472788884,15367,Rank+Judge Save
33,2,Jenn Tran,Safe,0.011275417647337294,0.015018672185367116,15367,Rank+Judge Save
33,2,Joey Graziadei,Safe,0.10681878714758318,0.044557956326608944,15367,Rank+Judge Save
33,2,Phaedra Parks,Safe,0.05019977008689823,0.03131017237694909,15367,Rank+Judge Save
33,2,Reginald VelJohnson,Safe,0.001562019843458131,0.005605138883587721,15367,Rank+Judge Save
33,2,Stephen Nedoroscik,Safe,0.10657919036408943,0.04472373199480841,15367,Rank+Judge Save
33,2,Tori Spelling,Eliminated,0.011057677461633117,0.015074263423410178,15367,Rank+Judge Save
33,3,Brooks Nader,Safe,0.04798366850303867,0.03131244419788278,49993,Rank+Judge Save
33,3,Chandler Kinney,Safe,0.3325809669949716,0.06949491435765047,49993,Rank+Judge Save
33,3,Danny Amendola,Safe,0.0375971040539671,0.02811481361930161,49993,Rank+Judge Save
33,3,Dwight Howard ,Safe,0.005473924382924692,0.01095854057462552,49993,Rank+Judge Save
33,3,Eric Roberts,Eliminated,0.0013148628513840015,0.0053708217320077665,49993,Rank+Judge Save
33,3,Ilona Maher,Safe,0.014336103506776365,0.017446025950070335,49993,Rank+Judge Save
33,3,Jenn Tran,Safe,0.06141356700572263,0.035495562778335286,49993,Rank+Judge Save
33,3,Joey Graziadei,Safe,0.42361989190525223,0.07302523841190657,49993,Rank+Judge Save
33,3,Phaedra Parks,Safe,0.014329476279822893,0.017487365667190037,49993,Rank+Judge Save
33,3,Reginald VelJohnson,Eliminated,0.00047360266712609514,0.003211964549224069,49993,Rank+Judge Save
33,3,Stephen Nedoroscik,Safe,0.06087683184901591,0.035287525018091494,49993,Rank+Judge Save
33,4,Brooks Nader,Eliminated,0.0007859699277453667,0.0012819490586224714,9793,Rank+Judge Save
33,4,Chandler Kinney,Safe,0.011723780146690121,0.013635389396034932,9793,Rank+Judge Save
33,4,Danny Amendola,Safe,0.46385432849213226,0.06626429628262685,9793,Rank+Judge Save
33,4,Dwight Howard ,Safe,0.000599252804168917,0.0033756288055079016,9793,Rank+Judge Save
33,4,Ilona Maher,Safe,0.011575657015440914,0.01353021482753544,9793,Rank+Judge Save
33,4,Jenn Tran,Safe,0.011586006034649175,0.013462465057922845,9793,Rank+Judge Save
33,4,Joey Graziadei,Safe,0.46327460173875235,0.06625880816851219,9793,Rank+Judge Save
33,4,Phaedra Parks,Safe,0.011366030735249716,0.013115597125778922,9793,Rank+Judge Save
33,4,Stephen Nedoroscik,Safe,0.02523437310517521,0.02074250992488793,9793,Rank+Judge Save
33,5,Chandler Kinney,Safe,0.698283683938597,0.07274099314907127,33390,Rank+Judge Save
33,5,Danny Amendola,Safe,0.04124469698658642,0.03141944653332077,33390,Rank+Judge Save
33,5,Dwight Howard ,Safe,0.0034663779724151728,0.009352359879757084,33390,Rank+Judge Save
33,5,Ilona Maher,Safe,0.10569954606710286,0.04856032564799575,33390,Rank+Judge Save
33,5,Jenn Tran,Safe,0.041523951369718905,0.03185584711274335,33390,Rank+Judge Save
33,5,Joey Graziadei,Safe,0.10597917142861189,0.0488594153233036,33390,Rank+Judge Save
33,5,Phaedra Parks,Eliminated,0.0003832238242713285,0.0017993863063961407,33390,Rank+Judge Save
33,5,Stephen Nedoroscik,Safe,0.0034193484126997845,0.009379556884079586,33390,Rank+Judge Save
33,6,Chandler Kinney,Safe,0.1843939980616257,0.127830099432678,5308,Rank+Judge Save
33,6,Danny Amendola,Safe,0.18815862182152668,0.10720341942455713,5308,Rank+Judge Save
33,6,Dwight Howard ,Safe,0.16667446617085901,0.11792996014266713,5308,Rank+Judge Save
33,6,Ilona Maher,Safe,0.09136439195683077,0.10991979829433624,5308,Rank+Judge Save
33,6,Jenn Tran,Eliminated,0.03845236203416433,0.02907128484529776,5308,Rank+Judge Save
33,6,Joey Graziadei,Safe,0.18182746658240034,0.12791715386413982,5308,Rank+Judge Save
33,6,Stephen Nedoroscik,Safe,0.14912869337259305,0.10295361155263962,5308,Rank+Judge Save
33,7,Chandler Kinney,Safe,0.8838436571476529,0.049470174421274334,49329,Rank+Judge Save
33,7,Danny Amendola,Safe,0.007163323508628378,0.013019225464459093,49329,Rank+Judge Save
33,7,Dwight Howard ,Eliminated,0.0009828653197387924,0.0038493077820216342,49329,Rank+Judge Save
33,7,Ilona Maher,Safe,0.011975957423119127,0.01667505800480291,49329,Rank+Judge Save
33,7,Joey Graziadei,Safe,0.06054301470402341,0.036976709844068534,49329,Rank+Judge Save
33,7,Stephen Nedoroscik,Safe,0.03549118189684464,0.028873795067667542,49329,Rank+Judge Save
34,2,Alix Earle,Safe,0.06887161567569476,0.03932088214994119,49561,Rank+Judge Save
34,2,Andy Richter,Safe,0.0007983901243809795,0.004410692310971581,49561,Rank+Judge Save
34,2,Baron Davis,Eliminated,0.0047496038499775526,0.010719768610437514,49561,Rank+Judge Save
34,2,Corey Feldman,Eliminated,0.0002012071460423385,0.0020693114623564256,49561,Rank+Judge Save
34,2,Danielle Fishel,Safe,0.011581840970621402,0.016706948838395262,49561,Rank+Judge Save
34,2,Dylan Efron,Safe,0.028080325287668694,0.025646260961659045,49561,Rank+Judge Save
34,2,Elaine Hendrix,Safe,0.0688252774541821,0.0392497920001429,49561,Rank+Judge Save
34,2,Hilaria Baldwin,Safe,0.06883407284565145,0.0393173050421975,49561,Rank+Judge Save
34,2,Jen Affleck,Safe,0.1687844160607613,0.058112291798500255,49561,Rank+Judge Save
34,2,Jordan Chiles,Safe,0.1687955920800497,0.05826757475299477,49561,Rank+Judge Save
34,2,Lauren Jauregui,Safe,0.06907970188552336,0.039482401578454944,49561,Rank+Judge Save
34,2,Robert Irwin,Safe,0.16810987848115466,0.057731599957240726,49561,Rank+Judge Save
34,2,Scott Hoying,Safe,0.004721051339288176,0.010639770311259776,49561,Rank+Judge Save
34,2,Whitney Leavitt,Safe,0.1685670267990025,0.058133052975808355,49561,Rank+Judge Save
34,3,Alix Earle,Safe,0.11371245756907686,0.048019465429148145,45349,Rank+Judge Save
34,3,Andy Richter,Safe,0.000882621718204762,0.00443873727346375,45349,Rank+Judge Save
34,3,Danielle Fishel,Safe,0.01578258662845257,0.01876754934380159,45349,Rank+Judge Save
34,3,Dylan Efron,Safe,0.11384439555562066,0.04829637166160831,45349,Rank+Judge Save
34,3,Elaine Hendrix,Safe,0.015721441137518964,0.018952022367920214,45349,Rank+Judge Save
34,3,Hilaria Baldwin,Safe,0.042139307605718636,0.030567440297061214,45349,Rank+Judge Save
34,3,Jen Affleck,Safe,0.0023019572275165146,0.007152782194256959,45349,Rank+Judge Save
34,3,Jordan Chiles,Safe,0.30555686244697855,0.06990380560588266,45349,Rank+Judge Save
34,3,Lauren Jauregui,Eliminated,0.00017613255911570527,0.0010727576003008222,45349,Rank+Judge Save
34,3,Robert Irwin,Safe,0.0420917122172567,0.03037836683421494,45349,Rank+Judge Save
34,3,Scott Hoying,Safe,0.04227153072191707,0.03053724658727513,45349,Rank+Judge Save
34,3,Whitney Leavitt,Safe,0.30551899461262294,0.07013568797758717,45349,Rank+Judge Save
34,4,Alix Earle,Safe,0.1034827588782738,0.08536460422589737,1538,Rank+Judge Save
34,4,Andy Richter,Safe,0.05140567722947068,0.06653810068550439,1538,Rank+Judge Save
34,4,Danielle Fishel,Safe,0.10101214288441325,0.06776021502865232,1538,Rank+Judge Save
34,4,Dylan Efron,Safe,0.07899198639899734,0.0724139854596705,1538,Rank+Judge Save
34,4,Elaine Hendrix,Safe,0.10287366037536802,0.08600471263812233,1538,Rank+Judge Save
34,4,Hilaria Baldwin,Eliminated,0.013055265837069827,0.011161194747697833,1538,Rank+Judge Save
34,4,Jen Affleck,Safe,0.08381794600272376,0.07345230196379797,1538,Rank+Judge Save
34,4,Jordan Chiles,Safe,0.10564899413820124,0.08854959339846978,1538,Rank+Judge Save
34,4,Robert Irwin,Safe,0.10389735532517934,0.07041085855147475,1538,Rank+Judge Save
34,4,Scott Hoying,Safe,0.11563408390277868,0.06907556103624087,1538,Rank+Judge Save
34,4,Whitney Leavitt,Safe,0.1401801290275245,0.10437677581805485,1538,Rank+Judge Save
34,6,Alix Earle,Safe,0.04607215168146502,0.03432399562429083,49088,Rank+Judge Save
34,6,Andy Richter,Safe,0.0007871196151747839,0.004424058761500819,49088,Rank+Judge Save
34,6,Danielle Fishel,Safe,0.07658496786267162,0.04367851002503022,49088,Rank+Judge Save
34,6,Dylan Efron,Safe,0.010159601771550215,0.01646048055172344,49088,Rank+Judge Save
34,6,Elaine Hendrix,Safe,0.07682426036422144,0.043868268021628125,49088,Rank+Judge Save
34,6,Jen Affleck,Safe,0.010261090653052194,0.0166800923758681,49088,Rank+Judge Save
34,6,Jordan Chiles,Safe,0.3510770949568148,0.07866496413916213,49088,Rank+Judge Save
34,6,Robert Irwin,Safe,0.07689109187428596,0.04425072586593143,49088,Rank+Judge Save
34,6,Scott Hoying,Eliminated,0.0008004229889714752,0.003254156599387274,49088,Rank+Judge Save
34,6,Whitney Leavitt,Safe,0.3505421982317958,0.07862119503293763,49088,Rank+Judge Save
34,7,Alix Earle,Safe,0.4301360193484538,0.08176704479940733,11319,Rank+Judge Save
34,7,Andy Richter,Safe,0.0012060906738344912,0.006764601657194207,11319,Rank+Judge Save
34,7,Danielle Fishel,Safe,0.014331544785592367,0.019370788252114975,11319,Rank+Judge Save
34,7,Dylan Efron,Safe,0.045900241983018356,0.03511831223441307,11319,Rank+Judge Save
34,7,Elaine Hendrix,Safe,0.008229535259830927,0.014266496783541643,11319,Rank+Judge Save
34,7,Jen Affleck,Eliminated,0.000754692829611514,0.0020304407506868483,11319,Rank+Judge Save
34,7,Jordan Chiles,Safe,0.0465213559343016,0.03482463568985895,11319,Rank+Judge Save
34,7,Robert Irwin,Safe,0.17649297037468473,0.06315086503373918,11319,Rank+Judge Save
34,7,Whitney Leavitt,Safe,0.27642754881067244,0.07396002885329654,11319,Rank+Judge Save
34,8,Alix Earle,Safe,0.1262739815162793,0.06916525717941309,34218,Rank+Judge Save
34,8,Andy Richter,Safe,0.0005303217117823844,0.005273770046129226,34218,Rank+Judge Save
34,8,Danielle Fishel,Eliminated,0.008248719050023357,0.012417109531893856,34218,Rank+Judge Save
34,8,Dylan Efron,Safe,0.06699141965752244,0.052208411367292665,34218,Rank+Judge Save
34,8,Elaine Hendrix,Safe,0.04559788818113408,0.041121626760791584,34218,Rank+Judge Save
34,8,Jordan Chiles,Safe,0.23690496738307337,0.08797251404459006,34218,Rank+Judge Save
34,8,Robert Irwin,Safe,0.06710220578075071,0.05203809385319944,34218,Rank+Judge Save
34,8,Whitney Leavitt,Safe,0.44835049671943167,0.10331152752738061,34218,Rank+Judge Save
34,9,Alix Earle,Safe,0.1078114310377731,0.07176997081729121,49986,Rank+Judge Save
34,9,Andy Richter,Eliminated,0.0006821845746786263,0.005604959815653974,49986,Rank+Judge Save
34,9,Dylan Efron,Safe,0.26850730357466474,0.10221161192891699,49986,Rank+Judge Save
34,9,Elaine Hendrix,Safe,0.01760040287217086,0.03049900090818613,49986,Rank+Judge Save
34,9,Jordan Chiles,Safe,0.0690654609025297,0.05836742292077667,49986,Rank+Judge Save
34,9,Robert Irwin,Safe,0.2685358084923249,0.10276422433114633,49986,Rank+Judge Save
34,9,Whitney Leavitt,Safe,0.26779740854585665,0.1022673406334321,49986,Rank+Judge Save
34,10,Alix Earle,Safe,0.07601800340293942,0.03179840332139282,60,Rank+Judge Save
34,10,Dylan Efron,Safe,0.0046453032909389924,0.02251942729148371,60,Rank+Judge Save
34,10,Elaine Hendrix,Safe,0.1026583328350523,0.04436627448550326,60,Rank+Judge Save
34,10,Jordan Chiles,Safe,0.10353838497284965,0.04225283422336469,60,Rank+Judge Save
34,10,Robert Irwin,Safe,0.6673225449115613,0.10129300286446245,60,Rank+Judge Save
34,10,Whitney Leavitt,Eliminated,0.045817430586658485,0.024294013393741827,60,Rank+Judge Save
