season,week,celebrity_name,Judge_Score,Est_Fan_Vote,Place_Rank,Place_Pct,Placement_Diff,is_eliminated_this_week
1,2,John O'Hurley,26.0,0.6667868804154959,1,1,0,0
1,2,Rachel Hunter,24.0,0.2460533771474398,2,2,0,0
1,2,Joey McIntyre,21.0,0.052125632961178,3,3,0,0
1,2,Trista Sutter,19.0,0.0023578463037783,6,4,2,1
1,2,Kelly Monaco,17.0,0.0097551436160062,5,5,0,0
1,2,Evander Holyfield,14.0,0.022921119556102,4,6,-2,0
1,3,Rachel Hunter,26.0,0.5954420942093622,1,1,0,0
1,3,John O'Hurley,24.0,0.2420108185281528,2,2,0,0
1,3,Joey McIntyre,22.0,0.098279933987705,3,3,0,0
1,3,Kelly Monaco,21.0,0.063460667369959,4,4,0,0
1,3,Evander Holyfield,13.0,0.0008064859048217,5,5,0,1
1,4,Kelly Monaco,26.0,0.6692782530560095,1,1,0,0
1,4,John O'Hurley,21.0,0.1864424056961583,2,2,0,0
1,4,Rachel Hunter,25.0,0.1349468220547066,3,3,0,1
1,4,Joey McIntyre,20.0,0.0093325191931252,4,4,0,0
1,5,John O'Hurley,27.0,0.9653685239890248,1,1,0,0
1,5,Kelly Monaco,23.5,0.0320351504962737,2,2,0,0
1,5,Joey McIntyre,22.5,0.002596325514686,3,3,0,1
2,1,Drew Lachey,24.0,0.3279049916083605,1,1,0,0
2,1,Giselle Fernandez,23.0,0.1980213188035285,2,2,0,0
2,1,Tatum O'Neal,23.0,0.1975425906767641,3,3,0,0
2,1,Stacy Keibler,22.0,0.1189199796439843,4,4,0,0
2,1,Jerry Rice,21.0,0.0712398603961227,5,5,0,0
2,1,Tia Carrere,20.0,0.0432551317395246,6,6,0,0
2,1,Lisa Rinna,19.0,0.0259700001275879,7,7,0,0
2,1,George Hamilton,18.0,0.0153456615174259,8,8,0,0
2,1,Kenny Mayne,13.0,2.6987733899493875e-05,10,9,1,1
2,1,Master P,12.0,0.0017734777528014,9,10,-1,0
2,2,Stacy Keibler,29.0,0.6350710440723519,1,1,0,0
2,2,Drew Lachey,27.0,0.2337060942124911,2,2,0,0
2,2,Giselle Fernandez,24.0,0.0519832722932108,3,3,0,0
2,2,Jerry Rice,23.0,0.0314088123878352,4,4,0,0
2,2,George Hamilton,22.0,0.0191910241250415,5,5,0,0
2,2,Tia Carrere,22.0,0.0191643740315035,6,6,0,0
2,2,Lisa Rinna,20.0,0.0071055435638849,7,7,0,0
2,2,Tatum O'Neal,17.0,7.477356444471011e-05,9,8,1,1
2,2,Master P,16.0,0.0022950617492373,8,9,-1,0
2,3,Stacy Keibler,27.0,0.3141527347173692,1,1,0,0
2,3,Drew Lachey,27.0,0.3042221279253871,2,2,0,0
2,3,Tia Carrere,26.0,0.1797759474597054,3,3,0,0
2,3,Lisa Rinna,25.0,0.0776890430745694,4,4,0,0
2,3,Jerry Rice,19.0,0.0808628093184186,5,5,0,0
2,3,George Hamilton,22.0,0.0301994485446497,6,6,0,0
2,3,Giselle Fernandez,22.0,0.0079005995601625,7,7,0,1
2,3,Master P,14.0,0.005197289399738,8,8,0,0
2,4,Drew Lachey,28.0,0.3533081222328254,1,1,0,0
2,4,Lisa Rinna,26.0,0.1871046664347,2,2,0,0
2,4,Stacy Keibler,26.0,0.1858890496027622,3,3,0,0
2,4,Tia Carrere,25.0,0.1363821373082066,4,4,0,0
2,4,Jerry Rice,24.0,0.0989919693770534,5,5,0,0
2,4,George Hamilton,21.0,0.0379152028463367,6,6,0,0
2,4,Master P,8.0,0.0004088521981131,7,7,0,1
2,5,Stacy Keibler,30.0,0.8705310346756944,1,1,0,0
2,5,Drew Lachey,27.0,0.0922823191158184,2,2,0,0
2,5,Lisa Rinna,25.0,0.0209987287505733,3,3,0,0
2,5,George Hamilton,24.0,0.0102966575399066,4,4,0,0
2,5,Jerry Rice,23.0,0.005097156046106,5,5,0,0
2,5,Tia Carrere,22.0,0.0007941038719005,6,6,0,1
2,6,Stacy Keibler,30.0,0.4608631996252743,1,1,0,0
2,6,Drew Lachey,30.0,0.4601663311703768,2,2,0,0
2,6,Lisa Rinna,27.0,0.0686824061679432,3,3,0,0
2,6,Jerry Rice,23.0,0.0097980975632712,4,4,0,0
2,6,George Hamilton,23.0,0.0004899654731349,5,5,0,1
2,7,Drew Lachey,27.5,0.412340367814652,1,1,0,0
2,7,Stacy Keibler,27.5,0.3812149744657698,2,2,0,0
2,7,Jerry Rice,20.5,0.132733269023819,3,3,0,0
2,7,Lisa Rinna,26.5,0.0737113886957589,4,4,0,1
3,1,Mario Lopez,26.0,0.560319935584741,1,1,0,0
3,1,Emmitt Smith,24.0,0.2054366768190712,2,2,0,0
3,1,Vivica A. Fox,22.0,0.0750734698289719,3,3,0,0
3,1,Willa Ford,22.0,0.0748169057015059,4,4,0,0
3,1,Joey Lawrence,21.0,0.0454794042928504,5,5,0,0
3,1,Monique Coleman,19.0,0.0166795313521689,6,6,0,0
3,1,Shanna Moakler,18.0,0.0100317378300205,7,7,0,0
3,1,Harry Hamlin,17.0,0.0060822828213918,8,8,0,0
3,1,Jerry Springer,16.0,0.0035809503228719,9,9,0,0
3,1,Sara Evans,15.0,0.0022382087662589,10,10,0,0
3,1,Tucker Carlson,12.0,0.0002608966801466,11,11,0,1
3,2,Joey Lawrence,29.0,0.8137820227623092,1,1,0,0
3,2,Monique Coleman,26.0,0.0934091171493533,2,2,0,0
3,2,Vivica A. Fox,24.0,0.0247982669232871,3,3,0,0
3,2,Emmitt Smith,24.0,0.0211871158731439,4,4,0,0
3,2,Willa Ford,23.0,0.0098651108396457,7,5,2,0
3,2,Sara Evans,21.0,0.0114970060266979,5,6,-1,0
3,2,Mario Lopez,21.0,0.0112191598468281,6,7,-1,0
3,2,Harry Hamlin,21.0,0.0109530108318282,8,8,0,0
3,2,Shanna Moakler,22.0,0.0006863671402181,9,9,0,1
3,2,Jerry Springer,19.0,0.002602822606688,10,10,0,0
3,3,Monique Coleman,27.0,0.4307538628096012,1,1,0,0
3,3,Vivica A. Fox,27.0,0.42617728618577,2,2,0,0
3,3,Sara Evans,25.0,0.0904538968914952,3,3,0,0
3,3,Joey Lawrence,22.0,0.011541098507574,4,4,0,0
3,3,Willa Ford,22.0,0.0113087699011072,5,5,0,0
3,3,Jerry Springer,21.0,0.0156819132891722,7,6,1,0
3,3,Mario Lopez,22.0,0.0107241048957959,6,7,-1,0
3,3,Harry Hamlin,22.0,0.0007578858885004,8,8,0,1
3,3,Emmitt Smith,19.0,0.0026011816309839,9,9,0,0
3,4,Mario Lopez,29.0,0.5302441334379429,1,1,0,0
3,4,Willa Ford,28.0,0.264724327007668,2,2,0,0
3,4,Joey Lawrence,27.0,0.1300432375019154,3,3,0,0
3,4,Monique Coleman,24.0,0.0206006355791123,4,4,0,0
3,4,Emmitt Smith,24.0,0.0202622016974808,5,5,0,0
3,4,Jerry Springer,22.0,0.0269899744887162,6,6,0,0
3,4,Vivica A. Fox,24.0,0.0023724236882301,7,7,0,1
3,4,Sara Evans,20.0,0.0047630665989336,8,8,0,0
3,5,Monique Coleman,27.0,0.2463746047608997,1,1,0,0
3,5,Emmitt Smith,27.0,0.2455904120492009,2,2,0,0
3,5,Mario Lopez,27.0,0.2453335936872381,3,3,0,0
3,5,Willa Ford,27.0,0.2441973907417454,4,4,0,1
3,5,Joey Lawrence,25.0,0.0130403336181096,5,5,0,0
3,5,Jerry Springer,24.0,0.0053306949153562,6,6,0,0
3,5,Sara Evans,24.0,0.0001329702274538,7,7,0,1
3,7,Emmitt Smith,28.5,0.3502260583308198,1,1,0,0
3,7,Joey Lawrence,28.5,0.349920871304174,2,2,0,0
3,7,Mario Lopez,28.0,0.2161820856588932,3,3,0,0
3,7,Monique Coleman,27.0,0.0825890545214628,4,4,0,0
3,7,Jerry Springer,23.0,0.0010819301846467,5,5,0,1
3,8,Mario Lopez,28.5,0.962557591177749,1,1,0,0
3,8,Joey Lawrence,27.0,0.018191843134104,2,2,0,0
3,8,Emmitt Smith,27.0,0.0181475230255685,3,3,0,0
3,8,Monique Coleman,26.5,0.0011030426625761,4,4,0,1
3,9,Mario Lopez,29.5,0.4453106970601034,1,1,0,0
3,9,Emmitt Smith,29.5,0.4442055118748668,2,2,0,0
3,9,Joey Lawrence,29.5,0.1104837910650261,3,3,0,1
4,2,Laila Ali,27.0,0.5769510787576855,1,1,0,0
4,2,Apolo Anton Ohno,26.0,0.2643472013454861,2,2,0,0
4,2,Heather Mills,24.0,0.0569074011263504,3,3,0,0
4,2,Joey Fatone,24.0,0.0550740940944467,4,4,0,0
4,2,Ian Ziering,22.0,0.0119574422888426,5,5,0,0
4,2,Shandi Finnessey,20.0,0.0124197105532987,8,6,2,0
4,2,Billy Ray Cyrus,21.0,0.007068136022997,6,7,-1,0
4,2,Leeza Gibbons,21.0,0.0067200128063576,7,8,-1,0
4,2,John Ratzenberger,21.0,0.0065319824092218,9,9,0,0
4,2,Paulina Porizkova,21.0,0.0003213826808741,10,10,0,1
4,2,Clyde Drexler,18.0,0.0017015579144406,11,11,0,0
4,3,Heather Mills,24.0,0.2091031292017958,1,1,0,0
4,3,Joey Fatone,24.0,0.2090685316543285,2,2,0,0
4,3,Leeza Gibbons,24.0,0.2076580359096055,3,3,0,0
4,3,Ian Ziering,24.0,0.2071883659691122,4,4,0,0
4,3,Apolo Anton Ohno,23.0,0.092926739178356,5,5,0,0
4,3,Billy Ray Cyrus,21.0,0.0232820254599553,6,6,0,0
4,3,Laila Ali,21.0,0.0219891659518834,7,7,0,0
4,3,John Ratzenberger,20.0,0.025781881160804,8,8,0,0
4,3,Shandi Finnessey,21.0,0.0021858649306727,9,9,0,1
4,3,Clyde Drexler,16.0,0.0008162605834855,10,10,0,0
4,4,Joey Fatone,28.0,0.5616883738261781,1,1,0,0
4,4,Apolo Anton Ohno,26.0,0.2242083203190615,2,2,0,0
4,4,Ian Ziering,24.0,0.0903183288667648,3,3,0,0
4,4,Heather Mills,23.0,0.0566238838132161,4,4,0,0
4,4,Billy Ray Cyrus,21.0,0.0228051153780493,5,5,0,0
4,4,Laila Ali,21.0,0.0225182484544615,6,6,0,0
4,4,Clyde Drexler,15.0,0.0172215719599955,8,7,1,0
4,4,John Ratzenberger,16.0,0.0044699044980571,7,8,-1,0
4,4,Leeza Gibbons,16.0,0.0001462528842166,9,9,0,1
4,5,Apolo Anton Ohno,30.0,0.5543633814258438,1,1,0,0
4,5,Laila Ali,28.0,0.2645561025311639,2,2,0,0
4,5,Joey Fatone,25.0,0.0879842959022805,3,3,0,0
4,5,Ian Ziering,24.0,0.0611707487113591,4,4,0,0
4,5,Heather Mills,21.0,0.0200763801234472,5,5,0,0
4,5,John Ratzenberger,18.0,0.0066139181165154,6,6,0,0
4,5,Billy Ray Cyrus,17.0,0.0046317186388384,7,7,0,0
4,5,Clyde Drexler,13.0,0.0006034545505452,8,8,0,1
4,6,Laila Ali,28.0,0.3566819414365427,1,1,0,0
4,6,Apolo Anton Ohno,28.0,0.340468559175611,2,2,0,0
4,6,Joey Fatone,27.0,0.1829864866692821,3,3,0,0
4,6,Ian Ziering,24.0,0.032040013831197,4,4,0,0
4,6,Billy Ray Cyrus,21.0,0.0375496327728051,6,5,1,0
4,6,John Ratzenberger,19.0,0.0471703946464767,5,6,-1,0
4,6,Heather Mills,23.0,0.003102971468085,7,7,0,1
4,7,Laila Ali,29.5,0.3723197895577919,1,1,0,0
4,7,Joey Fatone,29.5,0.3676703884283613,2,2,0,0
4,7,Apolo Anton Ohno,27.0,0.0992005267438969,3,3,0,0
4,7,Ian Ziering,27.0,0.0991227103781501,4,4,0,0
4,7,Billy Ray Cyrus,19.0,0.0582916979555374,5,5,0,0
4,7,John Ratzenberger,22.5,0.0033948869362626,6,6,0,1
4,8,Apolo Anton Ohno,29.0,0.5813249533101004,1,1,0,0
4,8,Joey Fatone,27.5,0.2495313267349926,2,2,0,0
4,8,Laila Ali,26.5,0.1415611514986851,3,3,0,0
4,8,Ian Ziering,23.5,0.0264384187430412,4,4,0,0
4,8,Billy Ray Cyrus,19.0,0.0011441497131826,5,5,0,1
4,9,Laila Ali,30.0,0.477155052420497,1,1,0,0
4,9,Joey Fatone,30.0,0.4769028263389104,2,2,0,0
4,9,Apolo Anton Ohno,29.5,0.0446099568058717,3,3,0,0
4,9,Ian Ziering,29.0,0.00133216443472,4,4,0,1
5,1,Sabrina Bryan,26.0,0.4699895042016743,1,1,0,0
5,1,Helio Castroneves,25.0,0.2312675969322202,2,2,0,0
5,1,Jane Seymour,24.0,0.1134178426116768,3,3,0,0
5,1,Mel B,24.0,0.1131521491162496,4,4,0,0
5,1,Marie Osmond,21.0,0.0135108519781271,5,5,0,0
5,1,Cameron Mathison,21.0,0.0134648188932801,6,6,0,0
5,1,Jennie Garth,21.0,0.0134491708035621,7,7,0,0
5,1,Albert Reed,21.0,0.0134046636343087,8,8,0,0
5,1,Mark Cuban,21.0,0.013333041058845,9,9,0,0
5,1,Wayne Newton,19.0,0.0032325626310744,10,10,0,0
5,1,Floyd Mayweather Jr.,18.0,0.0016296488909553,11,11,0,0
5,1,Josie Maran,16.0,0.0001481492480236,12,12,0,1
5,2,Helio Castroneves,27.0,0.514334673159298,1,1,0,0
5,2,Sabrina Bryan,26.0,0.2755891093896571,2,2,0,0
5,2,Marie Osmond,24.0,0.079205818890938,3,3,0,0
5,2,Mel B,23.0,0.0447308725369525,4,4,0,0
5,2,Jane Seymour,21.0,0.0145073871518105,5,5,0,0
5,2,Floyd Mayweather Jr.,21.0,0.0143630505985465,6,6,0,0
5,2,Cameron Mathison,21.0,0.0142919523269512,7,7,0,0
5,2,Jennie Garth,21.0,0.0141046575384437,8,8,0,0
5,2,Mark Cuban,18.0,0.0255334494659613,9,9,0,0
5,2,Albert Reed,21.0,0.0014209451999494,10,10,0,1
5,2,Wayne Newton,15.0,0.0019180837414912,11,11,0,0
5,3,Sabrina Bryan,27.0,0.2329585533611315,1,1,0,0
5,3,Jane Seymour,27.0,0.2322800984465459,2,2,0,0
5,3,Mel B,27.0,0.2322786353340411,3,3,0,0
5,3,Marie Osmond,26.0,0.1217661469331564,4,4,0,0
5,3,Jennie Garth,26.0,0.1217520085887994,5,5,0,0
5,3,Helio Castroneves,24.0,0.033653162051005,6,6,0,0
5,3,Cameron Mathison,23.0,0.0176426782730265,7,7,0,0
5,3,Floyd Mayweather Jr.,21.0,0.0049328496706376,8,8,0,0
5,3,Mark Cuban,20.0,0.002556243008748,9,9,0,0
5,3,Wayne Newton,18.0,0.0001796243329078,10,10,0,1
5,4,Sabrina Bryan,30.0,0.7692559381782168,1,1,0,0
5,4,Cameron Mathison,27.0,0.0507495418082048,2,2,0,0
5,4,Helio Castroneves,27.0,0.0506334522151428,3,3,0,0
5,4,Jennie Garth,27.0,0.0506327593215103,4,4,0,0
5,4,Marie Osmond,26.0,0.0224537850810227,5,5,0,0
5,4,Mel B,26.0,0.0207225458993277,6,6,0,0
5,4,Jane Seymour,26.0,0.0202687513650036,7,7,0,0
5,4,Mark Cuban,22.0,0.0149362612351814,8,8,0,0
5,4,Floyd Mayweather Jr.,23.0,0.00034696489639,9,9,0,1
5,5,Mel B,29.0,0.5544421805788904,1,1,0,0
5,5,Sabrina Bryan,28.0,0.2723122319961502,2,2,0,0
5,5,Cameron Mathison,26.0,0.0651226867777339,3,3,0,0
5,5,Jane Seymour,26.0,0.0648766112828492,4,4,0,0
5,5,Jennie Garth,25.0,0.032109525610538,5,5,0,0
5,5,Helio Castroneves,23.0,0.0076162328101258,6,6,0,0
5,5,Marie Osmond,21.0,0.0034108125093949,7,7,0,0
5,5,Mark Cuban,21.0,0.0001097184343167,8,8,0,1
5,6,Mel B,30.0,0.7142996043035974,1,1,0,0
5,6,Helio Castroneves,28.0,0.1551061190632564,2,2,0,0
5,6,Jennie Garth,27.0,0.0704620547619274,3,3,0,0
5,6,Cameron Mathison,25.0,0.0224872129738281,4,4,0,0
5,6,Marie Osmond,23.0,0.0246935238506025,5,5,0,0
5,6,Sabrina Bryan,25.0,0.0036331715419047,6,6,0,1
5,6,Jane Seymour,22.0,0.0093183135048832,7,7,0,0
5,7,Mel B,27.0,0.7617229945387916,1,1,0,0
5,7,Jennie Garth,26.5,0.1617467160613482,2,2,0,0
5,7,Marie Osmond,26.0,0.0344939536747599,3,3,0,0
5,7,Helio Castroneves,26.0,0.0342354982264481,4,4,0,0
5,7,Cameron Mathison,25.5,0.0075199855800381,5,5,0,0
5,7,Jane Seymour,25.0,0.0002808519186123,6,6,0,1
5,8,Helio Castroneves,28.5,0.6079349754446947,1,1,0,0
5,8,Mel B,28.0,0.3289573390981057,2,2,0,0
5,8,Marie Osmond,24.5,0.0326629250769757,3,3,0,0
5,8,Jennie Garth,25.0,0.0278139344909525,4,4,0,0
5,8,Cameron Mathison,25.5,0.0026308258892711,5,5,0,1
5,9,Mel B,30.0,0.4678940425446792,1,1,0,0
5,9,Helio Castroneves,30.0,0.4589288935023309,2,2,0,0
5,9,Marie Osmond,28.0,0.060171748709511,3,3,0,0
5,9,Jennie Garth,29.0,0.0130053152434784,4,4,0,1
6,2,Jason Taylor,27.0,0.3103821549375531,1,1,0,0
6,2,Kristi Yamaguchi,27.0,0.309669853778,2,2,0,0
6,2,Mario,26.0,0.1890160934265674,3,3,0,0
6,2,Marlee Matlin,24.0,0.0700960138211218,4,4,0,0
6,2,Shannon Elizabeth,24.0,0.0700939945734794,5,5,0,0
6,2,Marissa Jaret Winokur,21.0,0.0157976861714919,6,6,0,0
6,2,Priscilla Presley,21.0,0.0157360888823251,7,7,0,0
6,2,Cristian de la Fuente,20.0,0.0096512076257758,8,8,0,0
6,2,Adam Carolla,19.0,0.0058474551911596,9,9,0,0
6,2,Penn Jillette,17.0,0.002141501392926,10,10,0,1
6,2,Steve Guttenberg,16.0,0.0013691026862094,11,11,0,0
6,2,Monica Seles,15.0,0.0001988475133922,12,12,0,1
6,3,Kristi Yamaguchi,27.0,0.5417622348194817,1,1,0,0
6,3,Priscilla Presley,26.0,0.2442497138329168,2,2,0,0
6,3,Cristian de la Fuente,25.0,0.1074848180372421,3,3,0,0
6,3,Shannon Elizabeth,24.0,0.048750632051035,4,4,0,0
6,3,Jason Taylor,23.0,0.0211267868930398,5,5,0,0
6,3,Marissa Jaret Winokur,19.0,0.0197974893692448,9,6,3,0
6,3,Adam Carolla,21.0,0.0057199277783332,6,7,-1,0
6,3,Mario,21.0,0.0056024958987872,7,8,-1,0
6,3,Marlee Matlin,21.0,0.0053945347838063,8,9,-1,0
6,3,Steve Guttenberg,21.0,0.0001113665361124,10,10,0,1
6,4,Kristi Yamaguchi,29.0,0.3545112197796538,1,1,0,0
6,4,Jason Taylor,29.0,0.3543425043332822,2,2,0,0
6,4,Shannon Elizabeth,28.0,0.1883848837909566,3,3,0,0
6,4,Cristian de la Fuente,26.0,0.0531133114789691,4,4,0,0
6,4,Mario,24.0,0.0151388863332669,5,5,0,0
6,4,Marissa Jaret Winokur,24.0,0.01500232163963,6,6,0,0
6,4,Marlee Matlin,24.0,0.0149174899668527,7,7,0,0
6,4,Priscilla Presley,22.0,0.0043166677362806,8,8,0,0
6,4,Adam Carolla,19.0,0.0002727149411069,9,9,0,1
6,5,Kristi Yamaguchi,29.0,0.6710755933427324,1,1,0,0
6,5,Mario,27.0,0.1478907937426417,2,2,0,0
6,5,Jason Taylor,27.0,0.1472114409529226,3,3,0,0
6,5,Marissa Jaret Winokur,24.0,0.0154036864466656,4,4,0,0
6,5,Shannon Elizabeth,23.0,0.0073102551026663,5,5,0,0
6,5,Cristian de la Fuente,23.0,0.0072175289754303,6,6,0,0
6,5,Marlee Matlin,22.0,0.0034967563714835,7,7,0,0
6,5,Priscilla Presley,21.0,0.0003939450654655,8,8,0,1
6,6,Kristi Yamaguchi,30.0,0.6980861264346483,1,1,0,0
6,6,Mario,28.0,0.1645308159699733,2,2,0,0
6,6,Cristian de la Fuente,27.0,0.0800945998721645,3,3,0,0
6,6,Marissa Jaret Winokur,26.0,0.0385335773496276,4,4,0,0
6,6,Jason Taylor,24.0,0.0092837059542616,5,5,0,0
6,6,Shannon Elizabeth,24.0,0.009010394358081,6,6,0,0
6,6,Marlee Matlin,21.0,0.00046078006124,7,7,0,1
6,7,Jason Taylor,27.5,0.5597860338782779,1,1,0,0
6,7,Kristi Yamaguchi,27.0,0.2688450145086337,2,2,0,0
6,7,Marissa Jaret Winokur,26.0,0.0694926461097901,3,3,0,0
6,7,Mario,25.5,0.0441560229464527,4,4,0,0
6,7,Cristian de la Fuente,23.0,0.0512467647909571,5,5,0,0
6,7,Shannon Elizabeth,25.5,0.0064735177658884,6,6,0,1
6,8,Cristian de la Fuente,28.5,0.7759076097903117,1,1,0,0
6,8,Kristi Yamaguchi,27.5,0.143965526433523,2,2,0,0
6,8,Jason Taylor,26.0,0.0339519274837821,4,3,1,0
6,8,Marissa Jaret Winokur,25.0,0.0399656238582103,3,4,-1,0
6,8,Mario,26.5,0.0062093124341734,5,5,0,1
6,9,Kristi Yamaguchi,28.5,0.6824211630870899,1,1,0,0
6,9,Cristian de la Fuente,28.0,0.2346944652884942,2,2,0,0
6,9,Jason Taylor,27.5,0.0810455200180083,3,3,0,0
6,9,Marissa Jaret Winokur,26.0,0.0018388516064053,4,4,0,1
7,1,Brooke Burke,24.5,0.5461985847721056,1,1,0,0
7,1,Toni Braxton,22.5,0.1466856362928723,2,2,0,0
7,1,Warren Sapp,21.5,0.0764625762656376,3,3,0,0
7,1,Lance Bass,21.5,0.0761614181637457,4,4,0,0
7,1,Misty May-Treanor,21.0,0.0547700516597926,5,5,0,0
7,1,Cody Linley,20.5,0.0394929212635453,6,6,0,0
7,1,Maurice Greene,19.5,0.0204909758296305,7,7,0,0
7,1,Ted McGinley,18.5,0.0106696547682816,8,8,0,1
7,1,Susan Lucci,18.5,0.0106586226326733,9,9,0,0
7,1,Kim Kardashian,18.5,0.0106341864698456,10,10,0,0
7,1,Rocco DiSpirito,17.5,0.005551639029865,11,11,0,0
7,1,Cloris Leachman,16.0,0.0021316360301617,12,12,0,0
7,1,Jeffrey Ross,12.0,9.209682184137308e-05,13,13,0,1
7,2,Brooke Burke,24.0,0.3235599314056186,1,1,0,0
7,2,Warren Sapp,24.0,0.308325986061656,2,2,0,0
7,2,Toni Braxton,23.0,0.1694539917097455,3,3,0,0
7,2,Susan Lucci,21.0,0.0448542227946762,4,4,0,0
7,2,Misty May-Treanor,21.0,0.041339263582752,5,5,0,1
7,2,Cody Linley,21.0,0.0398523596426296,6,6,0,0
7,2,Lance Bass,20.0,0.0223608796372128,7,7,0,0
7,2,Maurice Greene,19.0,0.0094038395271545,9,8,1,0
7,2,Cloris Leachman,15.0,0.0227090869042497,8,9,-1,0
7,2,Rocco DiSpirito,16.0,0.0177911985255006,10,10,0,0
7,2,Kim Kardashian,17.0,0.000349240208804,11,11,0,1
7,4,Brooke Burke,26.0,0.4157072278543917,1,1,0,0
7,4,Lance Bass,26.0,0.415539330676032,2,2,0,0
7,4,Susan Lucci,24.0,0.0811112949035244,3,3,0,0
7,4,Cody Linley,23.0,0.0363517395164666,4,4,0,0
7,4,Cloris Leachman,22.0,0.0160435561623431,5,5,0,0
7,4,Toni Braxton,22.0,0.0160279878984823,6,6,0,0
7,4,Warren Sapp,22.0,0.0158866866892408,7,7,0,0
7,4,Maurice Greene,20.0,0.0031159019587163,8,8,0,0
7,4,Rocco DiSpirito,18.0,0.0002162743407965,9,9,0,1
7,5,Brooke Burke,29.0,0.505279324783002,1,1,0,0
7,5,Cody Linley,28.0,0.2689702514037211,2,2,0,0
7,5,Maurice Greene,27.0,0.1435411488375137,3,3,0,0
7,5,Warren Sapp,25.0,0.0361516621130755,4,4,0,0
7,5,Lance Bass,21.0,0.018957920367165,5,5,0,0
7,5,Cloris Leachman,21.0,0.018092344378571,7,6,1,0
7,5,Susan Lucci,22.0,0.0086176362059724,6,7,-1,0
7,5,Toni Braxton,22.0,0.0003897119109783,8,8,0,1
7,6,Lance Bass,27.0,0.4543904086714259,1,1,0,0
7,6,Brooke Burke,26.0,0.266509617724374,2,2,0,0
7,6,Warren Sapp,25.0,0.1553449146166197,3,3,0,0
7,6,Susan Lucci,23.0,0.0528472651456167,4,4,0,0
7,6,Cody Linley,23.0,0.0525990143931006,5,5,0,0
7,6,Maurice Greene,21.0,0.0178817857967185,6,6,0,0
7,6,Cloris Leachman,15.0,0.0004269936521412,7,7,0,1
7,7,Brooke Burke,30.0,0.903447816874733,1,1,0,0
7,7,Lance Bass,25.0,0.0285366611650941,2,2,0,0
7,7,Maurice Greene,25.0,0.0279658766199339,3,3,0,0
7,7,Cody Linley,22.0,0.0255868795915705,4,4,0,0
7,7,Susan Lucci,24.0,0.0044814112224953,5,5,0,1
7,7,Warren Sapp,21.0,0.0099813545261739,6,6,0,0
7,8,Brooke Burke,27.5,0.6404453775184138,1,1,0,0
7,8,Warren Sapp,27.0,0.3269669626747959,2,2,0,0
7,8,Lance Bass,25.0,0.0219142243140169,3,3,0,0
7,8,Cody Linley,24.0,0.0100594913033796,4,4,0,0
7,8,Maurice Greene,24.0,0.0006139441893933,5,5,0,1
7,9,Lance Bass,28.5,0.959450808113222,1,1,0,0
7,9,Warren Sapp,24.5,0.019371641004171,2,2,0,0
7,9,Brooke Burke,24.5,0.0193467608859817,3,3,0,0
7,9,Cody Linley,23.0,0.0018307899966375,4,4,0,1
8,2,Gilles Marini,27.0,0.4913132171229217,1,1,0,0
8,2,Melissa Rycroft,26.0,0.2830045381617117,2,2,0,0
8,2,Shawn Johnson,24.0,0.0921508380191397,3,3,0,0
8,2,Lil' Kim,23.0,0.0540677256302468,4,4,0,0
8,2,Denise Richards,21.0,0.0171157476965787,5,5,0,0
8,2,Chuck Wicks,20.0,0.0112865699672822,6,6,0,0
8,2,Lawrence Taylor,20.0,0.0108491052419607,7,7,0,0
8,2,Ty Murray,20.0,0.0097502100190512,8,8,0,0
8,2,David Alan Grier,17.0,0.0118839458630537,9,9,0,0
8,2,Steve Wozniak,17.0,0.0108854434547998,10,10,0,0
8,2,Holly Madison,18.0,0.0055726755926923,11,11,0,0
8,2,Belinda Carlisle,18.0,0.0003934022021392,12,12,0,1
8,2,Steve-O,14.0,0.0017265810284213,13,13,0,0
8,3,Melissa Rycroft,27.0,0.2284002757068351,1,1,0,0
8,3,Gilles Marini,27.0,0.226672718357721,2,2,0,0
8,3,Shawn Johnson,27.0,0.2256494458199618,3,3,0,0
8,3,Lil' Kim,25.0,0.1055082083364766,4,4,0,0
8,3,David Alan Grier,24.0,0.07363787440068,5,5,0,0
8,3,Ty Murray,23.0,0.0504266873669126,6,6,0,0
8,3,Chuck Wicks,23.0,0.0494608183654879,7,7,0,0
8,3,Lawrence Taylor,20.0,0.0161264203805985,8,8,0,0
8,3,Steve-O,15.0,0.0165634430287764,9,9,0,0
8,3,Holly Madison,17.0,0.0055082519089515,10,10,0,0
8,3,Denise Richards,16.0,0.0005531157027404,11,11,0,1
8,3,Steve Wozniak,10.0,0.0014927406248566,12,12,0,0
8,4,Gilles Marini,30.0,0.394401773722678,1,1,0,0
8,4,Melissa Rycroft,29.0,0.2763823033541299,2,2,0,0
8,4,Lil' Kim,27.0,0.1363537777436602,3,3,0,0
8,4,Ty Murray,25.0,0.067031822285694,4,4,0,0
8,4,Shawn Johnson,25.0,0.0668947267263354,5,5,0,0
8,4,Chuck Wicks,22.0,0.0230527222661412,6,6,0,0
8,4,David Alan Grier,22.0,0.0230098652185732,7,7,0,0
8,4,Lawrence Taylor,19.0,0.0078975020122558,8,8,0,0
8,4,Holly Madison,16.0,0.0026782219470649,9,9,0,1
8,4,Steve-O,15.0,0.0019833646877036,10,10,0,0
8,4,Steve Wozniak,12.0,0.0003139200357622,11,11,0,1
8,5,Gilles Marini,29.0,0.6654873839041741,1,1,0,0
8,5,Lil' Kim,26.0,0.1068964136770964,2,2,0,0
8,5,Shawn Johnson,26.0,0.1068694451593307,3,3,0,0
8,5,Melissa Rycroft,25.0,0.0579470715322962,4,4,0,0
8,5,Chuck Wicks,23.0,0.0157860307270236,5,5,0,0
8,5,Ty Murray,21.0,0.0183539471318423,7,6,1,0
8,5,Lawrence Taylor,20.0,0.0219989055591285,6,7,-1,0
8,5,David Alan Grier,22.0,0.0016020578436386,8,8,0,1
8,5,Steve-O,18.0,0.0050587444654689,9,9,0,0
8,6,Lil' Kim,28.0,0.3985671553563242,1,1,0,0
8,6,Melissa Rycroft,27.0,0.2437471505182062,2,2,0,0
8,6,Gilles Marini,26.0,0.1497243207756247,3,3,0,0
8,6,Shawn Johnson,26.0,0.1492001642034187,4,4,0,0
8,6,Chuck Wicks,23.0,0.0344793455958658,5,5,0,0
8,6,Lawrence Taylor,22.0,0.0209984164331539,6,6,0,0
8,6,Ty Murray,18.0,0.0029892140682137,7,7,0,0
8,6,Steve-O,16.0,0.0002942330491971,8,8,0,1
8,7,Melissa Rycroft,29.0,0.5082274220283611,1,1,0,0
8,7,Shawn Johnson,28.0,0.2293317810025073,2,2,0,0
8,7,Chuck Wicks,27.0,0.1032079319655487,3,3,0,0
8,7,Gilles Marini,27.0,0.1027400468272961,4,4,0,0
8,7,Lil' Kim,26.0,0.0467550378918083,5,5,0,0
8,7,Ty Murray,24.0,0.0094174834917313,6,6,0,0
8,7,Lawrence Taylor,21.0,0.000320296792745,7,7,0,1
8,8,Lil' Kim,28.0,0.5571794970507665,1,1,0,0
8,8,Gilles Marini,27.5,0.2933830038406228,2,2,0,0
8,8,Ty Murray,26.0,0.0511572685842161,3,3,0,0
8,8,Shawn Johnson,26.0,0.0490661616432874,4,4,0,0
8,8,Melissa Rycroft,23.0,0.0445635337876744,5,5,0,0
8,8,Chuck Wicks,25.5,0.0046505350934325,6,6,0,1
8,9,Melissa Rycroft,28.5,0.4112965019314126,1,1,0,0
8,9,Shawn Johnson,28.0,0.2520680958664634,2,2,0,0
8,9,Gilles Marini,28.0,0.2500404301493395,3,3,0,0
8,9,Ty Murray,23.0,0.0748463930731046,4,4,0,0
8,9,Lil' Kim,26.0,0.0117485789796793,5,5,0,1
8,10,Gilles Marini,30.0,0.794698195811399,1,1,0,0
8,10,Shawn Johnson,28.0,0.124413311428518,2,2,0,0
8,10,Melissa Rycroft,27.5,0.078954311192594,3,3,0,0
8,10,Ty Murray,24.0,0.0019341815674906,4,4,0,1
9,1,Joanna Krupa,33.9999,0.3802815110243361,1,1,0,0
9,1,Aaron Carter,31.999899999999997,0.1746914503832184,2,2,0,0
9,1,Kelly Osbourne,30.9998,0.1190320912508243,3,3,0,0
9,1,Mya,30.999899999999997,0.1188670239438924,4,4,0,0
9,1,Donny Osmond,29.999899999999997,0.0805688426557938,5,5,0,0
9,1,Mark Dacascos,28.9998,0.054612560740928,6,6,0,0
9,1,Natalie Coughlin,26.9998,0.0251992434408887,7,7,0,0
9,1,Louie Vito,26.9998,0.0251675797403033,8,8,0,0
9,1,Melissa Joan Hart,24.0,0.0079128545861863,9,9,0,0
9,1,Debi Mazar,22.0,0.0035962807727061,10,10,0,0
9,1,Chuck Liddell,22.0,0.0035875110878025,11,11,0,0
9,1,Kathy Ireland,19.9999,0.0016995788482086,12,12,0,0
9,1,Tom DeLay,19.9999,0.0016995643303983,13,13,0,0
9,1,Michael Irvin,19.0,0.0013998477412662,14,14,0,0
9,1,Macy Gray,18.9999,0.0008464971186041,15,15,0,1
9,1,Ashley Hamiliton,18.9999,0.000837562334642,16,16,0,1
9,2,Aaron Carter,27.0,0.4248831250201611,1,1,0,0
9,2,Mya,27.0,0.4241012747381637,2,2,0,0
9,2,Donny Osmond,25.0,0.1110398940033963,3,3,0,0
9,2,Natalie Coughlin,21.0,0.0075551913443257,4,4,0,0
9,2,Mark Dacascos,21.0,0.0075119178584252,5,5,0,0
9,2,Debi Mazar,21.0,0.0074921565437655,6,6,0,0
9,2,Joanna Krupa,20.0,0.0038289247005673,7,7,0,0
9,2,Michael Irvin,20.0,0.0037722331393593,8,8,0,0
9,2,Louie Vito,19.0,0.0019892473606157,9,9,0,0
9,2,Kelly Osbourne,19.0,0.001987172812491,10,10,0,0
9,2,Chuck Liddell,19.0,0.0019831252046709,11,11,0,0
9,2,Melissa Joan Hart,19.0,0.0019503638764838,12,12,0,0
9,2,Tom DeLay,18.0,0.0017950331838134,13,13,0,0
9,2,Kathy Ireland,18.0,0.0001103402137585,14,14,0,1
9,3,Mya,27.0,0.5333364987598487,1,1,0,0
9,3,Natalie Coughlin,26.0,0.3104702369663076,2,2,0,0
9,3,Joanna Krupa,23.0,0.0622744329885224,3,3,0,0
9,3,Donny Osmond,21.0,0.0212391602430709,4,4,0,0
9,3,Aaron Carter,21.0,0.0207726868866221,5,5,0,0
9,3,Kelly Osbourne,20.0,0.0125701691071729,6,6,0,0
9,3,Louie Vito,20.0,0.0122957018899052,7,7,0,0
9,3,Melissa Joan Hart,19.0,0.0069739954843327,8,8,0,0
9,3,Mark Dacascos,18.0,0.0039923915771138,9,9,0,0
9,3,Chuck Liddell,17.0,0.0026059799520435,11,10,1,0
9,3,Debi Mazar,17.0,0.00227254901793,12,11,1,1
9,3,Michael Irvin,14.0,0.0108863460201449,10,12,-2,0
9,3,Tom DeLay,15.0,0.0003098511069852,13,13,0,1
9,4,Melissa Joan Hart,28.0,0.3351380592929269,1,1,0,0
9,4,Mya,28.0,0.3268131729611813,2,2,0,0
9,4,Joanna Krupa,26.0,0.1388832681850261,3,3,0,0
9,4,Natalie Coughlin,24.0,0.0558718232317725,4,4,0,0
9,4,Donny Osmond,24.0,0.0519583347198254,5,5,0,0
9,4,Kelly Osbourne,23.0,0.0352303679680878,6,6,0,0
9,4,Mark Dacascos,22.0,0.0224360240714414,7,7,0,0
9,4,Louie Vito,16.0,0.0155213795820585,8,8,0,0
9,4,Michael Irvin,16.0,0.0148637082750328,10,9,1,0
9,4,Aaron Carter,18.0,0.0031313207249206,9,10,-1,0
9,4,Chuck Liddell,17.0,0.0001525409877262,11,11,0,1
9,5,Donny Osmond,29.0,0.7509440493344438,1,1,0,0
9,5,Mya,27.0,0.1388735611633107,2,2,0,0
9,5,Mark Dacascos,26.0,0.0595791585458275,3,3,0,0
9,5,Joanna Krupa,24.0,0.0107475838615956,4,4,0,0
9,5,Kelly Osbourne,24.0,0.0106691560755713,5,5,0,0
9,5,Aaron Carter,24.0,0.0100726454178439,6,6,0,0
9,5,Melissa Joan Hart,23.0,0.0045508742077793,8,7,1,0
9,5,Michael Irvin,21.0,0.0113424472604239,7,8,-1,0
9,5,Louie Vito,22.0,0.0030749414958853,9,9,0,0
9,5,Natalie Coughlin,22.0,0.0001455826373173,10,10,0,1
9,6,Joanna Krupa,35.9999,0.5108526371418758,1,1,0,0
9,6,Aaron Carter,32.9998,0.1471496313339918,2,2,0,0
9,6,Mya,33.0,0.1468528166429951,3,3,0,0
9,6,Mark Dacascos,32.0,0.0981630876514969,4,4,0,0
9,6,Donny Osmond,30.999899999999997,0.0630771138747907,5,5,0,0
9,6,Michael Irvin,21.9998,0.0224806899824277,7,6,1,0
9,6,Kelly Osbourne,24.9998,0.0056029250800555,6,7,-1,0
9,6,Melissa Joan Hart,23.9999,0.0029823593993732,8,8,0,1
9,6,Louie Vito,24.0,0.002838738892994,9,9,0,1
9,7,Joanna Krupa,27.5,0.5496330811769758,1,1,0,0
9,7,Aaron Carter,26.5,0.1916479801998799,2,2,0,0
9,7,Donny Osmond,26.0,0.1132176696038303,3,3,0,0
9,7,Kelly Osbourne,26.0,0.1131890750719581,4,4,0,0
9,7,Mya,24.5,0.0232573460254028,5,5,0,0
9,7,Michael Irvin,23.5,0.0081555965755841,6,6,0,1
9,7,Mark Dacascos,21.5,0.0008992513463679,7,7,0,1
9,8,Mya,29.5,0.9674884818575216,1,1,0,0
9,8,Joanna Krupa,26.0,0.0154794341196295,2,2,0,0
9,8,Kelly Osbourne,25.5,0.0087775479863421,3,3,0,0
9,8,Donny Osmond,25.0,0.0075915332583278,4,4,0,0
9,8,Aaron Carter,25.0,0.0006630027781781,5,5,0,1
9,9,Mya,28.9999,0.8473873454425808,1,1,0,0
9,9,Donny Osmond,24.666600000000003,0.0751883262046459,2,2,0,0
9,9,Kelly Osbourne,25.9998,0.0592020692327934,3,3,0,0
9,9,Joanna Krupa,27.0,0.0182222591199797,4,4,0,1
10,2,Nicole Scherzinger,28.0,0.1824108454619784,1,1,0,0
10,2,Evan Lysacek,24.0,0.1131908281353538,2,2,0,0
10,2,Erin Andrews,23.0,0.1038388774687938,3,3,0,0
10,2,Pamela Anderson,22.0,0.0923484912148334,4,4,0,0
10,2,Niecy Nash,21.0,0.0836980574790537,5,5,0,0
10,2,Jake Pavelka,20.0,0.0767059680851118,7,6,1,0
10,2,Aiden Turner,19.0,0.0749037898902801,11,7,4,0
10,2,Chad Ochocinco,16.0,0.0836483585293774,9,8,1,0
10,2,Kate Gosselin,15.0,0.0839332067252045,8,9,-1,0
10,2,Buzz Aldrin,12.0,0.0975052916528005,6,10,-4,0
10,2,Shannen Doherty,20.0,0.0078162853572123,10,11,-1,1
10,3,Evan Lysacek,26.0,0.6097374600760269,1,1,0,0
10,3,Erin Andrews,23.0,0.1153536583163054,2,2,0,0
10,3,Nicole Scherzinger,23.0,0.1152803822473649,3,3,0,0
10,3,Niecy Nash,21.0,0.0381569434564407,4,4,0,0
10,3,Pamela Anderson,21.0,0.0381351072386305,5,5,0,0
10,3,Jake Pavelka,21.0,0.0379276623941696,6,6,0,0
10,3,Chad Ochocinco,20.0,0.0220312253622751,7,7,0,0
10,3,Aiden Turner,20.0,0.0218414308441198,8,8,0,0
10,3,Kate Gosselin,15.0,0.0013766969524404,9,9,0,0
10,3,Buzz Aldrin,13.0,0.0001594331122261,10,10,0,1
10,4,Evan Lysacek,26.0,0.5088146315783676,1,1,0,0
10,4,Nicole Scherzinger,25.0,0.2834255838947506,2,2,0,0
10,4,Pamela Anderson,23.5,0.118580573972841,3,3,0,0
10,4,Chad Ochocinco,22.0,0.0494828655773683,4,4,0,0
10,4,Erin Andrews,19.5,0.0116056234793501,5,5,0,0
10,4,Jake Pavelka,19.0,0.0089964488387752,6,6,0,0
10,4,Niecy Nash,18.0,0.0051664276487011,8,7,1,0
10,4,Kate Gosselin,16.0,0.0135239014565903,7,8,-1,0
10,4,Aiden Turner,16.5,0.0004039435532539,9,9,0,1
10,5,Nicole Scherzinger,29.0,0.6437992463218637,1,1,0,0
10,5,Evan Lysacek,27.0,0.2601325071579145,2,2,0,0
10,5,Jake Pavelka,23.0,0.0424801901841467,3,3,0,0
10,5,Erin Andrews,22.0,0.0270488820604886,4,4,0,0
10,5,Pamela Anderson,21.0,0.0172097898427185,5,5,0,0
10,5,Niecy Nash,18.0,0.0044011230746575,6,6,0,0
10,5,Chad Ochocinco,18.0,0.0043185714650788,7,7,0,0
10,5,Kate Gosselin,15.0,0.0006096898931283,8,8,0,1
10,6,Nicole Scherzinger,35.9999,0.6732518778954937,1,1,0,0
10,6,Erin Andrews,34.0,0.2376956333966447,2,2,0,0
10,6,Chad Ochocinco,30.999899999999997,0.049244755221472,3,3,0,0
10,6,Pamela Anderson,29.9998,0.0295273616427042,4,4,0,0
10,6,Evan Lysacek,27.0,0.0060962873875197,5,5,0,0
10,6,Niecy Nash,25.9998,0.0037529439438025,6,6,0,0
10,6,Jake Pavelka,24.999899999999997,0.000431140512371,7,7,0,1
10,7,Nicole Scherzinger,27.0,0.4546990801362912,1,1,0,0
10,7,Evan Lysacek,27.0,0.4439703371715295,2,2,0,0
10,7,Chad Ochocinco,26.0,0.0489045955507985,3,3,0,0
10,7,Erin Andrews,25.5,0.0219097366529801,4,4,0,0
10,7,Niecy Nash,24.5,0.0283152277956143,5,5,0,0
10,7,Pamela Anderson,25.5,0.0022010226927856,6,6,0,1
10,8,Nicole Scherzinger,29.5,0.7894061321122572,1,1,0,0
10,8,Erin Andrews,26.5,0.1016280011334815,2,2,0,0
10,8,Evan Lysacek,26.5,0.1011422975721065,3,3,0,0
10,8,Chad Ochocinco,22.5,0.0070279087130493,4,4,0,0
10,8,Niecy Nash,21.5,0.0007956604691158,5,5,0,1
10,9,Evan Lysacek,29.5,0.4691687390405157,1,1,0,0
10,9,Nicole Scherzinger,29.5,0.4690243549071048,2,2,0,0
10,9,Erin Andrews,28.0,0.0599978300093216,3,3,0,0
10,9,Chad Ochocinco,26.0,0.0018090760430522,4,4,0,1
11,1,Jennifer Grey,24.0,0.3965911427425915,1,1,0,0
11,1,Brandy,23.0,0.213535212653565,2,2,0,0
11,1,Kyle Massey,23.0,0.2130912584698693,3,3,0,0
11,1,Rick Fox,22.0,0.1147848311360439,4,4,0,0
11,1,Audrina Patridge,19.0,0.0177839403915548,5,5,0,0
11,1,Kurt Warner,19.0,0.0177752734794541,6,6,0,0
11,1,Florence Henderson,18.0,0.0096541926120768,7,7,0,0
11,1,Bristol Palin,18.0,0.009608450393821,8,8,0,0
11,1,Michael Bolton,16.0,0.0027188684697901,9,9,0,0
11,1,Margaret Cho,15.0,0.0022941751337242,10,10,0,0
11,1,The Situation,15.0,0.0021364108495466,11,11,0,0
11,1,David Hasselhoff,15.0,2.624366796011729e-05,12,12,0,1
11,2,Jennifer Grey,24.0,0.3811903057796462,1,1,0,0
11,2,Audrina Patridge,23.0,0.2025416025320048,2,2,0,0
11,2,Bristol Palin,22.0,0.107035223200306,3,3,0,0
11,2,Kyle Massey,22.0,0.10688304331235,4,4,0,0
11,2,Rick Fox,21.0,0.0567622118622696,5,5,0,0
11,2,Brandy,21.0,0.0565520593645811,6,6,0,0
11,2,Kurt Warner,21.0,0.056410504855711,7,7,0,0
11,2,Florence Henderson,19.0,0.0157491880035236,8,8,0,0
11,2,Margaret Cho,18.0,0.0084218412770789,9,9,0,0
11,2,The Situation,18.0,0.0083410133174579,10,10,0,0
11,2,Michael Bolton,12.0,0.0001130064950732,11,11,0,1
11,3,Audrina Patridge,26.0,0.5517380261590732,1,1,0,0
11,3,Rick Fox,24.0,0.11220462161649,2,2,0,0
11,3,Jennifer Grey,24.0,0.1119236202649815,3,3,0,0
11,3,Brandy,24.0,0.1118169265300356,4,4,0,0
11,3,Kyle Massey,23.0,0.0505322011207523,5,5,0,0
11,3,Kurt Warner,23.0,0.0502548032797207,6,6,0,0
11,3,Florence Henderson,20.0,0.004668847417695,7,7,0,0
11,3,The Situation,20.0,0.0046549077615183,8,8,0,0
11,3,Bristol Palin,19.0,0.0020253869010787,9,9,0,0
11,3,Margaret Cho,18.0,0.0001806589486564,10,10,0,1
11,4,Jennifer Grey,28.0,0.7743014098809641,1,1,0,0
11,4,Brandy,24.0,0.1135300114505546,2,2,0,0
11,4,Audrina Patridge,23.0,0.0704920778118169,3,3,0,0
11,4,Kyle Massey,20.0,0.0166374062460196,4,4,0,0
11,4,Rick Fox,19.5,0.0131202016535096,5,5,0,0
11,4,Florence Henderson,17.5,0.0049800597476285,6,6,0,0
11,4,Kurt Warner,17.0,0.0039793953085234,7,7,0,0
11,4,Bristol Palin,16.0,0.0024544205127916,8,8,0,0
11,4,The Situation,14.0,0.0005050173881974,9,9,0,1
11,5,Brandy,27.0,0.6187973853450691,1,1,0,0
11,5,Jennifer Grey,25.0,0.1446627730817571,2,2,0,0
11,5,Kurt Warner,24.0,0.0720000062568125,3,3,0,0
11,5,Rick Fox,24.0,0.0705539095449244,4,4,0,0
11,5,Audrina Patridge,23.0,0.0346225538967706,5,5,0,0
11,5,Bristol Palin,18.0,0.0354219278072183,6,6,0,0
11,5,Kyle Massey,20.0,0.0224704650929667,7,7,0,0
11,5,Florence Henderson,21.0,0.001470978974481,8,8,0,1
11,6,Brandy,35.9999,0.7325595056006282,1,1,0,0
11,6,Rick Fox,30.0,0.0682351214391476,2,2,0,0
11,6,Kyle Massey,29.999899999999997,0.066213683000975,3,3,0,0
11,6,Jennifer Grey,29.0,0.0545054172276868,5,4,1,0
11,6,Bristol Palin,27.9998,0.051802073946303,6,5,1,0
11,6,Audrina Patridge,31.9998,0.0195343453128626,4,6,-2,1
11,6,Kurt Warner,21.9999,0.0071498534723965,7,7,0,0
11,7,Jennifer Grey,36.5,0.4407875273727317,1,1,0,0
11,7,Brandy,36.5,0.4335468396962553,2,2,0,0
11,7,Kurt Warner,35.0,0.0562177143261393,3,3,0,0
11,7,Kyle Massey,33.5,0.031211473156365,5,4,1,0
11,7,Bristol Palin,32.5,0.0339312227793629,4,5,-1,0
11,7,Rick Fox,34.5,0.0043052226691457,6,6,0,1
11,8,Brandy,28.5,0.3676458338578907,1,1,0,0
11,8,Jennifer Grey,28.5,0.3651438033265525,2,2,0,0
11,8,Kyle Massey,28.0,0.2349477199010322,3,3,0,0
11,8,Bristol Palin,23.5,0.0304403991363578,4,4,0,0
11,8,Kurt Warner,24.0,0.0018222437781662,5,5,0,1
11,9,Jennifer Grey,30.0,0.727943347796069,1,1,0,0
11,9,Kyle Massey,29.0,0.1613445874377209,2,2,0,0
11,9,Bristol Palin,26.5,0.08632802599596,3,3,0,0
11,9,Brandy,28.5,0.0243840387702503,4,4,0,1
12,2,Romeo,23.0,0.2987140037623795,1,1,0,0
12,2,Hines Ward,23.0,0.2986047379260509,2,2,0,0
12,2,Chris Jericho,23.0,0.2975506291841505,3,3,0,0
12,2,Ralph Macchio,21.0,0.0557897821093214,4,4,0,0
12,2,Kirstie Alley,20.0,0.0240187091139406,5,5,0,0
12,2,Kendra Wilkinson,19.0,0.0104398481088657,6,6,0,0
12,2,Petra Nemcova,18.0,0.0045411500346649,7,7,0,0
12,2,Chelsea Kane,18.0,0.0045347239494979,8,8,0,0
12,2,Wendy Williams,17.0,0.0028879063669239,9,9,0,0
12,2,Sugar Ray Leonard,17.0,0.0028746331503677,10,10,0,0
12,2,Mike Catherwood,17.0,4.38762938327172e-05,11,11,0,1
12,3,Hines Ward,25.0,0.3718885623948317,1,1,0,0
12,3,Petra Nemcova,25.0,0.3712385769649328,2,2,0,0
12,3,Kendra Wilkinson,23.0,0.0875694637539384,3,3,0,0
12,3,Chelsea Kane,23.0,0.0874918993053885,4,4,0,0
12,3,Ralph Macchio,21.0,0.0207098602511333,5,5,0,0
12,3,Kirstie Alley,21.0,0.0205923550640859,6,6,0,0
12,3,Chris Jericho,21.0,0.0204602918071121,7,7,0,0
12,3,Romeo,20.0,0.0099713892751795,8,8,0,0
12,3,Sugar Ray Leonard,20.0,0.0099112594069995,9,9,0,0
12,3,Wendy Williams,15.0,0.0001663417763987,10,10,0,1
12,4,Chelsea Kane,26.0,0.4671447237295165,1,1,0,0
12,4,Hines Ward,25.0,0.1906502242986078,2,2,0,0
12,4,Ralph Macchio,25.0,0.1905051142236758,3,3,0,0
12,4,Romeo,23.0,0.0342632451564113,4,4,0,0
12,4,Chris Jericho,23.0,0.0341690383633135,5,5,0,0
12,4,Petra Nemcova,23.0,0.0328439019211379,6,6,0,0
12,4,Kirstie Alley,22.0,0.0156287459272546,8,7,1,0
12,4,Kendra Wilkinson,18.0,0.0334992409489226,7,8,-1,0
12,4,Sugar Ray Leonard,21.0,0.00129576543116,9,9,0,1
12,5,Hines Ward,27.0,0.4601776316380593,1,1,0,0
12,5,Chris Jericho,26.0,0.1739733245004911,2,2,0,0
12,5,Romeo,26.0,0.173302351166069,3,3,0,0
12,5,Chelsea Kane,26.0,0.1730001142929059,4,4,0,0
12,5,Kirstie Alley,23.0,0.0091331416921964,5,5,0,0
12,5,Ralph Macchio,22.0,0.0051812737579919,6,6,0,0
12,5,Kendra Wilkinson,22.0,0.0051531334825898,7,7,0,0
12,5,Petra Nemcova,22.0,7.902946969531089e-05,8,8,0,1
12,6,Romeo,28.0,0.3861857873078201,1,1,0,0
12,6,Chelsea Kane,28.0,0.3857885760853816,2,2,0,0
12,6,Hines Ward,27.0,0.1447546440859,3,3,0,0
12,6,Kirstie Alley,26.0,0.0546689162050278,4,4,0,0
12,6,Kendra Wilkinson,25.0,0.0206046797356618,5,5,0,0
12,6,Ralph Macchio,24.0,0.0076806706715711,6,6,0,0
12,6,Chris Jericho,22.0,0.0003167259086367,7,7,0,1
12,7,Hines Ward,33.0,0.4320143903135633,1,1,0,0
12,7,Ralph Macchio,33.0,0.4313106768496644,2,2,0,0
12,7,Chelsea Kane,32.0,0.092740713130582,3,3,0,0
12,7,Romeo,30.0,0.021457448570585,4,4,0,0
12,7,Kirstie Alley,30.0,0.0211899001314437,5,5,0,0
12,7,Kendra Wilkinson,30.5,0.0012868710041613,6,6,0,1
12,8,Chelsea Kane,27.5,0.471736146170888,1,1,0,0
12,8,Hines Ward,27.0,0.2663195565311602,2,2,0,0
12,8,Kirstie Alley,26.5,0.1469060785699516,3,3,0,0
12,8,Ralph Macchio,23.0,0.0920119340404575,4,4,0,0
12,8,Romeo,26.0,0.0230262846875427,5,5,0,1
12,9,Chelsea Kane,36.5,0.9264121870388228,1,1,0,0
12,9,Hines Ward,30.0,0.0557119639265274,2,2,0,0
12,9,Kirstie Alley,27.0,0.0156023729496035,3,3,0,0
12,9,Ralph Macchio,24.0,0.002273476085041,4,4,0,1
13,1,Chynna Phillips,22.0,0.3462399874735133,1,1,0,0
13,1,J.R. Martinez,22.0,0.3458499747068843,2,2,0,0
13,1,Hope Solo,21.0,0.1600899183543917,3,3,0,0
13,1,Ricki Lake,20.0,0.0742831341311458,4,4,0,0
13,1,Kristin Cavallari,19.0,0.0342207622877595,5,5,0,0
13,1,David Arquette,18.0,0.0159595662002254,6,6,0,0
13,1,Carson Kressley,17.0,0.0073906932298745,7,7,0,0
13,1,Chaz Bono,17.0,0.0073606735718057,8,8,0,0
13,1,Nancy Grace,16.0,0.0034375840270736,9,9,0,0
13,1,Rob Kardashian,16.0,0.0033706830296277,10,10,0,0
13,1,Elisabetta Canalis,15.0,0.0016105046402389,11,11,0,0
13,1,Metta World Peace (Ron),14.0,0.0001865183474654,12,12,0,1
13,2,Ricki Lake,23.0,0.1563730695483232,1,1,0,0
13,2,J.R. Martinez,22.0,0.1227690988119064,2,2,0,0
13,2,Kristin Cavallari,22.0,0.1154877231853948,3,3,0,0
13,2,Chynna Phillips,21.0,0.0970423686973522,4,4,0,0
13,2,Rob Kardashian,21.0,0.0958551723798097,5,5,0,0
13,2,Nancy Grace,21.0,0.094741816988191,6,6,0,0
13,2,Hope Solo,19.0,0.0784546630681056,7,7,0,0
13,2,Carson Kressley,18.0,0.0776894532682256,9,8,1,0
13,2,David Arquette,18.0,0.07446274134303,11,9,2,0
13,2,Chaz Bono,17.0,0.0782667456608897,10,10,0,0
13,2,Elisabetta Canalis,21.0,0.0088571470487714,8,11,-3,1
13,3,Ricki Lake,27.0,0.418760599854401,1,1,0,0
13,3,J.R. Martinez,26.0,0.191747213012287,2,2,0,0
13,3,Chynna Phillips,26.0,0.1899710574186233,3,3,0,0
13,3,David Arquette,24.0,0.0420765662744574,4,4,0,0
13,3,Hope Solo,24.0,0.0417011976609911,5,5,0,0
13,3,Rob Kardashian,24.0,0.0402797144725729,6,6,0,0
13,3,Carson Kressley,23.0,0.0337291052675999,9,7,2,0
13,3,Nancy Grace,21.0,0.0346179697546226,8,8,0,0
13,3,Kristin Cavallari,24.0,0.0054290055099957,7,9,-2,1
13,3,Chaz Bono,18.0,0.0016875707744484,10,10,0,0
13,4,Ricki Lake,29.0,0.8343191982213584,1,1,0,0
13,4,J.R. Martinez,26.0,0.0930024677128537,2,2,0,0
13,4,Hope Solo,24.0,0.0215146987523585,3,3,0,0
13,4,Rob Kardashian,24.0,0.0214250852605944,4,4,0,0
13,4,David Arquette,23.0,0.0105599390892344,5,5,0,0
13,4,Carson Kressley,20.0,0.0121626445556254,7,6,1,0
13,4,Chaz Bono,21.0,0.0035610170915691,6,7,-1,0
13,4,Nancy Grace,21.0,0.0033340085790432,8,8,0,0
13,4,Chynna Phillips,21.0,0.0001209407373622,9,9,0,1
13,5,J.R. Martinez,28.0,0.7660310172528466,1,1,0,0
13,5,Rob Kardashian,25.0,0.0760073715604203,2,2,0,0
13,5,David Arquette,25.0,0.0757935927106939,3,3,0,0
13,5,Hope Solo,24.0,0.0355560069771697,4,4,0,0
13,5,Ricki Lake,24.0,0.0351789857850991,5,5,0,0
13,5,Nancy Grace,22.0,0.0075459451507593,6,6,0,0
13,5,Chaz Bono,21.0,0.0035981197465182,7,7,0,0
13,5,Carson Kressley,19.0,0.0002889608164883,8,8,0,1
13,6,Ricki Lake,29.0,0.4681519601334231,1,1,0,0
13,6,J.R. Martinez,29.0,0.4679984750231047,2,2,0,0
13,6,Nancy Grace,24.0,0.0311072264153186,3,3,0,0
13,6,David Arquette,23.0,0.0179685378542052,4,4,0,0
13,6,Rob Kardashian,22.0,0.0105265610211001,5,5,0,0
13,6,Hope Solo,20.0,0.0037246907380047,6,6,0,0
13,6,Chaz Bono,19.0,0.0005225488148455,7,7,0,1
13,7,Ricki Lake,26.5,0.6837247324559311,1,1,0,0
13,7,Rob Kardashian,25.5,0.1723291134543433,2,2,0,0
13,7,Hope Solo,25.0,0.0854001362372558,3,3,0,0
13,7,J.R. Martinez,24.0,0.0226215944681122,4,4,0,0
13,7,Nancy Grace,22.0,0.033799177144002,5,5,0,0
13,7,David Arquette,23.5,0.0021252462403556,6,6,0,1
13,8,J.R. Martinez,30.0,0.8959554992158895,1,1,0,0
13,8,Hope Solo,26.0,0.0385452232672549,2,2,0,0
13,8,Ricki Lake,26.0,0.0383122173561031,3,3,0,0
13,8,Rob Kardashian,25.5,0.0260843720459407,4,4,0,0
13,8,Nancy Grace,22.0,0.0011026881147959,5,5,0,1
13,9,Ricki Lake,33.4999,0.6160193867122706,1,1,0,0
13,9,Rob Kardashian,32.4998,0.3522924255090824,2,2,0,0
13,9,J.R. Martinez,28.0,0.0295892289828116,3,3,0,0
13,9,Hope Solo,24.4998,0.0020989587958365,4,4,0,1
14,2,Roshon Fegan,26.0,0.2894411341938162,1,1,0,0
14,2,Katherine Jenkins,26.0,0.2889949665781187,2,2,0,0
14,2,Maria Menounos,25.0,0.1410227186439119,3,3,0,0
14,2,William Levy,25.0,0.1404445971915237,4,4,0,0
14,2,Donald Driver,24.0,0.0685356919588782,5,5,0,0
14,2,Sherri Sheperd,23.0,0.0334354255465448,6,6,0,0
14,2,Jaleel White,22.0,0.0162816825901972,7,7,0,0
14,2,Gavin DeGraw,21.0,0.0080490454320396,8,8,0,0
14,2,Jack Wagner,21.0,0.0078883360382899,9,9,0,0
14,2,Melissa Gilbert,20.0,0.0038748386300801,10,10,0,0
14,2,Gladys Knight,19.0,0.0018898912487531,11,11,0,0
14,2,Martina Navratilova,17.0,0.0001416719478493,12,12,0,1
14,3,Katherine Jenkins,29.0,0.6767623712053343,1,1,0,0
14,3,William Levy,28.0,0.2122559665438936,2,2,0,0
14,3,Maria Menounos,27.0,0.0665614126264355,3,3,0,0
14,3,Donald Driver,26.0,0.0208959616009966,4,4,0,0
14,3,Roshon Fegan,25.0,0.0066706594395345,5,5,0,0
14,3,Jaleel White,25.0,0.0064442124735796,6,6,0,0
14,3,Melissa Gilbert,24.0,0.0026793176698729,7,7,0,0
14,3,Gavin DeGraw,24.0,0.0025966524176488,8,8,0,0
14,3,Gladys Knight,24.0,0.0025649805403061,9,9,0,0
14,3,Sherri Sheperd,24.0,0.0025433586029522,10,10,0,0
14,3,Jack Wagner,24.0,2.510687944577098e-05,11,11,0,1
14,4,Donald Driver,27.0,0.504454997727239,1,1,0,0
14,4,Roshon Fegan,26.0,0.2085451041055625,2,2,0,0
14,4,Maria Menounos,26.0,0.2066684890844451,3,3,0,0
14,4,Katherine Jenkins,24.0,0.0333399186237008,4,4,0,0
14,4,Gavin DeGraw,23.0,0.0144836958448186,5,5,0,0
14,4,Gladys Knight,20.0,0.0147699437015032,8,6,2,0
14,4,Melissa Gilbert,22.0,0.0059670622635811,6,7,-1,0
14,4,William Levy,22.0,0.0056997993185228,7,8,-1,0
14,4,Jaleel White,22.0,0.0056865509644211,9,9,0,0
14,4,Sherri Sheperd,21.0,0.0003844383662045,10,10,0,1
14,5,Katherine Jenkins,29.0,0.3497731616959397,1,1,0,0
14,5,William Levy,29.0,0.3497566811313934,2,2,0,0
14,5,Maria Menounos,27.0,0.1073205292350859,3,3,0,0
14,5,Donald Driver,27.0,0.1066266951223948,4,4,0,0
14,5,Roshon Fegan,26.0,0.0593568257720842,5,5,0,0
14,5,Jaleel White,24.0,0.0181995753064829,6,6,0,0
14,5,Gladys Knight,22.0,0.0056269892004749,7,7,0,0
14,5,Melissa Gilbert,21.0,0.0030805016260108,8,8,0,0
14,5,Gavin DeGraw,19.0,0.0002590409101333,9,9,0,1
14,6,Katherine Jenkins,38.9999,0.5281448607474059,1,1,0,0
14,6,Jaleel White,36.9998,0.2280266292754535,2,2,0,0
14,6,William Levy,36.0,0.1493655068155199,3,3,0,0
14,6,Donald Driver,33.9999,0.0646725288093521,4,4,0,0
14,6,Melissa Gilbert,30.0,0.0120793318189,5,5,0,0
14,6,Maria Menounos,29.999899999999997,0.0120204224349981,6,6,0,0
14,6,Roshon Fegan,27.9998,0.0052653648166149,7,7,0,0
14,6,Gladys Knight,24.0,0.0004253552817565,8,8,0,1
14,7,Maria Menounos,28.5,0.7634126357899549,1,1,0,0
14,7,Katherine Jenkins,27.0,0.0894968195372125,2,2,0,0
14,7,William Levy,26.5,0.0460132631300679,3,3,0,0
14,7,Donald Driver,26.5,0.0434081664452735,4,4,0,0
14,7,Roshon Fegan,26.0,0.0235077013102766,5,5,0,0
14,7,Melissa Gilbert,23.5,0.0319437294617778,6,6,0,0
14,7,Jaleel White,25.5,0.0022176843254363,7,7,0,1
14,8,William Levy,28.5,0.6072963653412362,1,1,0,0
14,8,Roshon Fegan,28.0,0.2209617546593818,2,2,0,1
14,8,Donald Driver,27.5,0.0802270974898013,3,3,0,0
14,8,Katherine Jenkins,27.5,0.08020744514819,4,4,0,0
14,8,Maria Menounos,26.5,0.010981722942749,5,5,0,0
14,8,Melissa Gilbert,25.5,0.0003256144186374,6,6,0,1
14,9,William Levy,29.0,0.3477093910362668,1,1,0,0
14,9,Donald Driver,28.5,0.2906378107398475,2,2,0,0
14,9,Katherine Jenkins,28.0,0.2673723430127502,4,3,1,0
14,9,Maria Menounos,29.5,0.0942804552111353,3,4,-1,1
15,1,Emmitt Smith,24.5,0.4880865176432519,1,1,0,0
15,1,Gilles Marini,24.0,0.2903403215776266,2,2,0,0
15,1,Sabrina Bryan,22.5,0.060589675240928,3,3,0,0
15,1,Shawn Johnson,22.0,0.036128152001763,4,4,0,0
15,1,Apolo Anton Ohno,22.0,0.0361185680005507,5,5,0,0
15,1,Helio Castroneves,21.5,0.0214939608551017,6,6,0,0
15,1,Drew Lachey,21.5,0.0214205333861009,7,7,0,0
15,1,Kelly Monaco,21.5,0.0213911896742632,8,8,0,0
15,1,Melissa Rycroft,21.0,0.0127273542705244,9,9,0,0
15,1,Joey Fatone,20.5,0.0074203661076787,10,10,0,0
15,1,Bristol Palin,19.5,0.0026311975613648,11,11,0,0
15,1,Kirstie Alley,19.0,0.001579975731655,12,12,0,0
15,1,Pamela Anderson,17.0,7.21879491917739e-05,13,13,0,1
15,2,Sabrina Bryan,26.0,0.385760346850139,1,1,0,0
15,2,Gilles Marini,25.5,0.2390678415869024,2,2,0,0
15,2,Shawn Johnson,25.0,0.1485552958164821,3,3,0,0
15,2,Apolo Anton Ohno,24.5,0.0938961927061598,4,4,0,0
15,2,Melissa Rycroft,23.5,0.0364372657735365,5,5,0,0
15,2,Helio Castroneves,23.0,0.0232190694691599,6,6,0,0
15,2,Drew Lachey,22.5,0.0178015143002156,7,7,0,0
15,2,Emmitt Smith,22.5,0.0170127201934769,8,8,0,0
15,2,Kelly Monaco,22.0,0.0169852123521947,11,9,2,0
15,2,Kirstie Alley,21.0,0.0191215295842545,9,10,-1,0
15,2,Joey Fatone,22.5,0.0013984289465896,10,11,-1,1
15,2,Bristol Palin,18.0,0.0007445824208886,12,12,0,0
15,3,Melissa Rycroft,27.0,0.3353882505808911,1,1,0,0
15,3,Kelly Monaco,27.0,0.3339004243037781,2,2,0,0
15,3,Shawn Johnson,26.5,0.1562980571854514,3,3,0,0
15,3,Helio Castroneves,25.5,0.0361834717915107,4,4,0,1
15,3,Sabrina Bryan,25.5,0.0348253919517739,5,5,0,0
15,3,Gilles Marini,25.5,0.0343597948193588,6,6,0,0
15,3,Apolo Anton Ohno,25.5,0.0313832936044341,7,7,0,0
15,3,Emmitt Smith,25.0,0.0153370093294542,8,8,0,0
15,3,Bristol Palin,22.5,0.0170809033534746,9,9,0,0
15,3,Kirstie Alley,24.0,0.0049514039958946,10,10,0,0
15,3,Drew Lachey,24.0,0.0002919990839779,11,11,0,1
15,4,Shawn Johnson,39.5,0.3706141247826918,1,1,0,0
15,4,Gilles Marini,39.5,0.3636468539514368,2,2,0,0
15,4,Kelly Monaco,37.5,0.1005211565523492,3,3,0,0
15,4,Melissa Rycroft,37.0,0.0693474008743303,4,4,0,0
15,4,Emmitt Smith,36.0,0.0365478054599993,5,5,0,0
15,4,Sabrina Bryan,35.5,0.0259815770030205,6,6,0,0
15,4,Apolo Anton Ohno,34.5,0.012540294343266,7,7,0,0
15,4,Kirstie Alley,30.0,0.0203067420911749,8,8,0,0
15,4,Bristol Palin,32.0,0.0004940449417307,9,9,0,1
15,6,Apolo Anton Ohno,30.0,0.2034741045930574,1,1,0,0
15,6,Melissa Rycroft,29.5,0.1771592267500758,2,2,0,0
15,6,Shawn Johnson,28.0,0.124146423681607,4,3,1,0
15,6,Kirstie Alley,27.5,0.1253584414050119,3,4,-1,0
15,6,Gilles Marini,27.5,0.1213344441988446,6,5,1,0
15,6,Kelly Monaco,27.0,0.1176842719683544,7,6,1,0
15,6,Emmitt Smith,26.5,0.1077047270967935,8,7,1,0
15,6,Sabrina Bryan,30.0,0.0231383603062549,5,8,-3,1
15,8,Melissa Rycroft,30.0,0.4791441798526095,1,1,0,0
15,8,Gilles Marini,29.2777,0.1683905248663033,2,2,0,1
15,8,Apolo Anton Ohno,29.2777,0.1679014488737563,3,3,0,0
15,8,Emmitt Smith,29.0554,0.1210830964400649,4,4,0,0
15,8,Kelly Monaco,28.3333,0.0425398471190042,5,5,0,0
15,8,Shawn Johnson,27.8333,0.0206995823986278,6,6,0,0
15,8,Kirstie Alley,25.5,0.0002413204496295,7,7,0,1
15,9,Shawn Johnson,29.5,0.7131771614011204,1,1,0,0
15,9,Melissa Rycroft,28.7777,0.1635293180545379,2,2,0,0
15,9,Apolo Anton Ohno,28.611,0.1162109319705686,3,3,0,1
15,9,Kelly Monaco,27.110999999999997,0.0066566500163976,4,4,0,0
15,9,Emmitt Smith,27.0,0.0004259385573784,5,5,0,1
16,2,Zendaya,26.0,0.3794650578881288,1,1,0,0
16,2,Kellie Pickler,26.0,0.3787801773748551,2,2,0,0
16,2,Alexandra Raisman,24.0,0.1216027361384943,3,3,0,0
16,2,Jacoby Jones,23.0,0.0690620449139712,4,4,0,0
16,2,Andy Dick,20.0,0.0125250256770082,5,5,0,0
16,2,Ingo Rademacher,20.0,0.012493729011099,6,6,0,0
16,2,Sean Lowe,20.0,0.0124705299749463,7,7,0,0
16,2,Victor Ortiz,18.0,0.0040784254456068,8,8,0,0
16,2,Lisa Vanderpump,18.0,0.004029294627385,9,9,0,0
16,2,Wynonna Judd,18.0,0.0040173872786043,10,10,0,0
16,2,D. L. Hughley,16.0,0.0012897046523996,11,11,0,0
16,2,Dorothy Hamill,15.0,0.0001858870175032,12,12,0,1
16,3,Jacoby Jones,25.9998,0.3173917238454118,1,1,0,0
16,3,Zendaya,25.9998,0.3166666231189878,2,2,0,0
16,3,Kellie Pickler,25.0,0.1820311027123246,3,3,0,0
16,3,Alexandra Raisman,23.0,0.0597968249020774,4,4,0,0
16,3,Victor Ortiz,23.0,0.0597796923376995,5,5,0,0
16,3,Sean Lowe,21.0,0.0198744010971308,6,6,0,0
16,3,Ingo Rademacher,21.0,0.0196841753251055,7,7,0,0
16,3,Lisa Vanderpump,21.0,0.0196764518414438,8,8,0,0
16,3,Andy Dick,18.0,0.003729818209712,9,9,0,0
16,3,D. L. Hughley,16.0,0.0012407443584567,10,10,0,0
16,3,Wynonna Judd,15.0,0.0001284422516469,11,11,0,1
16,4,Alexandra Raisman,27.0,0.4270601750302316,1,1,0,0
16,4,Zendaya,26.0,0.2252918021158241,2,2,0,0
16,4,Kellie Pickler,26.0,0.2251775878308987,3,3,0,0
16,4,Jacoby Jones,24.0,0.06287949328484,4,4,0,0
16,4,Ingo Rademacher,23.0,0.0333631477146044,5,5,0,0
16,4,D. L. Hughley,21.0,0.0093310272523323,6,6,0,0
16,4,Andy Dick,21.0,0.0093044185865153,7,7,0,0
16,4,Sean Lowe,20.0,0.004970514740776,8,8,0,0
16,4,Victor Ortiz,18.0,0.0025424607246004,9,9,0,0
16,4,Lisa Vanderpump,18.0,7.937271937853222e-05,10,10,0,1
16,5,Zendaya,29.0,0.570862725151881,1,1,0,0
16,5,Kellie Pickler,27.0,0.193848385662052,2,2,0,0
16,5,Jacoby Jones,26.0,0.1127611331990475,3,3,0,0
16,5,Alexandra Raisman,25.0,0.065979325964214,4,4,0,0
16,5,Sean Lowe,24.0,0.0382849555302659,5,5,0,0
16,5,Ingo Rademacher,21.0,0.0076281159192922,6,6,0,0
16,5,Victor Ortiz,21.0,0.0075760522378593,7,7,0,0
16,5,Andy Dick,18.0,0.0029622190029865,8,8,0,0
16,5,D. L. Hughley,18.0,9.708733240554643e-05,9,9,0,1
16,6,Kellie Pickler,27.0,0.5699572905346756,1,1,0,0
16,6,Alexandra Raisman,26.0,0.2333175509833875,2,2,0,0
16,6,Zendaya,25.5,0.1496887724132506,3,3,0,0
16,6,Sean Lowe,23.0,0.0160379712581175,4,4,0,0
16,6,Ingo Rademacher,23.0,0.0160253737579441,5,5,0,0
16,6,Jacoby Jones,22.5,0.0103657585448344,6,6,0,0
16,6,Andy Dick,21.5,0.004267733569056,7,7,0,0
16,6,Victor Ortiz,20.0,0.0003395489387318,8,8,0,1
16,7,Alexandra Raisman,32.0,0.532129125911315,1,1,0,0
16,7,Zendaya,30.0,0.2216305349807225,2,2,0,0
16,7,Kellie Pickler,29.0,0.1437506232675742,3,3,0,0
16,7,Jacoby Jones,27.0,0.0605371555252038,4,4,0,0
16,7,Ingo Rademacher,25.0,0.0252315757131664,5,5,0,0
16,7,Sean Lowe,24.0,0.0162343451502939,6,6,0,0
16,7,Andy Dick,17.0,0.0004866394517324,7,7,0,1
16,8,Zendaya,29.0,0.5132102273533469,1,1,0,0
16,8,Alexandra Raisman,28.0,0.2460393305360371,2,2,0,0
16,8,Kellie Pickler,27.5,0.170840635985287,3,3,0,0
16,8,Jacoby Jones,26.0,0.0563764287225578,4,4,0,0
16,8,Ingo Rademacher,24.0,0.0129684623534036,5,5,0,0
16,8,Sean Lowe,21.0,0.0005649150493688,6,6,0,1
16,9,Alexandra Raisman,29.5,0.3857374761062409,1,1,0,0
16,9,Jacoby Jones,29.5,0.3843792455665183,2,2,0,0
16,9,Kellie Pickler,29.0,0.2002350928261248,3,3,0,0
16,9,Zendaya,27.5,0.0288664317840567,4,4,0,0
16,9,Ingo Rademacher,25.5,0.0007817537170552,5,5,0,1
17,2,Corbin Bleu,26.0,0.3352167748585674,1,1,0,0
17,2,Christina Milian,25.0,0.1688487637108967,2,2,0,0
17,2,Elizabeth Berkley Lauren,25.0,0.167694295981727,3,3,0,0
17,2,Amber Riley,24.0,0.0847662860668862,4,4,0,0
17,2,Leah Remini,24.0,0.0839774304507231,5,5,0,0
17,2,Jack Osbourne,24.0,0.0825179948021378,6,6,0,0
17,2,Brant Daugherty,23.0,0.0431437953513753,7,7,0,0
17,2,Bill Engvall,21.0,0.010278800050656,8,8,0,0
17,2,"Nicole ""Snooki"" Polizzi",20.0,0.0055585800696979,9,9,0,0
17,2,Bill Nye,17.0,0.0151273067812651,10,10,0,0
17,2,Valerie Harper,19.0,0.0026881318172017,11,11,0,0
17,2,Keyshawn Johnson,18.0,0.0001818400588655,12,12,0,1
17,3,Brant Daugherty,27.0,0.2895251499882045,1,1,0,0
17,3,Christina Milian,26.0,0.1672847655509539,2,2,0,0
17,3,Corbin Bleu,26.0,0.1665184292371697,3,3,0,0
17,3,Elizabeth Berkley Lauren,25.0,0.0965368926871656,4,4,0,0
17,3,"Nicole ""Snooki"" Polizzi",25.0,0.0959207859909688,5,5,0,0
17,3,Amber Riley,24.0,0.0551593415735369,6,6,0,0
17,3,Bill Engvall,24.0,0.0547820475319688,7,7,0,0
17,3,Leah Remini,24.0,0.0546895142281511,8,8,0,0
17,3,Jack Osbourne,22.0,0.0184788702096789,9,9,0,0
17,3,Valerie Harper,16.0,0.0010902386907632,10,10,0,0
17,3,Bill Nye,16.0,1.3964311436433256e-05,11,11,0,1
17,4,Amber Riley,27.0,0.2850316581942365,1,1,0,0
17,4,Corbin Bleu,27.0,0.2847363833552227,2,2,0,0
17,4,Elizabeth Berkley Lauren,27.0,0.2847049780953753,3,3,0,0
17,4,Leah Remini,24.0,0.0345772973367226,4,4,0,0
17,4,Christina Milian,24.0,0.0342587845185793,5,5,0,0
17,4,Jack Osbourne,24.0,0.0341953821927799,6,6,0,0
17,4,"Nicole ""Snooki"" Polizzi",24.0,0.0341525002370062,7,7,0,0
17,4,Bill Engvall,21.0,0.0041160072895229,8,8,0,0
17,4,Brant Daugherty,21.0,0.0040370785306593,9,9,0,0
17,4,Valerie Harper,18.0,0.0001899302498916,10,10,0,1
17,5,Corbin Bleu,28.0,0.1553090423992238,1,1,0,0
17,5,Jack Osbourne,27.0,0.1367204534813097,2,2,0,0
17,5,"Nicole ""Snooki"" Polizzi",27.0,0.1339177102247041,3,3,0,0
17,5,Brant Daugherty,27.0,0.1258069587193098,4,4,0,0
17,5,Elizabeth Berkley Lauren,26.0,0.1161013477342652,6,5,1,0
17,5,Amber Riley,26.0,0.1097136447291383,7,6,1,0
17,5,Bill Engvall,24.0,0.1015418695601788,9,7,2,0
17,5,Leah Remini,22.0,0.104149303962663,8,8,0,0
17,5,Christina Milian,28.0,0.0167396691892069,5,9,-4,1
17,7,Corbin Bleu,29.5,0.3732684976483451,1,1,0,0
17,7,Amber Riley,29.5,0.3682381515752189,2,2,0,0
17,7,Brant Daugherty,28.5,0.0970002614642309,3,3,0,0
17,7,Jack Osbourne,28.5,0.0958145558749453,4,4,0,0
17,7,Bill Engvall,25.0,0.0279905845188414,6,5,1,0
17,7,Elizabeth Berkley Lauren,27.0,0.0184815694369362,5,6,-1,0
17,7,Leah Remini,26.5,0.0181786302928611,8,7,1,0
17,7,"Nicole ""Snooki"" Polizzi",27.0,0.0010277491886209,7,8,-1,1
17,8,Jack Osbourne,30.0,0.4105779920036247,1,1,0,0
17,8,Corbin Bleu,30.0,0.4094474608842798,2,2,0,0
17,8,Amber Riley,28.0,0.0655310661992753,3,3,0,0
17,8,Leah Remini,28.0,0.0646234837625333,4,4,0,0
17,8,Elizabeth Berkley Lauren,25.0,0.0318102535931675,5,5,0,0
17,8,Brant Daugherty,27.0,0.007380905420097,6,6,0,1
17,8,Bill Engvall,24.0,0.0106288381370234,7,7,0,0
17,9,Corbin Bleu,29.0,0.5082301417119934,1,1,0,0
17,9,Jack Osbourne,27.0,0.1527741742145025,2,2,0,0
17,9,Leah Remini,27.0,0.1486498645968197,3,3,0,0
17,9,Amber Riley,25.5,0.1264887843985264,5,4,1,0
17,9,Elizabeth Berkley Lauren,28.0,0.0630349715603448,4,5,-1,1
17,9,Bill Engvall,21.0,0.0008220635178128,6,6,0,0
17,10,Amber Riley,39.5,0.6781936043330635,1,1,0,0
17,10,Corbin Bleu,37.5,0.2090335013883631,2,2,0,0
17,10,Jack Osbourne,35.5,0.0640393605116166,3,3,0,0
17,10,Bill Engvall,30.0,0.045341775473093,4,4,0,0
17,10,Leah Remini,32.5,0.003391758293862,5,5,0,1
18,1,Charlie White,27.0,0.5263032188945524,1,1,0,0
18,1,Candace Cameron Bure,25.0,0.1482857757586672,2,2,0,0
18,1,Amy Purdy,24.0,0.0814501873781906,3,3,0,0
18,1,Meryl Davis,24.0,0.0781305863633125,4,4,0,0
18,1,Danica McKellar,24.0,0.0780373025370737,5,5,0,0
18,1,Cody Simpson,22.0,0.0208772139453653,6,6,0,0
18,1,Drew Carey,21.0,0.013654169997381,7,7,0,0
18,1,James Maslow,21.0,0.0120757072925529,8,8,0,0
18,1,NeNe Leakes,21.0,0.0111318065932698,9,9,0,0
18,1,Sean Avery,20.0,0.0058293386869909,11,10,1,0
18,1,Billy Dee Williams,15.0,0.0238674730262516,10,11,-1,0
18,1,Diana Nyad,18.0,0.0003572195263913,12,12,0,1
18,2,Meryl Davis,25.0,0.2308287131803721,1,1,0,0
18,2,Charlie White,25.0,0.2302774195658323,2,2,0,0
18,2,James Maslow,25.0,0.2300745648919879,3,3,0,0
18,2,Danica McKellar,24.0,0.113774538254186,4,4,0,0
18,2,Amy Purdy,24.0,0.113659650187113,5,5,0,0
18,2,Cody Simpson,22.0,0.0273865278920772,6,6,0,0
18,2,NeNe Leakes,21.0,0.0135170347710136,7,7,0,0
18,2,Candace Cameron Bure,21.0,0.0134917312165477,8,8,0,0
18,2,Drew Carey,21.0,0.0134454206978256,9,9,0,0
18,2,Sean Avery,21.0,0.0134121277180806,10,10,0,1
18,2,Billy Dee Williams,15.0,0.000132271624961,11,11,0,1
18,5,James Maslow,40.0,0.4467669678787679,1,1,0,0
18,5,Danica McKellar,39.0,0.2603774129311145,2,2,0,0
18,5,Amy Purdy,37.0,0.0776161435215063,3,3,0,0
18,5,Charlie White,37.0,0.0689116110031827,4,4,0,0
18,5,NeNe Leakes,36.0,0.0412061346610289,5,5,0,0
18,5,Meryl Davis,36.0,0.0370940298614211,6,6,0,0
18,5,Candace Cameron Bure,35.0,0.0237906507317706,8,7,1,0
18,5,Drew Carey,28.0,0.0422171363670568,7,8,-1,0
18,5,Cody Simpson,34.0,0.0020199130441509,9,9,0,1
18,6,Meryl Davis,40.0,0.7347456911960947,1,1,0,0
18,6,Amy Purdy,38.0,0.1652150679178792,2,2,0,0
18,6,Charlie White,36.0,0.0375922603048287,3,3,0,0
18,6,Danica McKellar,36.0,0.0371680875927628,4,4,0,0
18,6,James Maslow,35.0,0.0177227848882371,5,5,0,0
18,6,NeNe Leakes,33.0,0.0040210603184129,6,6,0,0
18,6,Candace Cameron Bure,32.0,0.003424354478341,7,7,0,0
18,6,Drew Carey,32.0,0.0001106933034415,8,8,0,1
18,7,Meryl Davis,39.0,0.7348553326004635,1,1,0,0
18,7,Amy Purdy,37.5,0.1376114305441465,2,2,0,0
18,7,Candace Cameron Bure,37.0,0.078811353438223,3,3,0,0
18,7,Danica McKellar,36.0,0.0256046709459864,4,4,0,0
18,7,Charlie White,35.5,0.0144815668947605,5,5,0,0
18,7,James Maslow,35.0,0.0083668257550117,6,6,0,0
18,7,NeNe Leakes,33.0,0.0002688198214013,7,7,0,1
18,8,Amy Purdy,40.0,0.4521110103827317,1,1,0,0
18,8,Charlie White,40.0,0.4505480827654998,2,2,0,0
18,8,Candace Cameron Bure,36.0,0.0304744933540256,3,3,0,0
18,8,James Maslow,36.0,0.0290914241299271,4,4,0,0
18,8,Meryl Davis,36.0,0.0269201230102988,5,5,0,0
18,8,Danica McKellar,38.0,0.0108548663575164,6,6,0,1
18,9,Meryl Davis,40.0,0.7359770221483362,1,1,0,0
18,9,Amy Purdy,39.0,0.1638608936899534,2,2,0,0
18,9,James Maslow,38.0,0.0490396979773018,3,3,0,0
18,9,Candace Cameron Bure,36.0,0.0434588362809203,5,4,1,0
18,9,Charlie White,38.0,0.0076635499034876,4,5,-1,1
19,1,Alfonso Ribeiro,36.0,0.4837330536757327,1,1,0,0
19,1,Sadie Robertson,34.0,0.1958188091358473,2,2,0,0
19,1,Lea Thompson,32.0,0.0806661097894314,3,3,0,0
19,1,Bethany Mota,32.0,0.0805776658959806,4,4,0,0
19,1,Randy Couture,31.0,0.0511731613747986,5,5,0,0
19,1,Jonathan Bennett,30.0,0.033873493306242,6,6,0,0
19,1,Tavis Smiley,29.0,0.0215384213464296,7,7,0,0
19,1,Janel Parrish,29.0,0.0207603853085556,8,8,0,0
19,1,Tommy Chong,27.0,0.0085108276583534,9,9,0,0
19,1,Michael Waltrip,25.0,0.0038392058151552,10,10,0,0
19,1,Antonio Sabato Jr.,25.0,0.0034867990334235,12,11,1,0
19,1,Betsey Johnson,20.0,0.0157575223850347,11,12,-1,0
19,1,Lolo Jones,22.0,0.0002645452750144,13,13,0,1
19,2,Lea Thompson,35.0,0.4658067744953387,1,1,0,0
19,2,Janel Parrish,34.0,0.2275686188151565,2,2,0,0
19,2,Bethany Mota,33.0,0.1284085964390364,3,3,0,0
19,2,Alfonso Ribeiro,32.0,0.0598481329205427,4,4,0,0
19,2,Antonio Sabato Jr.,31.0,0.0328863743244083,5,5,0,0
19,2,Sadie Robertson,31.0,0.028789312001881,6,6,0,0
19,2,Jonathan Bennett,30.0,0.0165293475447305,7,7,0,0
19,2,Michael Waltrip,24.0,0.0225923729094011,10,8,2,0
19,2,Betsey Johnson,28.0,0.0067706113236625,8,9,-1,0
19,2,Randy Couture,28.0,0.0056760185680826,9,10,-1,0
19,2,Tommy Chong,28.0,0.0049713396735453,11,11,0,0
19,2,Tavis Smiley,28.0,0.0001525009842136,12,12,0,1
19,3,Janel Parrish,40.0,0.4619059149731925,1,1,0,0
19,3,Bethany Mota,40.0,0.461794898386289,2,2,0,0
19,3,Tommy Chong,34.0,0.0282758014887077,3,3,0,0
19,3,Alfonso Ribeiro,32.0,0.0111856988657815,4,4,0,0
19,3,Jonathan Bennett,32.0,0.0111638375560655,5,5,0,0
19,3,Sadie Robertson,32.0,0.0110716461083388,6,6,0,0
19,3,Lea Thompson,31.0,0.007006704049059,7,7,0,0
19,3,Betsey Johnson,29.0,0.002788406463047,8,8,0,0
19,3,Antonio Sabato Jr.,29.0,0.0027835036707123,9,9,0,0
19,3,Michael Waltrip,28.0,0.0017456496101495,10,10,0,0
19,3,Randy Couture,26.0,0.0002779388286468,11,11,0,1
19,4,Alfonso Ribeiro,40.0,0.4054613332134547,1,1,0,0
19,4,Lea Thompson,39.0,0.2806283604140004,2,2,0,0
19,4,Sadie Robertson,37.0,0.1335066925949444,3,3,0,0
19,4,Janel Parrish,36.0,0.0943092381381297,4,4,0,0
19,4,Bethany Mota,33.0,0.0306358296838001,5,5,0,0
19,4,Tommy Chong,28.0,0.0144996174360055,7,6,1,0
19,4,Antonio Sabato Jr.,29.0,0.010410933699852,8,7,1,0
19,4,Michael Waltrip,25.0,0.0188865957750003,6,8,-2,0
19,4,Betsey Johnson,29.0,0.0008215554794427,9,9,0,1
19,4,Jonathan Bennett,24.0,0.0108398435653696,10,10,0,0
19,6,Alfonso Ribeiro,39.0,0.7259458923617975,1,1,0,0
19,6,Bethany Mota,36.0,0.1244596997750888,2,2,0,0
19,6,Sadie Robertson,35.0,0.0649212434750767,3,3,0,0
19,6,Janel Parrish,33.0,0.0206238008890883,4,4,0,0
19,6,Lea Thompson,32.0,0.0143343333623949,6,5,1,0
19,6,Michael Waltrip,30.0,0.0174684691584386,5,6,-1,0
19,6,Jonathan Bennett,32.0,0.0023964740925505,8,7,1,1
19,6,Antonio Sabato Jr.,28.0,0.0158159747504271,7,8,-1,0
19,6,Tommy Chong,28.0,0.0140341121351368,9,9,0,0
19,7,Bethany Mota,37.5,0.7140371183697966,1,1,0,0
19,7,Lea Thompson,35.0,0.1325993821678882,2,2,0,0
19,7,Alfonso Ribeiro,34.0,0.0693060145288796,3,3,0,0
19,7,Janel Parrish,33.5,0.0508044001686798,4,4,0,0
19,7,Sadie Robertson,31.0,0.0093009368055574,5,5,0,0
19,7,Michael Waltrip,28.0,0.0180521751489053,6,6,0,0
19,7,Tommy Chong,30.0,0.0054718817341612,7,7,0,0
19,7,Antonio Sabato Jr.,29.5,0.0004280910761328,8,8,0,1
19,8,Janel Parrish,43.0,0.4623881104696656,1,1,0,0
19,8,Alfonso Ribeiro,41.0,0.2448939198307753,2,2,0,0
19,8,Bethany Mota,40.0,0.1781809668693136,3,3,0,0
19,8,Sadie Robertson,38.0,0.0944222308618239,4,4,0,0
19,8,Lea Thompson,32.0,0.0141321978680092,5,5,0,0
19,8,Tommy Chong,29.0,0.0054337340903368,6,6,0,0
19,8,Michael Waltrip,25.0,0.0005488400100718,7,7,0,1
19,9,Alfonso Ribeiro,38.5,0.3520318915755169,1,1,0,0
19,9,Janel Parrish,38.5,0.3279517040037079,2,2,0,0
19,9,Bethany Mota,37.0,0.1315750396512358,3,3,0,0
19,9,Sadie Robertson,36.5,0.0998778556222934,4,4,0,0
19,9,Tommy Chong,28.5,0.0765070344747319,5,5,0,0
19,9,Lea Thompson,35.0,0.012056474672514,6,6,0,1
19,10,Janel Parrish,39.0,0.478837115251971,1,1,0,0
19,10,Bethany Mota,38.0,0.2375180470752665,2,2,0,0
19,10,Alfonso Ribeiro,37.5,0.1661713710373808,3,3,0,0
19,10,Sadie Robertson,37.0,0.1163372742961547,4,4,0,0
19,10,Tommy Chong,31.0,0.0011361923392289,5,5,0,1
20,2,Nastia Liukin,34.0,0.1369037332826825,1,1,0,0
20,2,Riker Lynch,32.0,0.1140512454995593,2,2,0,0
20,2,Rumer Willis,32.0,0.1105887307318626,3,3,0,0
20,2,Willow Shields,32.0,0.1041727765807807,4,4,0,0
20,2,Suzanne Somers,28.0,0.0787584921815153,5,5,0,0
20,2,Michael Sam,28.0,0.0755296712995392,6,6,0,0
20,2,Patti LaBelle,28.0,0.073482714341319,7,7,0,0
20,2,Charlotte McKinney,26.0,0.0786779367618959,8,8,0,0
20,2,Robert Herjavec,28.0,0.0694563542128564,9,9,0,0
20,2,Noah Galloway,27.0,0.0716282943825118,12,10,2,0
20,2,Chris Soules,21.0,0.0786236065996135,11,11,0,0
20,2,Redfoo,31.0,0.0081264441258633,10,12,-2,1
20,3,Riker Lynch,34.0,0.2939955172994699,1,1,0,0
20,3,Nastia Liukin,34.0,0.2937806230412678,2,2,0,0
20,3,Rumer Willis,33.0,0.1869427026934685,3,3,0,0
20,3,Willow Shields,32.0,0.1184283148675782,4,4,0,0
20,3,Noah Galloway,30.0,0.0475094185463761,5,5,0,0
20,3,Robert Herjavec,29.0,0.0301277665036565,6,6,0,0
20,3,Chris Soules,28.0,0.0188826323995419,7,7,0,0
20,3,Suzanne Somers,25.0,0.0048157451946819,8,8,0,0
20,3,Michael Sam,24.0,0.0031074838763887,9,9,0,0
20,3,Patti LaBelle,22.0,0.002356994939103,10,10,0,0
20,3,Charlotte McKinney,22.0,5.2800638465917935e-05,11,11,0,1
20,4,Willow Shields,39.0,0.6787308286580772,1,1,0,0
20,4,Nastia Liukin,36.0,0.1267657487327775,2,2,0,0
20,4,Rumer Willis,35.0,0.0722155233111139,3,3,0,0
20,4,Robert Herjavec,34.0,0.0412617869836099,4,4,0,0
20,4,Riker Lynch,34.0,0.0407979224024257,5,5,0,0
20,4,Noah Galloway,32.0,0.0133338282319032,6,6,0,0
20,4,Patti LaBelle,30.0,0.0073981073753731,7,7,0,0
20,4,Suzanne Somers,28.0,0.0129789551404394,8,8,0,0
20,4,Michael Sam,30.0,0.0005742641353555,9,9,0,1
20,4,Chris Soules,27.0,0.0059430350289229,10,10,0,0
20,5,Rumer Willis,39.0,0.3730751103428172,1,1,0,0
20,5,Riker Lynch,38.0,0.2589207098826031,2,2,0,0
20,5,Nastia Liukin,38.0,0.2581687054314784,3,3,0,0
20,5,Willow Shields,34.0,0.0619176471493628,4,4,0,0
20,5,Chris Soules,27.0,0.0159912238057983,5,5,0,0
20,5,Patti LaBelle,27.0,0.0153483461129573,7,6,1,0
20,5,Noah Galloway,28.0,0.009586863804499,6,7,-1,0
20,5,Suzanne Somers,28.0,0.0006662415361122,8,8,0,1
20,5,Robert Herjavec,24.0,0.0063251519343715,9,9,0,0
20,6,Riker Lynch,38.0,0.7553974971434835,1,1,0,0
20,6,Nastia Liukin,36.5,0.0965000824826842,2,2,0,0
20,6,Willow Shields,36.5,0.095673810283894,3,3,0,0
20,6,Rumer Willis,35.5,0.0235530477313004,4,4,0,0
20,6,Chris Soules,35.0,0.0124444375211863,5,5,0,0
20,6,Robert Herjavec,33.5,0.0110996664618252,7,6,1,0
20,6,Noah Galloway,34.0,0.0051041711229595,6,7,-1,0
20,6,Patti LaBelle,34.0,0.0002272872526671,8,8,0,1
20,7,Nastia Liukin,41.0,0.2186981479513687,1,1,0,0
20,7,Noah Galloway,38.0,0.1639795066231124,2,2,0,0
20,7,Rumer Willis,37.0,0.1598515638957284,3,3,0,0
20,7,Riker Lynch,37.0,0.1468526391483236,4,4,0,0
20,7,Robert Herjavec,31.0,0.1447154625255255,6,5,1,0
20,7,Chris Soules,31.0,0.1417332355535367,7,6,1,0
20,7,Willow Shields,39.0,0.0241694443024042,5,7,-2,1
20,8,Rumer Willis,40.0,0.507013158715383,1,1,0,0
20,8,Riker Lynch,39.0,0.2995976797714426,2,2,0,0
20,8,Nastia Liukin,38.0,0.1776863054847216,3,3,0,0
20,8,Chris Soules,32.0,0.0073447943128904,4,4,0,1
20,8,Noah Galloway,31.5,0.00691885398502,5,5,0,0
20,8,Robert Herjavec,31.0,0.0014392077305402,6,6,0,1
20,9,Riker Lynch,40.0,0.5008381102354572,1,1,0,0
20,9,Rumer Willis,39.0,0.2743474812263158,3,2,1,0
20,9,Nastia Liukin,40.0,0.2109210790692322,2,3,-1,1
20,9,Noah Galloway,38.0,0.0138933294689948,4,4,0,0
21,2,Tamar Braxton,24.5,0.3027629403392997,1,1,0,0
21,2,Bindi Irwin,24.0,0.2143870691442343,2,2,0,0
21,2,Alexa PenaVega,23.0,0.1076330193334148,3,3,0,0
21,2,Nick Carter,22.5,0.0766062332593964,4,4,0,0
21,2,Alek Skarlatos,22.5,0.0765700839350017,5,5,0,0
21,2,Hayes Grier,22.5,0.0765361171745935,6,6,0,0
21,2,Carlos PenaVega,22.5,0.0758577951966276,7,7,0,0
21,2,Andy Grammer,22.0,0.0537590599619171,8,8,0,0
21,2,Kim Zolciak-Biermann,18.5,0.0049045163123661,9,9,0,1
21,2,Paula Deen,18.5,0.0048389008028742,10,10,0,0
21,2,Victor Espinoza,18.5,0.0048084321874499,11,11,0,1
21,2,Gary Busey,16.5,0.0012303496046733,12,12,0,0
21,2,Chaka Khan,15.0,0.0001054827481506,13,13,0,1
21,4,Bindi Irwin,28.0,0.3079550284723229,1,1,0,0
21,4,Hayes Grier,27.0,0.1843029719828871,2,2,0,0
21,4,Tamar Braxton,27.0,0.1840703813911406,3,3,0,0
21,4,Nick Carter,27.0,0.1837352925454573,4,4,0,0
21,4,Carlos PenaVega,25.0,0.0659123854797906,5,5,0,0
21,4,Alek Skarlatos,24.0,0.0397676523309714,6,6,0,0
21,4,Andy Grammer,23.0,0.0237085929747552,7,7,0,0
21,4,Alexa PenaVega,21.0,0.0085267467206876,8,8,0,0
21,4,Paula Deen,18.0,0.0018567936062143,9,9,0,0
21,4,Gary Busey,16.0,0.0001641544957727,10,10,0,1
21,6,Tamar Braxton,40.0,0.2327437197582457,1,1,0,0
21,6,Bindi Irwin,40.0,0.2325346092817669,2,2,0,0
21,6,Andy Grammer,40.0,0.2321994738249601,3,3,0,0
21,6,Nick Carter,39.0,0.1630365085214525,4,4,0,0
21,6,Carlos PenaVega,38.0,0.1131891805894807,5,5,0,0
21,6,Hayes Grier,32.0,0.0130657106554966,6,6,0,0
21,6,Alexa PenaVega,30.0,0.0065084999778011,7,7,0,0
21,6,Alek Skarlatos,30.0,0.0064126915107985,8,8,0,0
21,6,Paula Deen,24.0,0.0003096058799969,9,9,0,1
21,7,Bindi Irwin,29.0,0.7843006303050809,1,1,0,0
21,7,Andy Grammer,28.0,0.0757212861038843,2,2,0,0
21,7,Carlos PenaVega,28.0,0.0541424774077585,3,3,0,0
21,7,Alexa PenaVega,27.5,0.024732702401651,4,4,0,0
21,7,Tamar Braxton,27.0,0.0234061582439019,6,5,1,0
21,7,Nick Carter,27.0,0.021111919804207,7,6,1,0
21,7,Hayes Grier,28.0,0.0097061797954895,5,7,-2,1
21,7,Alek Skarlatos,26.5,0.0068786459380265,8,8,0,0
21,8,Nick Carter,33.0,0.8951127216273141,1,1,0,0
21,8,Carlos PenaVega,28.9998,0.0466811603563076,2,2,0,0
21,8,Tamar Braxton,28.0,0.0223485501571112,3,3,0,0
21,8,Bindi Irwin,28.0,0.0222776973398919,4,4,0,0
21,8,Alexa PenaVega,26.9998,0.0106654874613468,5,5,0,0
21,8,Alek Skarlatos,25.0,0.0025716590025091,6,6,0,0
21,8,Andy Grammer,23.9998,0.0003427240555192,7,7,0,1
21,9,Alexa PenaVega,30.0,0.4643869537535013,1,1,0,1
21,9,Bindi Irwin,30.0,0.4621849028051541,2,2,0,0
21,9,Nick Carter,27.5,0.0413259991640007,3,3,0,0
21,9,Carlos PenaVega,27.0,0.0254109538052565,4,4,0,0
21,9,Alek Skarlatos,25.5,0.0062147268061513,5,5,0,0
21,9,Tamar Braxton,24.5,0.0004764636659338,6,6,0,1
22,2,Paige VanZant,24.0,0.3806692715686325,1,1,0,0
22,2,Wanya Morris,24.0,0.3803794097606205,2,2,0,0
22,2,Jodie Sweetin,21.0,0.052127397160371,3,3,0,0
22,2,Ginger Zee,21.0,0.0519164322983363,4,4,0,0
22,2,Von Miller,20.0,0.0267326057883128,5,5,0,0
22,2,Nyle DiMarco,20.0,0.0267215243450708,6,6,0,0
22,2,Marla Maples,20.0,0.0265905638941883,7,7,0,0
22,2,Doug Flutie,20.0,0.0264520932089957,8,8,0,0
22,2,Kim Fields,19.0,0.0137293646029908,9,9,0,0
22,2,Antonio Brown,19.0,0.0136637330018237,10,10,0,0
22,2,Mischa Barton,15.0,0.0009313073271307,11,11,0,0
22,2,Geraldo Rivera,13.0,8.629704352730824e-05,12,12,0,1
22,3,Nyle DiMarco,25.0,0.5792637093337375,1,1,0,0
22,3,Wanya Morris,24.0,0.210152773975766,2,2,0,0
22,3,Jodie Sweetin,23.0,0.076241444002312,3,3,0,0
22,3,Paige VanZant,23.0,0.0759631291840402,4,4,0,0
22,3,Kim Fields,22.0,0.0273288826093674,5,5,0,0
22,3,Marla Maples,21.0,0.0099777370527889,6,6,0,0
22,3,Ginger Zee,21.0,0.0099538269564643,7,7,0,0
22,3,Doug Flutie,20.0,0.0036660978167689,8,8,0,0
22,3,Antonio Brown,20.0,0.0036374130754377,9,9,0,0
22,3,Von Miller,20.0,0.0036293716258593,10,10,0,0
22,3,Mischa Barton,18.0,0.0001856143674558,11,11,0,1
22,4,Paige VanZant,36.0,0.2491896912803335,1,1,0,0
22,4,Ginger Zee,36.0,0.2448903538957807,2,2,0,0
22,4,Antonio Brown,35.0,0.1568482604342922,3,3,0,0
22,4,Wanya Morris,35.0,0.1418876646476048,4,4,0,0
22,4,Nyle DiMarco,34.0,0.0877802649024585,5,5,0,0
22,4,Kim Fields,32.0,0.0395952924042643,6,6,0,0
22,4,Von Miller,32.0,0.0325842654063065,7,7,0,0
22,4,Doug Flutie,24.0,0.0279384024491386,8,8,0,0
22,4,Jodie Sweetin,27.0,0.0182280060672448,9,9,0,0
22,4,Marla Maples,28.0,0.0010577985125754,10,10,0,1
22,6,Wanya Morris,29.0,0.5894513634943964,1,1,0,0
22,6,Paige VanZant,28.0,0.247732538640675,2,2,0,0
22,6,Antonio Brown,27.0,0.1033426169616753,3,3,0,0
22,6,Nyle DiMarco,25.0,0.0181544325622123,4,4,0,0
22,6,Jodie Sweetin,25.0,0.0181131736017481,5,5,0,0
22,6,Von Miller,24.0,0.0076869950973373,6,6,0,0
22,6,Ginger Zee,24.0,0.0076342463958491,7,7,0,0
22,6,Kim Fields,24.0,0.0076175766151127,8,8,0,0
22,6,Doug Flutie,21.0,0.0002670566309915,9,9,0,1
22,7,Nyle DiMarco,28.0,0.4874396302589216,1,1,0,0
22,7,Ginger Zee,27.5,0.1610947955634316,2,2,0,0
22,7,Wanya Morris,27.5,0.1605428748457862,3,3,0,0
22,7,Paige VanZant,27.5,0.1599338046146785,4,4,0,0
22,7,Jodie Sweetin,25.5,0.0148498442592617,7,5,2,0
22,7,Antonio Brown,26.0,0.0079313009429881,5,6,-1,0
22,7,Kim Fields,26.0,0.0041805751117867,6,7,-1,1
22,7,Von Miller,26.0,0.004027174403146,8,8,0,1
22,8,Ginger Zee,30.0,0.2438509704317532,1,1,0,0
22,8,Nyle DiMarco,29.0,0.2018962096236815,2,2,0,0
22,8,Paige VanZant,28.0,0.1774673320011194,3,3,0,0
22,8,Antonio Brown,27.0,0.1716298657468116,5,4,1,0
22,8,Wanya Morris,25.0,0.1665368237202629,6,5,1,0
22,8,Jodie Sweetin,30.0,0.0386187984763707,4,6,-2,1
22,9,Wanya Morris,30.0,0.7172735081265305,1,1,0,1
22,9,Paige VanZant,29.5,0.2436777554791771,2,2,0,0
22,9,Nyle DiMarco,28.5,0.0283422440402546,3,3,0,0
22,9,Ginger Zee,28.0,0.0101711562424441,4,4,0,0
22,9,Antonio Brown,27.5,0.0005353361115904,5,5,0,1
23,2,Laurie Hernandez,32.0,0.4552693147990004,1,1,0,0
23,2,Terra Jole,31.0,0.2307073377493139,2,2,0,0
23,2,Babyface,30.0,0.115714485423185,3,3,0,0
23,2,James Hinchcliffe,29.0,0.0602527208895733,4,4,0,0
23,2,Jana Kramer,29.0,0.0586948759790865,5,5,0,0
23,2,Calvin Johnson Jr.,28.0,0.0294363369139385,6,6,0,0
23,2,Marilu Henner,27.0,0.0153275618855181,7,7,0,0
23,2,Maureen McCormick,26.0,0.0076292105140053,8,8,0,0
23,2,Vanilla Ice,26.0,0.007275859466011,9,9,0,0
23,2,Rick Perry,22.0,0.0140725558464984,10,10,0,0
23,2,Amber Rose,24.0,0.0030419816400796,11,11,0,0
23,2,Ryan Lochte,24.0,0.0025380478664399,12,12,0,0
23,2,Jake T. Austin,24.0,3.9711027349101336e-05,13,13,0,1
23,3,Calvin Johnson Jr.,32.0,0.4874891779490916,1,1,0,0
23,3,Laurie Hernandez,31.0,0.2445053324524109,2,2,0,0
23,3,Terra Jole,30.0,0.1228052906530408,3,3,0,0
23,3,James Hinchcliffe,29.0,0.0616540466584122,4,4,0,0
23,3,Maureen McCormick,28.0,0.0310716636003452,5,5,0,0
23,3,Marilu Henner,28.0,0.0308986583815644,6,6,0,0
23,3,Jana Kramer,26.0,0.0078496105747902,7,7,0,0
23,3,Ryan Lochte,25.0,0.0039596681815299,8,8,0,0
23,3,Babyface,25.0,0.0039416754052294,9,9,0,0
23,3,Amber Rose,25.0,0.003861866559722,10,10,0,0
23,3,Vanilla Ice,23.0,0.0019107599723001,11,11,0,0
23,3,Rick Perry,23.0,5.224961156614131e-05,12,12,0,1
23,4,Laurie Hernandez,30.0,0.7181404791643091,1,1,0,0
23,4,James Hinchcliffe,28.0,0.1958690060866116,2,2,0,0
23,4,Terra Jole,25.0,0.0279523898980757,3,3,0,0
23,4,Amber Rose,24.0,0.0145610803515837,4,4,0,0
23,4,Maureen McCormick,24.0,0.0145594761897359,5,5,0,0
23,4,Calvin Johnson Jr.,23.0,0.0075822229210505,6,6,0,0
23,4,Vanilla Ice,23.0,0.0075542028188773,7,7,0,1
23,4,Jana Kramer,23.0,0.0075277017753898,8,8,0,0
23,4,Ryan Lochte,22.0,0.0039963120941714,9,9,0,0
23,4,Marilu Henner,21.0,0.0020637380951259,10,10,0,0
23,4,Babyface,18.0,0.0001933906050657,11,11,0,1
23,6,Jana Kramer,40.0,0.526072908848869,1,1,0,0
23,6,James Hinchcliffe,38.0,0.1951529441631583,2,2,0,0
23,6,Calvin Johnson Jr.,37.0,0.1191450334548349,3,3,0,0
23,6,Laurie Hernandez,37.0,0.118692123680787,4,4,0,0
23,6,Marilu Henner,34.0,0.027046937108178,5,5,0,0
23,6,Maureen McCormick,31.0,0.006093942966953,6,6,0,0
23,6,Ryan Lochte,30.0,0.0037679376124611,7,7,0,0
23,6,Terra Jole,30.0,0.0037149680690747,8,8,0,0
23,6,Amber Rose,28.0,0.0003132040956839,9,9,0,1
23,7,Calvin Johnson Jr.,37.0,0.4537493692080983,1,1,0,0
23,7,James Hinchcliffe,37.0,0.4511876439690224,2,2,0,0
23,7,Jana Kramer,34.5,0.0251630968323238,3,3,0,0
23,7,Terra Jole,34.5,0.0239091435227104,4,4,0,0
23,7,Laurie Hernandez,34.5,0.023871068191735,5,5,0,0
23,7,Marilu Henner,32.0,0.0146258916620867,7,6,1,0
23,7,Ryan Lochte,33.0,0.0071285835419833,6,7,-1,0
23,7,Maureen McCormick,33.0,0.0003652030720417,8,8,0,1
23,8,James Hinchcliffe,34.9998,0.5944602435946604,1,1,0,0
23,8,Laurie Hernandez,33.0,0.2259894409757518,2,2,0,0
23,8,Jana Kramer,30.0,0.0592465366709009,3,3,0,0
23,8,Calvin Johnson Jr.,30.0,0.0561916670109959,4,4,0,0
23,8,Terra Jole,24.0,0.0314528906155814,5,5,0,0
23,8,Marilu Henner,23.0,0.0313820077098937,7,6,1,0
23,8,Ryan Lochte,26.0,0.0012772134222155,6,7,-1,1
23,9,Jana Kramer,40.0,0.4688969029533645,1,1,0,0
23,9,Laurie Hernandez,40.0,0.4678233326903274,2,2,0,0
23,9,Terra Jole,38.0,0.0428660233589233,3,3,0,0
23,9,Calvin Johnson Jr.,37.0,0.0130329022928442,4,4,0,0
23,9,James Hinchcliffe,36.0,0.0070843876091873,5,5,0,0
23,9,Marilu Henner,36.0,0.0002964510953506,6,6,0,1
23,10,Laurie Hernandez,30.0,0.474529983953948,1,1,0,0
23,10,James Hinchcliffe,29.5,0.1951764447931161,2,2,0,0
23,10,Jana Kramer,29.0,0.1926730663765468,4,3,1,0
23,10,Terra Jole,30.0,0.1282717820659591,3,4,-1,1
23,10,Calvin Johnson Jr.,28.0,0.0093487228104299,5,5,0,0
24,2,Rashad Jennings,32.0,0.3633578463912693,1,1,0,0
24,2,Normani,32.0,0.3627657514631196,2,2,0,0
24,2,Heather Morris,30.0,0.1036545762996686,3,3,0,0
24,2,Simone Biles,29.0,0.0553802189060103,4,4,0,0
24,2,Nancy Kerrigan,28.0,0.0296800294798097,5,5,0,0
24,2,Erika Jayne,28.0,0.0296647299771223,6,6,0,0
24,2,Bonner Bolton,28.0,0.0294674443023704,7,7,0,0
24,2,David Ross,27.0,0.0157419018959512,8,8,0,0
24,2,Charo,25.0,0.0045193003362918,9,9,0,0
24,2,Nick Viall,25.0,0.0045192864672134,10,10,0,0
24,2,Mr. T,22.0,0.0012241013425813,11,11,0,0
24,2,Chris Kattan,22.0,2.4813138589510305e-05,12,12,0,1
24,3,Normani,34.0,0.3508627666663904,1,1,0,0
24,3,Nancy Kerrigan,33.0,0.2092574203199131,2,2,0,0
24,3,Heather Morris,33.0,0.2091318683974981,3,3,0,0
24,3,Simone Biles,32.0,0.1245966696051132,4,4,0,0
24,3,David Ross,31.0,0.0737702212246508,5,5,0,0
24,3,Rashad Jennings,28.0,0.0154430350235815,6,6,0,0
24,3,Erika Jayne,26.0,0.0055523962753202,7,7,0,0
24,3,Nick Viall,26.0,0.0055163371592608,8,8,0,0
24,3,Bonner Bolton,24.0,0.0029385628438351,9,9,0,0
24,3,Mr. T,24.0,0.002894093204757,10,10,0,0
24,3,Charo,24.0,3.662927967989476e-05,11,11,0,1
24,4,Rashad Jennings,39.0,0.7838254272680608,1,1,0,0
24,4,Simone Biles,36.0,0.113179562619846,2,2,0,0
24,4,Heather Morris,35.0,0.05955433084369,3,3,0,0
24,4,Nancy Kerrigan,33.0,0.0165443044063417,4,4,0,0
24,4,Bonner Bolton,32.0,0.0086228782081355,5,5,0,0
24,4,Normani,32.0,0.0086215353159013,6,6,0,0
24,4,David Ross,31.0,0.0045813096898319,7,7,0,0
24,4,Erika Jayne,30.0,0.0024123403313949,8,8,0,0
24,4,Nick Viall,30.0,0.0024039706764284,9,9,0,0
24,4,Mr. T,28.0,0.0002543406403778,10,10,0,1
24,5,Normani,39.0,0.5364808213240688,1,1,0,0
24,5,Simone Biles,38.0,0.2916690708682556,2,2,0,0
24,5,Nancy Kerrigan,36.0,0.0711765534540959,3,3,0,0
24,5,Nick Viall,34.0,0.027572608267588,4,4,0,0
24,5,Heather Morris,34.0,0.0258454518577223,5,5,0,0
24,5,David Ross,29.0,0.0226909943543335,7,6,1,0
24,5,Bonner Bolton,30.0,0.0173512751164336,8,7,1,0
24,5,Rashad Jennings,32.0,0.0066700022934759,6,8,-2,0
24,5,Erika Jayne,32.0,0.000543222464026,9,9,0,1
24,6,Normani,36.0,0.1778235043072789,1,1,0,0
24,6,Rashad Jennings,35.0,0.1534329165680585,2,2,0,0
24,6,Simone Biles,34.5,0.1497248515026534,3,3,0,0
24,6,Nancy Kerrigan,33.5,0.1348487216418182,4,4,0,0
24,6,Bonner Bolton,31.5,0.1236131519122934,6,5,1,0
24,6,David Ross,31.0,0.118835152529438,7,6,1,0
24,6,Nick Viall,30.5,0.1159451042773438,8,7,1,0
24,6,Heather Morris,37.0,0.0257765972611157,5,8,-3,1
24,7,Normani,42.0,0.6607777259553892,1,1,0,0
24,7,Rashad Jennings,39.0,0.1298514147589747,2,2,0,0
24,7,Simone Biles,39.0,0.1246860362680315,3,3,0,0
24,7,Nancy Kerrigan,36.0,0.0252050797943934,4,4,0,1
24,7,David Ross,32.0,0.0259517903741869,6,5,1,0
24,7,Bonner Bolton,31.0,0.029329901799786,5,6,-1,0
24,7,Nick Viall,34.0,0.0041980510492379,7,7,0,1
24,8,Normani,39.5,0.6571396670777224,1,1,0,0
24,8,Rashad Jennings,37.5,0.2252386487006723,2,2,0,0
24,8,Simone Biles,36.0,0.1010223037936657,3,3,0,0
24,8,David Ross,32.5,0.015598153972526,4,4,0,0
24,8,Bonner Bolton,29.0,0.0010012264554131,5,5,0,1
24,9,Rashad Jennings,38.5,0.3272972584994676,1,1,0,0
24,9,Normani,38.0,0.3138151269837304,2,2,0,0
24,9,David Ross,35.0,0.272319945219798,4,3,1,0
24,9,Simone Biles,40.0,0.0865676692970033,3,4,-1,1
25,2,Frankie Muniz,24.0,0.2956919192328046,1,1,0,0
25,2,Jordan Fisher,24.0,0.2950564511645807,2,2,0,0
25,2,Vanessa Lachey,23.5,0.1841280936590662,3,3,0,0
25,2,Lindsey Stirling,22.5,0.0721392953023035,4,4,0,0
25,2,Sasha Pieterse,22.5,0.0719342466407568,5,5,0,0
25,2,Victoria Arlen,22.0,0.0450581068451076,6,6,0,0
25,2,Debbie Gibson,20.5,0.0109802400070943,7,7,0,1
25,2,Drew Scott,20.5,0.0109761175373028,8,8,0,0
25,2,Terrell Owens,19.5,0.0042882343648783,9,9,0,0
25,2,Nikki Bella,19.5,0.004287830520268,10,10,0,0
25,2,Nick Lachey,19.0,0.0026895745610635,11,11,0,0
25,2,Derek Fisher,19.0,0.002636025000648,12,12,0,0
25,2,Barbara Corcoran,17.0,0.0001338651641244,13,13,0,1
25,4,Jordan Fisher,29.0,0.8340815592267019,1,1,0,0
25,4,Victoria Arlen,27.0,0.0982917861326509,2,2,0,0
25,4,Lindsey Stirling,26.0,0.0341731091654307,3,3,0,0
25,4,Nikki Bella,24.0,0.0043113087259689,4,4,0,0
25,4,Drew Scott,24.0,0.0041513607320403,5,5,0,0
25,4,Frankie Muniz,24.0,0.0041203334269486,6,6,0,0
25,4,Vanessa Lachey,24.0,0.0039842972358753,7,7,0,0
25,4,Sasha Pieterse,24.0,0.003857244390674,8,8,0,0
25,4,Terrell Owens,24.0,0.0038011017741772,9,9,0,0
25,4,Nick Lachey,22.0,0.0088790812222971,10,10,0,0
25,4,Derek Fisher,23.0,0.0003488179672362,11,11,0,1
25,5,Jordan Fisher,30.0,0.5466586772411444,1,1,0,0
25,5,Frankie Muniz,29.0,0.2310175608978456,2,2,0,0
25,5,Lindsey Stirling,28.0,0.0974662440979668,3,3,0,0
25,5,Victoria Arlen,27.0,0.042293378242183,4,4,0,0
25,5,Nikki Bella,27.0,0.0408433676841432,5,5,0,0
25,5,Nick Lachey,22.0,0.019949179034217,8,6,2,0
25,5,Terrell Owens,25.0,0.0084289120481878,6,7,-1,0
25,5,Drew Scott,25.0,0.0072089239293402,7,8,-1,0
25,5,Vanessa Lachey,24.0,0.0058293122929135,9,9,0,0
25,5,Sasha Pieterse,24.0,0.0003044445320583,10,10,0,1
25,6,Lindsey Stirling,40.0,0.441240063674287,1,1,0,0
25,6,Jordan Fisher,39.0,0.2811262559711353,2,2,0,0
25,6,Terrell Owens,37.0,0.1131754012562766,3,3,0,0
25,6,Nikki Bella,36.0,0.0722557331150495,4,4,0,0
25,6,Vanessa Lachey,36.0,0.0718952109843904,5,5,0,0
25,6,Frankie Muniz,31.0,0.0076282362271315,6,6,0,0
25,6,Victoria Arlen,31.0,0.0074655437056453,7,7,0,0
25,6,Drew Scott,30.0,0.0049114553798601,8,8,0,0
25,6,Nick Lachey,26.0,0.0003020996862271,9,9,0,1
25,7,Frankie Muniz,30.0,0.6480325137692745,1,1,0,0
25,7,Victoria Arlen,28.5,0.1407855666492099,2,2,0,0
25,7,Drew Scott,28.5,0.140626909223038,3,3,0,0
25,7,Jordan Fisher,27.0,0.0307819814043061,4,4,0,0
25,7,Vanessa Lachey,27.0,0.0304866325239256,5,5,0,1
25,7,Lindsey Stirling,25.5,0.0066418600758809,6,6,0,0
25,7,Terrell Owens,24.5,0.0024796520508875,7,7,0,0
25,7,Nikki Bella,24.0,0.0001648843034781,8,8,0,1
25,8,Jordan Fisher,30.0,0.8595275036845701,1,1,0,0
25,8,Lindsey Stirling,27.0,0.046823550853695,2,2,0,0
25,8,Frankie Muniz,26.5,0.0322058273917094,3,3,0,0
25,8,Drew Scott,23.5,0.0318337448596567,4,4,0,0
25,8,Victoria Arlen,24.0,0.0265040858362661,5,5,0,0
25,8,Terrell Owens,25.5,0.003105287374102,6,6,0,1
25,9,Jordan Fisher,29.0,0.4926584280648671,1,1,0,0
25,9,Lindsey Stirling,28.5,0.2928923099222733,2,2,0,0
25,9,Frankie Muniz,25.5,0.120190251191657,3,3,0,0
25,9,Victoria Arlen,28.0,0.0716359370724864,4,4,0,1
25,9,Drew Scott,24.0,0.0226230737487166,5,5,0,0
26,1,Josh Norman,24.0,0.3221491292775142,1,1,0,0
26,1,Adam Rippon,24.0,0.320160270756089,2,2,0,0
26,1,Tonya Harding,23.0,0.1373866347164702,3,3,0,0
26,1,Mirai Nagasu,23.0,0.1357212659233978,4,4,0,0
26,1,Jennie Finch Daigle,21.0,0.0256897737060187,5,5,0,0
26,1,Chris Mazdzer,21.0,0.0253777045997489,6,6,0,0
26,1,Arike Ogunbowale,20.0,0.0109055237746333,7,7,0,0
26,1,Kareem Abdul-Jabbar,17.0,0.01710475273254,8,8,0,0
26,1,Jamie Anderson,19.0,0.0041882544726448,9,9,0,1
26,1,Johnny Damon,18.0,0.0013166900409422,10,10,0,1
26,2,Mirai Nagasu,37.0,0.4318072012749412,1,1,0,0
26,2,Adam Rippon,37.0,0.4315565019952673,2,2,0,0
26,2,Arike Ogunbowale,35.0,0.0887679891658384,3,3,0,1
26,2,Tonya Harding,33.0,0.0182942231467805,4,4,0,0
26,2,Chris Mazdzer,33.0,0.0181233283543159,5,5,0,0
26,2,Josh Norman,31.5,0.0056451709266214,6,6,0,0
26,2,Jennie Finch Daigle,31.5,0.005494824262414,7,7,0,0
26,2,Kareem Abdul-Jabbar,29.5,0.0003107608738173,8,8,0,1
26,3,Adam Rippon,41.0,0.7689716435943107,1,1,0,0
26,3,Josh Norman,38.0,0.1558369370809898,2,2,0,0
26,3,Mirai Nagasu,35.0,0.0317438856101824,3,3,0,1
26,3,Tonya Harding,35.0,0.0312913571885607,4,4,0,0
26,3,Chris Mazdzer,33.0,0.0109185623216899,5,5,0,1
26,3,Jennie Finch Daigle,29.0,0.0012376142042631,6,6,0,1
27,1,DeMarcus Ware,23.0,0.3035285526784432,1,1,0,0
27,1,Tinashe,23.0,0.2970395732766558,2,2,0,0
27,1,Juan Pablo Di Pace,22.0,0.1322662604611825,3,3,0,0
27,1,Alexis Ren,22.0,0.1302270522676773,4,4,0,0
27,1,Mary Lou Retton,20.0,0.0300903499322238,5,5,0,0
27,1,Milo Manheim,20.0,0.0263491507055106,6,6,0,0
27,1,Bobby Bones,20.0,0.0213415872151176,7,7,0,0
27,1,Nancy McKeon,19.5,0.0147333188350127,8,8,0,0
27,1,Joe Amabile,14.0,0.0286834728091332,9,9,0,0
27,1,John Schneider,18.0,0.0055829342815253,10,10,0,0
27,1,Evanna Lynch,18.0,0.0049218042507847,11,11,0,0
27,1,Danelle Umstead,18.0,0.0048948521332058,12,12,0,0
27,1,Nikki Glaser,17.5,0.0003410911535266,13,13,0,1
27,2,Juan Pablo Di Pace,26.0,0.2490421950414148,1,1,0,0
27,2,Milo Manheim,26.0,0.2480762861374437,2,2,0,0
27,2,Tinashe,26.0,0.2473309434874467,3,3,0,0
27,2,Alexis Ren,24.5,0.0857979735633611,4,4,0,0
27,2,Evanna Lynch,24.0,0.06167548561713,5,5,0,0
27,2,DeMarcus Ware,23.5,0.0436554500583721,6,6,0,0
27,2,Mary Lou Retton,23.0,0.0305162236503745,7,7,0,0
27,2,John Schneider,21.5,0.0106548209261233,8,8,0,0
27,2,Nancy McKeon,20.5,0.0053461978963386,9,9,0,0
27,2,Joe Amabile,17.5,0.0148502298939797,10,10,0,0
27,2,Bobby Bones,19.5,0.0028483184555943,11,11,0,0
27,2,Danelle Umstead,18.5,0.0002058752724209,12,12,0,1
27,3,Juan Pablo Di Pace,30.0,0.5849949760891923,1,1,0,0
27,3,Milo Manheim,27.0,0.0923578565773114,2,2,0,0
27,3,Evanna Lynch,27.0,0.0914238800381958,3,3,0,0
27,3,Tinashe,27.0,0.0912826777036689,4,4,0,0
27,3,Alexis Ren,26.0,0.0501095023604601,5,5,0,0
27,3,DeMarcus Ware,26.0,0.0495928876978807,6,6,0,0
27,3,Mary Lou Retton,24.0,0.0146895660788872,7,7,0,0
27,3,Bobby Bones,23.0,0.0081811388213237,9,8,1,0
27,3,John Schneider,21.0,0.0148762178942996,8,9,-1,0
27,3,Nancy McKeon,22.0,0.0008004875525271,10,10,0,1
27,3,Joe Amabile,18.0,0.0016908091862525,11,11,0,0
27,4,Milo Manheim,29.0,0.1501589594981112,1,1,0,0
27,4,Mary Lou Retton,26.0,0.1120380041379129,2,2,0,0
27,4,Alexis Ren,25.0,0.1036344901363949,4,3,1,0
27,4,Juan Pablo Di Pace,24.0,0.1037954188314033,3,4,-1,0
27,4,Evanna Lynch,24.0,0.0987272200116016,8,5,3,0
27,4,DeMarcus Ware,22.0,0.106087314031649,5,6,-1,0
27,4,John Schneider,21.0,0.1011576095033254,9,7,2,0
27,4,Bobby Bones,20.0,0.096804658803269,10,8,2,0
27,4,Joe Amabile,15.0,0.1161668350139893,6,9,-3,0
27,4,Tinashe,26.0,0.0114294900323432,7,10,-3,1
27,6,Milo Manheim,30.0,0.327773876971389,1,1,0,0
27,6,Juan Pablo Di Pace,30.0,0.3200612705613083,2,2,0,0
27,6,Evanna Lynch,29.0,0.1904657838754485,3,3,0,0
27,6,Alexis Ren,27.0,0.0638861383022495,4,4,0,0
27,6,DeMarcus Ware,26.0,0.0363028852937816,5,5,0,0
27,6,Joe Amabile,22.0,0.0266666597719332,6,6,0,0
27,6,Bobby Bones,22.0,0.0259690279611629,7,7,0,0
27,6,Mary Lou Retton,24.0,0.0026190939494831,8,8,0,1
27,6,John Schneider,19.0,0.0062552633132435,9,9,0,0
27,7,Evanna Lynch,29.5,0.4960050686527258,1,1,0,0
27,7,Milo Manheim,29.0,0.2741431052165883,2,2,0,0
27,7,Juan Pablo Di Pace,28.0,0.0902050280175104,3,3,0,0
27,7,Alexis Ren,27.5,0.0481634596254972,4,4,0,0
27,7,John Schneider,27.0,0.0246150818738095,5,5,0,1
27,7,Joe Amabile,23.5,0.0387126235080839,6,6,0,0
27,7,Bobby Bones,26.5,0.0222766976392608,7,7,0,0
27,7,DeMarcus Ware,26.5,0.0058789354665235,8,8,0,1
27,8,Juan Pablo Di Pace,30.0,0.4416390117571085,1,1,0,1
27,8,Evanna Lynch,29.0,0.2251101259268894,2,2,0,0
27,8,Alexis Ren,29.0,0.2248030832013188,3,3,0,0
27,8,Milo Manheim,27.5,0.0832488611908257,4,4,0,0
27,8,Bobby Bones,22.5,0.0242316375707662,5,5,0,0
27,8,Joe Amabile,23.0,0.0009672803530892,6,6,0,1
28,2,Hannah Brown,24.0,0.6714484437751237,1,1,0,0
28,2,Kate Flannery,21.0,0.0976095498380712,2,2,0,0
28,2,James Van Der Beek,20.0,0.0514977397352128,3,3,0,0
28,2,Kel Mitchell,20.0,0.0513697590418721,4,4,0,0
28,2,Ally Brooke,20.0,0.0513622282480882,5,5,0,0
28,2,Karamo Brown,19.0,0.0271060691794659,6,6,0,0
28,2,Lauren Alaina,19.0,0.0269982852438677,7,7,0,0
28,2,Sailor Brinkley-Cook,18.0,0.0141694397395408,8,8,0,0
28,2,Sean Spicer,16.0,0.0047207750695619,9,9,0,0
28,2,Mary Wilson,15.0,0.0016821089736861,10,10,0,1
28,2,Ray Lewis,15.0,0.0016818939039548,11,11,0,1
28,2,Lamar Odom,12.0,0.0003537072515533,12,12,0,0
28,4,Ally Brooke,32.0,0.19968929625994,1,1,0,0
28,4,Hannah Brown,32.0,0.1988006225449343,2,2,0,0
28,4,Lauren Alaina,32.0,0.1986752966370733,3,3,0,0
28,4,Kel Mitchell,32.0,0.1986528254189974,4,4,0,0
28,4,Sailor Brinkley-Cook,31.0,0.1260750868299561,5,5,0,0
28,4,Karamo Brown,28.0,0.0319117214988828,6,6,0,0
28,4,James Van Der Beek,28.0,0.0317282873225591,7,7,0,0
28,4,Kate Flannery,26.0,0.0125629658915028,8,8,0,0
28,4,Sean Spicer,21.0,0.0012874457779072,9,9,0,0
28,4,Lamar Odom,20.0,0.0006164518182474,10,10,0,1
28,6,Hannah Brown,24.0,0.265876846297285,5,1,4,0
28,6,Karamo Brown,25.0,0.1756614326161716,2,2,0,0
28,6,Ally Brooke,25.0,0.1691769347406745,6,3,3,0
28,6,Kel Mitchell,26.0,0.1055493030544244,3,4,-1,0
28,6,Lauren Alaina,26.0,0.1012901709951258,7,5,2,0
28,6,James Van Der Beek,27.0,0.0586843934458545,1,6,-5,0
28,6,Kate Flannery,27.0,0.0567996948011492,4,7,-3,0
28,6,Sean Spicer,21.0,0.0540767842515839,9,8,1,0
28,6,Sailor Brinkley-Cook,27.0,0.012884439797731,8,9,-1,1
28,7,Ally Brooke,27.0,0.2723533493100045,1,1,0,0
28,7,James Van Der Beek,27.0,0.2718407898739241,2,2,0,0
28,7,Lauren Alaina,27.0,0.2700421320520024,3,3,0,0
28,7,Hannah Brown,26.0,0.0850304480273102,4,4,0,0
28,7,Kate Flannery,24.0,0.0515139479328843,6,5,1,0
28,7,Kel Mitchell,25.5,0.0411727882896516,5,6,-1,0
28,7,Karamo Brown,24.5,0.0061619057589426,7,7,0,1
28,7,Sean Spicer,21.0,0.0018846387552804,8,8,0,0
28,8,James Van Der Beek,31.9998,0.4146658969390594,1,1,0,0
28,8,Hannah Brown,30.9998,0.2459159878190128,2,2,0,0
28,8,Ally Brooke,30.0,0.1356286078979184,3,3,0,0
28,8,Kel Mitchell,29.9998,0.1319931692554884,4,4,0,0
28,8,Lauren Alaina,24.0,0.0591562257832539,5,5,0,0
28,8,Kate Flannery,25.9998,0.0071387536430985,6,6,0,1
28,8,Sean Spicer,20.0,0.0055013586621679,7,7,0,0
28,9,Ally Brooke,40.0,0.5816137560410515,1,1,0,0
28,9,Kel Mitchell,37.0,0.1610183133599669,2,2,0,0
28,9,James Van Der Beek,36.0,0.1038925754151217,3,3,0,0
28,9,Hannah Brown,35.5,0.0843499986500095,4,4,0,0
28,9,Lauren Alaina,35.0,0.0682295610053397,5,5,0,0
28,9,Sean Spicer,25.0,0.0008957955285171,6,6,0,1
28,10,Ally Brooke,29.5,0.7749645713507523,1,1,0,0
28,10,Kel Mitchell,28.5,0.1818301328874127,2,2,0,0
28,10,Hannah Brown,27.0,0.020484320837807,3,3,0,0
28,10,Lauren Alaina,27.0,0.0203999345024451,4,4,0,0
28,10,James Van Der Beek,25.5,0.0023210404215822,5,5,0,1
29,2,Kaitlyn Bristowe,22.0,0.4767623723772399,1,1,0,0
29,2,Nev Schulman,21.0,0.1816907364217486,2,2,0,0
29,2,Justina Machado,21.0,0.1813360306932214,3,3,0,0
29,2,Jesse Metcalfe,20.0,0.0693022178211443,4,4,0,0
29,2,AJ McLean,19.0,0.0264538657299285,5,5,0,0
29,2,Anne Heche,18.0,0.0101548161961457,6,6,0,0
29,2,Chrishell Stause,18.0,0.010144365776136,7,7,0,0
29,2,Jeannie Mai,18.0,0.0101114899487102,8,8,0,0
29,2,Veron Davis,18.0,0.0101009114308513,9,9,0,0
29,2,Nelly,18.0,0.0100725161434012,10,10,0,0
29,2,Johnny Weir,18.0,0.0100714128071347,11,11,0,0
29,2,Monica Aldama,16.0,0.0016270394870762,12,12,0,0
29,2,Carole Baskin,16.0,0.0015057588038381,13,13,0,0
29,2,Skai Jackson,15.0,0.0006061074112872,14,14,0,0
29,2,Charles Oakley,15.0,6.035895214246736e-05,15,15,0,1
29,3,Nev Schulman,24.0,0.2525934182143227,1,1,0,0
29,3,Johnny Weir,24.0,0.2519419794313854,2,2,0,0
29,3,Kaitlyn Bristowe,23.0,0.1376391124428046,3,3,0,0
29,3,Veron Davis,22.0,0.0755382230707358,4,4,0,0
29,3,Jeannie Mai,22.0,0.0753171793642195,5,5,0,0
29,3,Chrishell Stause,22.0,0.0750386464818705,6,6,0,0
29,3,AJ McLean,21.0,0.0413498759970023,7,7,0,0
29,3,Monica Aldama,21.0,0.0412004535764567,8,8,0,0
29,3,Jesse Metcalfe,20.0,0.0224175772230099,9,9,0,0
29,3,Justina Machado,19.0,0.0123513053038157,10,10,0,0
29,3,Nelly,18.0,0.0067543619321486,11,11,0,0
29,3,Skai Jackson,18.0,0.0066856852860815,12,12,0,0
29,3,Anne Heche,15.0,0.0011146616771768,13,13,0,0
29,3,Carole Baskin,12.0,5.751999896758455e-05,14,14,0,1
29,4,Skai Jackson,28.0,0.8709543610949072,1,1,0,0
29,4,Kaitlyn Bristowe,25.0,0.0429304304818253,2,2,0,0
29,4,AJ McLean,24.0,0.0158592515330768,3,3,0,0
29,4,Nev Schulman,24.0,0.0158444446740735,4,4,0,0
29,4,Justina Machado,24.0,0.0157382020393437,5,5,0,0
29,4,Monica Aldama,24.0,0.0156872769406021,6,6,0,0
29,4,Johnny Weir,24.0,0.0156306840773082,7,7,0,0
29,4,Veron Davis,22.0,0.0021937738425412,8,8,0,0
29,4,Chrishell Stause,22.0,0.0021521618143758,9,9,0,0
29,4,Jesse Metcalfe,21.0,0.0009962842287838,10,10,0,0
29,4,Nelly,21.0,0.0009945323013724,11,11,0,0
29,4,Jeannie Mai,21.0,0.0009895591782057,12,12,0,0
29,4,Anne Heche,21.0,2.90377935802404e-05,13,13,0,1
29,5,Johnny Weir,29.0,0.5988755759485582,1,1,0,0
29,5,Kaitlyn Bristowe,27.0,0.1510336835944569,2,2,0,0
29,5,Nev Schulman,26.0,0.0756572578483371,3,3,0,0
29,5,Monica Aldama,26.0,0.0756267986901325,4,4,0,0
29,5,Jeannie Mai,24.0,0.0191316392657795,5,5,0,0
29,5,Nelly,24.0,0.0191040972788681,6,6,0,0
29,5,AJ McLean,24.0,0.0189870565228771,7,7,0,0
29,5,Justina Machado,24.0,0.0189684798261863,8,8,0,0
29,5,Skai Jackson,24.0,0.0189661994916283,9,9,0,0
29,5,Veron Davis,21.0,0.0028649719194012,10,10,0,0
29,5,Chrishell Stause,19.0,0.0007031375450386,11,11,0,0
29,5,Jesse Metcalfe,19.0,8.11020687378089e-05,12,12,0,1
29,6,Justina Machado,27.0,0.19939939853004,1,1,0,0
29,6,AJ McLean,27.0,0.1993478473045302,2,2,0,0
29,6,Kaitlyn Bristowe,27.0,0.1986738784672621,3,3,0,0
29,6,Monica Aldama,27.0,0.198435522812011,4,4,0,0
29,6,Nev Schulman,26.0,0.0983822838818,5,5,0,0
29,6,Jeannie Mai,25.0,0.0490849802047005,6,6,0,0
29,6,Chrishell Stause,24.0,0.0245442434830643,7,7,0,0
29,6,Nelly,24.0,0.0243933359082201,8,8,0,0
29,6,Johnny Weir,22.0,0.0063805992245379,9,9,0,0
29,6,Veron Davis,21.0,0.0009922823902554,10,10,0,1
29,6,Skai Jackson,18.0,0.0003656277935741,11,11,0,0
29,7,Nev Schulman,30.0,0.8237413317166268,1,1,0,0
29,7,Johnny Weir,27.0,0.0411518007558453,2,2,0,0
29,7,Nelly,27.0,0.0410707939523167,3,3,0,0
29,7,Skai Jackson,27.0,0.0410122141333751,4,4,0,0
29,7,AJ McLean,26.0,0.0151411355536536,5,5,0,0
29,7,Chrishell Stause,26.0,0.0150835774187326,6,6,0,0
29,7,Justina Machado,26.0,0.0150117947154678,7,7,0,0
29,7,Jeannie Mai,25.0,0.0055115441744268,8,8,0,1
29,7,Kaitlyn Bristowe,24.0,0.0020082434443163,9,9,0,0
29,7,Monica Aldama,22.0,0.0002675641352372,10,10,0,1
29,8,Nev Schulman,30.0,0.3886939750409551,1,1,0,0
29,8,Johnny Weir,30.0,0.3873445119551189,2,2,0,0
29,8,Justina Machado,28.9998,0.1291290920949473,3,3,0,0
29,8,Skai Jackson,26.9998,0.049201849378742,5,4,1,0
29,8,Kaitlyn Bristowe,28.0,0.0271813627762305,4,5,-1,0
29,8,AJ McLean,27.0,0.0142346667072698,6,6,0,0
29,8,Chrishell Stause,27.0,0.0026014223293282,7,7,0,1
29,8,Nelly,24.0,0.0016131197174066,8,8,0,0
29,9,Kaitlyn Bristowe,30.0,0.3454597651542578,1,1,0,0
29,9,Johnny Weir,30.0,0.3450423617985732,2,2,0,0
29,9,Skai Jackson,28.9998,0.1465533907764593,3,3,0,0
29,9,Nev Schulman,28.9998,0.1460610524436479,4,4,0,0
29,9,Justina Machado,25.9998,0.0114007869108091,5,5,0,0
29,9,AJ McLean,24.9998,0.0035928538497054,6,6,0,1
29,9,Nelly,24.0,0.0018897890665481,7,7,0,0
29,10,Nev Schulman,30.0,0.4725748449165154,1,1,0,0
29,10,Kaitlyn Bristowe,30.0,0.4718228420554896,2,2,0,0
29,10,Justina Machado,29.0,0.0352743766931599,3,3,0,0
29,10,Johnny Weir,28.5,0.0091020944242559,4,4,0,1
29,10,Skai Jackson,28.5,0.0086922442445984,5,5,0,1
29,10,Nelly,28.0,0.0025335976659778,6,6,0,0
30,2,Amanda Kloots,32.0,0.3976560744301597,1,1,0,0
30,2,JoJo Siwa,31.0,0.2410734343771878,2,2,0,0
30,2,Melanie C,30.0,0.1468746666070867,3,3,0,0
30,2,Suni Lee,28.0,0.0542077627987437,4,4,0,0
30,2,Jimmie Allen,27.0,0.0330038166503507,5,5,0,0
30,2,Melora Hardin,27.0,0.0329690968810267,6,6,0,0
30,2,Olivia Jade,27.0,0.032912277499524,7,7,0,0
30,2,"Mike ""The Miz"" Mizanin",26.0,0.0199654990274078,8,8,0,0
30,2,Iman Shumpert,25.0,0.0120021917692209,9,9,0,0
30,2,Christine Chiu,24.0,0.0074446111141991,10,10,0,0
30,2,Kenya Moore,24.0,0.0073428391020313,11,11,0,0
30,2,Cody Rigsby,24.0,0.0073382129347056,12,12,0,0
30,2,Brian Austin Green,23.0,0.0044339496994951,13,13,0,0
30,2,Matt James,22.0,0.0027500861296435,14,14,0,0
30,2,Martin Kove,15.0,2.5480979215651476e-05,15,15,0,1
30,3,Amanda Kloots,24.0,0.1183325774056823,1,1,0,0
30,3,JoJo Siwa,24.0,0.1165026091669512,2,2,0,0
30,3,Olivia Jade,24.0,0.1142937677705619,3,3,0,0
30,3,Melora Hardin,23.0,0.0837803653546744,4,4,0,0
30,3,Iman Shumpert,19.0,0.0763134968826927,7,5,2,0
30,3,Jimmie Allen,20.0,0.0666164128791552,8,6,2,0
30,3,Melanie C,22.0,0.0597601587119105,5,7,-2,0
30,3,Matt James,20.0,0.0656827596009917,10,8,2,0
30,3,Brian Austin Green,19.0,0.0683925401989673,9,9,0,0
30,3,"Mike ""The Miz"" Mizanin",22.0,0.0579436811171662,6,10,-4,0
30,3,Cody Rigsby,18.0,0.0652264072335639,14,11,3,0
30,3,Kenya Moore,21.0,0.0519545222844554,11,12,-1,0
30,3,Suni Lee,21.0,0.0490426998780512,12,13,-1,0
30,3,Christine Chiu,21.0,0.0061580015151758,13,14,-1,1
30,4,Melora Hardin,36.5,0.4244741740144967,1,1,0,0
30,4,Olivia Jade,35.0,0.1525450152277452,2,2,0,0
30,4,JoJo Siwa,35.0,0.1521830254359233,3,3,0,0
30,4,Suni Lee,34.0,0.0772542478590537,4,4,0,0
30,4,Amanda Kloots,34.0,0.0770801321269947,5,5,0,0
30,4,Melanie C,33.0,0.0389702337127855,6,6,0,0
30,4,Jimmie Allen,32.5,0.0276807991583521,7,7,0,0
30,4,"Mike ""The Miz"" Mizanin",32.5,0.0275889462977633,8,8,0,0
30,4,Iman Shumpert,31.5,0.0140976961155245,9,9,0,0
30,4,Kenya Moore,29.5,0.0035054973392687,10,10,0,0
30,4,Cody Rigsby,29.0,0.0025368682824962,11,11,0,0
30,4,Matt James,28.5,0.0017870918456802,12,12,0,1
30,4,Brian Austin Green,26.0,0.0002962725839172,13,13,0,1
30,5,JoJo Siwa,40.0,0.1417499124213976,1,1,0,0
30,5,"Mike ""The Miz"" Mizanin",32.0,0.1344153506846385,5,2,3,0
30,5,Cody Rigsby,32.0,0.1331683798506927,7,3,4,0
30,5,Amanda Kloots,39.0,0.1112737961432818,2,4,-2,0
30,5,Jimmie Allen,34.0,0.1167510550053825,8,5,3,0
30,5,Suni Lee,36.0,0.0772156173555986,3,6,-3,0
30,5,Olivia Jade,36.0,0.0757997798219771,4,7,-3,0
30,5,Melora Hardin,36.0,0.0742892847967075,6,8,-2,0
30,5,Kenya Moore,36.0,0.0631075515731223,9,9,0,0
30,5,Iman Shumpert,28.0,0.0600179470057878,11,10,1,0
30,5,Melanie C,36.0,0.0122113253414131,10,11,-1,1
30,6,JoJo Siwa,40.0,0.3934588103263826,1,1,0,0
30,6,Iman Shumpert,40.0,0.3932013055808213,2,2,0,0
30,6,Amanda Kloots,38.0,0.0792815729640795,3,3,0,0
30,6,Jimmie Allen,38.0,0.0791670645089376,4,4,0,0
30,6,Suni Lee,36.0,0.0160660949511048,5,5,0,0
30,6,Olivia Jade,36.0,0.0160553603277591,6,6,0,0
30,6,Cody Rigsby,36.0,0.0160296785020178,7,7,0,0
30,6,Melora Hardin,34.0,0.0032916417486059,8,8,0,0
30,6,"Mike ""The Miz"" Mizanin",34.0,0.0032189580322443,9,9,0,0
30,6,Kenya Moore,32.0,0.0002295130580494,10,10,0,1
30,7,Olivia Jade,42.0,0.7670028314351697,1,1,0,0
30,7,JoJo Siwa,39.0,0.1025871454148129,2,2,0,0
30,7,Melora Hardin,38.0,0.0526318263694776,3,3,0,0
30,7,Jimmie Allen,38.0,0.0526068428414115,4,4,0,0
30,7,Cody Rigsby,36.0,0.0137939763350909,5,5,0,0
30,7,Amanda Kloots,34.0,0.0036232293748223,6,6,0,0
30,7,Iman Shumpert,34.0,0.0035864820424521,7,7,0,0
30,7,Suni Lee,34.0,0.0035767458250695,8,8,0,0
30,7,"Mike ""The Miz"" Mizanin",32.0,0.0005909203616851,9,9,0,1
30,8,Melora Hardin,42.0,0.2673347409136959,1,1,0,0
30,8,Suni Lee,42.0,0.266997693083506,2,2,0,0
30,8,Amanda Kloots,42.0,0.266734696009788,3,3,0,0
30,8,JoJo Siwa,41.0,0.1538639678002639,4,4,0,0
30,8,Cody Rigsby,38.0,0.0289349613130715,5,5,0,0
30,8,Olivia Jade,36.0,0.0096789227644031,6,6,0,1
30,8,Iman Shumpert,35.0,0.0054391498708892,7,7,0,0
30,8,Jimmie Allen,32.0,0.0010158682443848,8,8,0,1
30,9,JoJo Siwa,40.0,0.604330760360064,1,1,0,0
30,9,Amanda Kloots,39.5,0.3300500518589368,2,2,0,0
30,9,Suni Lee,37.5,0.029288906904927,3,3,0,1
30,9,Iman Shumpert,37.5,0.0291076889920998,4,4,0,0
30,9,Melora Hardin,36.0,0.0046515276112382,5,5,0,1
30,9,Cody Rigsby,35.5,0.0025710642727358,6,6,0,0
31,1,Charli D'Amelio,32.0,0.5104984943035511,1,1,0,0
31,1,Wayne Brady,29.0,0.1282816931640927,2,2,0,0
31,1,Selma Blair,28.0,0.0811415817439404,3,3,0,0
31,1,Shangela,28.0,0.081066479754564,4,4,0,0
31,1,Gabby Windey,28.0,0.0808136491082312,5,5,0,0
31,1,Daniel Durant,27.0,0.0511541115633994,6,6,0,0
31,1,Jordin Sparks,26.0,0.0322607576080639,7,7,0,0
31,1,Heidi D'Amelio,24.0,0.01281504957131,8,8,0,0
31,1,Joseph Baena,23.0,0.008138604275631,9,9,0,0
31,1,Trevor Donovan,21.0,0.0033476410856199,10,10,0,0
31,1,Cheryl Ladd,21.0,0.003278517243481,11,11,0,0
31,1,Teresa Giudice,20.0,0.002234292782584,12,12,0,0
31,1,Jessie James Decker,20.0,0.002169659514211,13,13,0,0
31,1,Sam Champion,20.0,0.0021587680182904,14,14,0,0
31,1,Jason Lewis,18.0,6.068310244843846e-05,16,15,1,1
31,1,Vinny Guadagnino,17.0,0.0005800171605843,15,16,-1,0
31,2,Charli D'Amelio,32.0,0.2618702030678476,1,1,0,0
31,2,Gabby Windey,32.0,0.2617131905864377,2,2,0,0
31,2,Wayne Brady,32.0,0.2611594501144064,3,3,0,0
31,2,Trevor Donovan,30.0,0.0750412930010289,4,4,0,0
31,2,Daniel Durant,29.0,0.0400655753181491,5,5,0,0
31,2,Selma Blair,28.0,0.0216385617609644,6,6,0,0
31,2,Heidi D'Amelio,28.0,0.0215142915944582,7,7,0,0
31,2,Shangela,28.0,0.021472124556141,8,8,0,0
31,2,Jordin Sparks,27.0,0.0115864812044992,9,9,0,0
31,2,Vinny Guadagnino,27.0,0.0115574252298531,10,10,0,0
31,2,Sam Champion,26.0,0.0062271828462229,11,11,0,0
31,2,Jessie James Decker,25.0,0.0033884707984931,12,12,0,0
31,2,Joseph Baena,24.0,0.0023556014449316,13,13,0,0
31,2,Teresa Giudice,23.0,5.016208631805731e-05,15,14,1,1
31,2,Cheryl Ladd,21.0,0.0003599863902479,14,15,-1,0
31,3,Gabby Windey,33.0,0.2333282247829868,1,1,0,0
31,3,Charli D'Amelio,33.0,0.2331876700088194,2,2,0,0
31,3,Wayne Brady,33.0,0.2331167049687667,3,3,0,0
31,3,Heidi D'Amelio,32.0,0.1273200408838567,4,4,0,0
31,3,Daniel Durant,31.0,0.0695981577960185,5,5,0,0
31,3,Shangela,30.0,0.0377611516486913,6,6,0,0
31,3,Joseph Baena,29.0,0.0207134539917191,7,7,0,0
31,3,Jordin Sparks,29.0,0.0207096328779648,8,8,0,0
31,3,Selma Blair,28.0,0.0113805209333061,9,9,0,0
31,3,Trevor Donovan,27.0,0.0062816876407934,10,10,0,0
31,3,Jessie James Decker,26.0,0.0033743923224032,11,11,0,0
31,3,Sam Champion,25.0,0.002446768765827,12,12,0,0
31,3,Cheryl Ladd,24.0,4.6519954134769904e-05,14,13,1,1
31,3,Vinny Guadagnino,23.0,0.0007350734247073,13,14,-1,0
31,4,Wayne Brady,36.0,0.2547402032247108,1,1,0,0
31,4,Gabby Windey,36.0,0.2545824319939246,2,2,0,0
31,4,Charli D'Amelio,36.0,0.254563654334757,3,3,0,0
31,4,Heidi D'Amelio,34.0,0.0794684023240647,4,4,0,0
31,4,Jordin Sparks,34.0,0.0792924719439598,5,5,0,0
31,4,Selma Blair,32.0,0.0248629493335266,6,6,0,0
31,4,Shangela,32.0,0.0247651952925085,7,7,0,0
31,4,Jessie James Decker,31.0,0.014015890372515,8,8,0,0
31,4,Daniel Durant,29.0,0.0043923617746613,9,9,0,0
31,4,Vinny Guadagnino,29.0,0.0043304255507177,10,10,0,0
31,4,Joseph Baena,28.0,0.0024487697705937,11,11,0,0
31,4,Trevor Donovan,28.0,0.0024279522921398,12,12,0,0
31,4,Sam Champion,25.0,0.0001092917919199,13,13,0,1
31,5,Charli D'Amelio,42.0,0.3645198552363408,1,1,0,0
31,5,Wayne Brady,41.0,0.1982595011409426,2,2,0,0
31,5,Gabby Windey,41.0,0.1980435019447835,3,3,0,0
31,5,Selma Blair,40.0,0.106705082675573,4,4,0,1
31,5,Heidi D'Amelio,39.0,0.0576863487028817,5,5,0,0
31,5,Shangela,38.5,0.0425716601112907,6,6,0,0
31,5,Jessie James Decker,36.0,0.0089641850823912,7,7,0,0
31,5,Trevor Donovan,36.0,0.0089366810742858,8,8,0,0
31,5,Jordin Sparks,35.5,0.0075894870379455,9,9,0,0
31,5,Daniel Durant,33.5,0.0054044751974709,10,10,0,0
31,5,Joseph Baena,35.0,0.0004272397514229,11,11,0,1
31,5,Vinny Guadagnino,31.0,0.0008919820446715,12,12,0,0
31,6,Charli D'Amelio,40.0,0.738068068662039,1,1,0,0
31,6,Gabby Windey,37.0,0.1000583359372456,2,2,0,0
31,6,Heidi D'Amelio,36.0,0.0519457711926356,3,3,0,0
31,6,Shangela,36.0,0.0519058864594178,4,4,0,0
31,6,Trevor Donovan,34.0,0.0139897726191122,5,5,0,0
31,6,Wayne Brady,34.0,0.0138482842174484,6,6,0,0
31,6,Jordin Sparks,34.0,0.0136899990774995,7,7,0,0
31,6,Daniel Durant,34.0,0.0136779107407921,8,8,0,0
31,6,Jessie James Decker,32.0,0.0025671189603167,9,9,0,1
31,6,Vinny Guadagnino,28.0,0.0002488521334815,10,10,0,0
31,7,Trevor Donovan,39.0,0.3668454255939892,1,1,0,0
31,7,Charli D'Amelio,39.0,0.3667913337794603,2,2,0,0
31,7,Wayne Brady,38.0,0.1512302187086944,3,3,0,0
31,7,Shangela,36.5,0.0406136118471099,4,4,0,0
31,7,Daniel Durant,36.5,0.0403243270022519,5,5,0,0
31,7,Gabby Windey,35.5,0.0168931025271883,6,6,0,0
31,7,Heidi D'Amelio,35.0,0.0150770354010172,7,7,0,0
31,7,Jordin Sparks,34.5,0.00159200766266,8,8,0,1
31,7,Vinny Guadagnino,31.5,0.0006329374776259,9,9,0,0
31,8,Wayne Brady,45.0,0.3804006641821368,1,1,0,0
31,8,Charli D'Amelio,45.0,0.3799134047209666,2,2,0,0
31,8,Shangela,42.0,0.1139953753019913,3,3,0,0
31,8,Gabby Windey,40.0,0.0506972875811308,4,4,0,0
31,8,Trevor Donovan,39.0,0.0339551546236143,5,5,0,0
31,8,Daniel Durant,39.0,0.033688388002511,6,6,0,0
31,8,Heidi D'Amelio,35.0,0.0067194798205314,7,7,0,1
31,8,Vinny Guadagnino,29.0,0.0006302457671192,8,8,0,1
31,9,Charli D'Amelio,40.0,0.4603052437916151,1,1,0,0
31,9,Gabby Windey,40.0,0.4597948490243482,2,2,0,0
31,9,Wayne Brady,36.5,0.0351677242525271,3,3,0,0
31,9,Shangela,36.5,0.0348983470053731,4,4,0,0
31,9,Daniel Durant,34.5,0.0079820429339078,5,5,0,1
31,9,Trevor Donovan,32.5,0.001851792992225,6,6,0,1
32,1,Charity Lawson,22.0,0.3861883756655216,1,1,0,0
32,1,Jason Mraz,21.0,0.2141492852085379,2,2,0,0
32,1,Ariana Madix,21.0,0.2137713469098272,3,3,0,0
32,1,Lele Pons,19.0,0.065389816920914,4,4,0,0
32,1,Xochitl Gomez,18.0,0.0362211630743497,5,5,0,0
32,1,Adrian Peterson,18.0,0.0362168581246894,6,6,0,0
32,1,Mira Sorvino,17.0,0.0199445676529863,7,7,0,0
32,1,Barry Williams,16.0,0.0111158051106208,8,8,0,0
32,1,Mauricio Umansky,15.0,0.0061863456184932,9,9,0,0
32,1,Jamie Lynn Spears,15.0,0.0060529700131097,10,10,0,0
32,1,Alyson Hannigan,13.0,0.0019633552306094,11,11,0,0
32,1,Tyson Beckford,12.0,0.0013852752596093,12,12,0,0
32,1,Harry Jowsey,12.0,0.0013678390374194,13,13,0,0
32,1,Matt Walsh,12.0,4.6996173309122426e-05,14,14,0,1
32,2,Jason Mraz,24.0,0.3824034850830275,1,1,0,0
32,2,Xochitl Gomez,24.0,0.3794102178871367,2,2,0,0
32,2,Lele Pons,21.0,0.0717663042006822,3,3,0,0
32,2,Charity Lawson,21.0,0.0696456138955009,4,4,0,0
32,2,Ariana Madix,20.0,0.0383181983646558,5,5,0,0
32,2,Alyson Hannigan,19.0,0.0210791668171782,6,6,0,0
32,2,Mira Sorvino,18.0,0.0102678546729644,7,7,0,0
32,2,Tyson Beckford,18.0,0.0097458681220846,8,8,0,0
32,2,Barry Williams,15.0,0.0043874480955512,9,9,0,0
32,2,Jamie Lynn Spears,16.0,0.0001763315971394,12,10,2,1
32,2,Adrian Peterson,15.0,0.0043484405688525,10,11,-1,0
32,2,Harry Jowsey,15.0,0.0043236142085218,11,12,-1,0
32,2,Mauricio Umansky,12.0,0.0041274564867047,13,13,0,0
32,3,Ariana Madix,34.0,0.3342526901333845,1,1,0,0
32,3,Jason Mraz,34.0,0.333538984697054,2,2,0,0
32,3,Charity Lawson,32.0,0.1417124733744355,3,3,0,0
32,3,Xochitl Gomez,32.0,0.1413811445599646,4,4,0,0
32,3,Lele Pons,27.0,0.0166786619318037,5,5,0,0
32,3,Mira Sorvino,26.0,0.0108269898643374,6,6,0,0
32,3,Barry Williams,25.0,0.0070385011168848,7,7,0,0
32,3,Alyson Hannigan,24.0,0.0046042100746033,8,8,0,0
32,3,Harry Jowsey,24.0,0.0045888784617267,9,9,0,0
32,3,Mauricio Umansky,23.0,0.0031260780936557,10,10,0,0
32,3,Adrian Peterson,22.0,0.0020163467913138,11,11,0,0
32,3,Tyson Beckford,20.0,0.0002350409008326,12,12,0,1
32,4,Xochitl Gomez,27.0,0.645506777580426,1,1,0,0
32,4,Ariana Madix,25.0,0.1609680592730554,2,2,0,0
32,4,Charity Lawson,24.0,0.0766543702136051,3,3,0,0
32,4,Jason Mraz,24.0,0.0728916731037273,4,4,0,0
32,4,Lele Pons,22.0,0.0090950429915148,5,5,0,0
32,4,Harry Jowsey,21.0,0.0059553019379869,6,6,0,0
32,4,Mira Sorvino,21.0,0.0037058904370581,9,7,2,0
32,4,Adrian Peterson,21.0,0.0004439853096348,10,8,2,1
32,4,Barry Williams,18.0,0.009908182197089,7,9,-2,0
32,4,Mauricio Umansky,19.0,0.0055395005247026,11,10,1,0
32,4,Alyson Hannigan,18.0,0.0093312164311995,8,11,-3,0
32,5,Charity Lawson,28.0,0.355462609163083,1,1,0,0
32,5,Xochitl Gomez,28.0,0.3535684936631007,2,2,0,0
32,5,Jason Mraz,27.0,0.1819934373068766,3,3,0,0
32,5,Mauricio Umansky,24.0,0.0249651850705022,4,4,0,0
32,5,Ariana Madix,24.0,0.0247125757809714,5,5,0,0
32,5,Barry Williams,24.0,0.0246335703852134,6,6,0,0
32,5,Lele Pons,24.0,0.0241803013169845,7,7,0,0
32,5,Alyson Hannigan,21.0,0.0082739747251399,8,8,0,0
32,5,Mira Sorvino,22.0,0.0012384061992006,9,9,0,1
32,5,Harry Jowsey,18.0,0.0009714463889292,10,10,0,0
32,6,Xochitl Gomez,42.0,0.4537304631418702,1,1,0,0
32,6,Ariana Madix,41.0,0.2915829231128011,2,2,0,0
32,6,Jason Mraz,39.0,0.1166986095675229,3,3,0,0
32,6,Charity Lawson,38.0,0.0714523227796588,4,4,0,0
32,6,Lele Pons,37.0,0.0436848527833661,5,5,0,0
32,6,Alyson Hannigan,31.0,0.0103296177056864,6,6,0,0
32,6,Barry Williams,32.0,0.0046867460048139,7,7,0,0
32,6,Mauricio Umansky,33.0,0.0003850164056427,8,8,0,1
32,6,Harry Jowsey,29.0,0.0074494484986374,9,9,0,0
32,7,Alyson Hannigan,35.0,0.1598364269819007,3,1,2,0
32,7,Ariana Madix,37.0,0.1522520877525517,1,2,-1,0
32,7,Xochitl Gomez,37.0,0.1511850314783103,2,3,-1,0
32,7,Barry Williams,32.5,0.143924717559596,6,4,2,0
32,7,Jason Mraz,36.0,0.1303885302457427,4,5,-1,0
32,7,Charity Lawson,36.0,0.1255231452467939,5,6,-1,0
32,7,Harry Jowsey,32.0,0.1076465805200599,8,7,1,0
32,7,Lele Pons,36.5,0.0292434802150442,7,8,-1,1
32,8,Ariana Madix,42.0,0.5600593112528899,1,1,0,0
32,8,Xochitl Gomez,40.0,0.2260629903730579,2,2,0,0
32,8,Charity Lawson,39.0,0.1421496463475532,3,3,0,0
32,8,Jason Mraz,33.0,0.0403104512761539,5,4,1,0
32,8,Alyson Hannigan,36.0,0.0234924973083512,4,5,-1,0
32,8,Barry Williams,35.0,0.0055158913994306,6,6,0,1
32,8,Harry Jowsey,28.0,0.0024092120425646,7,7,0,0
32,9,Jason Mraz,43.0,0.618163656822321,1,1,0,0
32,9,Xochitl Gomez,41.0,0.2588977848866794,2,2,0,0
32,9,Charity Lawson,38.0,0.0702567357658273,3,3,0,0
32,9,Ariana Madix,37.0,0.0455017183485164,4,4,0,0
32,9,Alyson Hannigan,32.0,0.0050672047057393,5,5,0,0
32,9,Harry Jowsey,30.0,0.0021128994709119,6,6,0,1
33,2,Chandler Kinney,24.0,0.4796697892935031,1,1,0,0
33,2,Joey Graziadei,22.0,0.1068187871475831,2,2,0,0
33,2,Stephen Nedoroscik,22.0,0.1065791903640894,3,3,0,0
33,2,Dwight Howard,22.0,0.1063509211559697,4,4,0,0
33,2,Danny Amendola,21.0,0.0505322774670619,5,5,0,0
33,2,Ilona Maher,21.0,0.0502335956656144,6,6,0,0
33,2,Phaedra Parks,21.0,0.0501997700868982,7,7,0,0
33,2,Brooks Nader,20.0,0.0238569662538828,8,8,0,0
33,2,Jenn Tran,19.0,0.0112754176473372,9,9,0,0
33,2,Tori Spelling,19.0,0.0110576774616331,10,10,0,1
33,2,Anna Delvey,17.0,0.0002226004104432,13,11,2,1
33,2,Eric Roberts,15.0,0.0016409872025254,11,12,-1,0
33,2,Reginald VelJohnson,15.0,0.0015620198434581,12,13,-1,0
33,3,Joey Graziadei,35.0,0.4236198919052522,1,1,0,0
33,3,Chandler Kinney,34.5,0.3325809669949716,2,2,0,0
33,3,Jenn Tran,31.0,0.0614135670057226,3,3,0,0
33,3,Stephen Nedoroscik,31.0,0.0608768318490159,4,4,0,0
33,3,Brooks Nader,30.5,0.0479836685030386,5,5,0,0
33,3,Danny Amendola,30.0,0.0375971040539671,6,6,0,0
33,3,Ilona Maher,28.0,0.0143361035067763,7,7,0,0
33,3,Phaedra Parks,28.0,0.0143294762798228,8,8,0,0
33,3,Dwight Howard,26.0,0.0054739243829246,9,9,0,0
33,3,Eric Roberts,23.0,0.001314862851384,10,10,0,1
33,3,Reginald VelJohnson,21.0,0.000473602667126,11,11,0,1
33,4,Danny Amendola,36.0,0.4638543284921322,1,1,0,0
33,4,Joey Graziadei,36.0,0.4632746017387523,2,2,0,0
33,4,Stephen Nedoroscik,33.0,0.0252343731051752,3,3,0,0
33,4,Chandler Kinney,32.0,0.0117237801466901,4,4,0,0
33,4,Jenn Tran,32.0,0.0115860060346491,5,5,0,0
33,4,Ilona Maher,32.0,0.0115756570154409,6,6,0,0
33,4,Phaedra Parks,32.0,0.0113660307352497,7,7,0,0
33,4,Brooks Nader,32.0,0.0007859699277453,8,8,0,1
33,4,Dwight Howard,29.0,0.0005992528041689,9,9,0,0
33,5,Chandler Kinney,27.0,0.698283683938597,1,1,0,0
33,5,Joey Graziadei,26.0,0.1059791714286118,2,2,0,0
33,5,Ilona Maher,26.0,0.1056995460671028,3,3,0,0
33,5,Jenn Tran,25.5,0.0415239513697189,4,4,0,0
33,5,Danny Amendola,25.5,0.0412446969865864,5,5,0,0
33,5,Dwight Howard,24.0,0.0034663779724151,6,6,0,0
33,5,Stephen Nedoroscik,24.0,0.0034193484126997,7,7,0,0
33,5,Phaedra Parks,24.0,0.0003832238242713,8,8,0,1
33,6,Chandler Kinney,32.0,0.1843939980616257,1,1,0,0
33,6,Joey Graziadei,32.0,0.1818274665824003,2,2,0,0
33,6,Danny Amendola,28.0,0.1881586218215266,3,3,0,0
33,6,Dwight Howard,31.0,0.166674466170859,4,4,0,0
33,6,Stephen Nedoroscik,28.0,0.149128693372593,5,5,0,0
33,6,Ilona Maher,24.0,0.0913643919568307,7,6,1,0
33,6,Jenn Tran,31.0,0.0384523620341643,6,7,-1,1
33,7,Chandler Kinney,30.0,0.8838436571476529,1,1,0,0
33,7,Joey Graziadei,27.5,0.0605430147040234,2,2,0,0
33,7,Stephen Nedoroscik,27.0,0.0354911818968446,3,3,0,0
33,7,Ilona Maher,26.0,0.0119759574231191,4,4,0,0
33,7,Danny Amendola,25.5,0.0071633235086283,5,5,0,0
33,7,Dwight Howard,24.0,0.0009828653197387,6,6,0,1
34,2,Jordan Chiles,22.0,0.1687955920800497,1,1,0,0
34,2,Jen Affleck,22.0,0.1687844160607613,2,2,0,0
34,2,Whitney Leavitt,22.0,0.1685670267990025,3,3,0,0
34,2,Robert Irwin,22.0,0.1681098784811546,4,4,0,0
34,2,Lauren Jauregui,21.0,0.0690797018855233,5,5,0,0
34,2,Alix Earle,21.0,0.0688716156756947,6,6,0,0
34,2,Hilaria Baldwin,21.0,0.0688340728456514,7,7,0,0
34,2,Elaine Hendrix,21.0,0.0688252774541821,8,8,0,0
34,2,Dylan Efron,20.0,0.0280803252876686,9,9,0,0
34,2,Danielle Fishel,19.0,0.0115818409706214,10,10,0,0
34,2,Baron Davis,18.0,0.0047496038499775,11,11,0,1
34,2,Scott Hoying,18.0,0.0047210513392881,12,12,0,0
34,2,Andy Richter,16.0,0.0007983901243809,13,13,0,0
34,2,Corey Feldman,15.0,0.0002012071460423,14,14,0,1
34,3,Jordan Chiles,24.0,0.3055568624469785,1,1,0,0
34,3,Whitney Leavitt,24.0,0.3055189946126229,2,2,0,0
34,3,Dylan Efron,23.0,0.1138443955556206,3,3,0,0
34,3,Alix Earle,23.0,0.1137124575690768,4,4,0,0
34,3,Scott Hoying,22.0,0.042271530721917,5,5,0,0
34,3,Hilaria Baldwin,22.0,0.0421393076057186,6,6,0,0
34,3,Robert Irwin,22.0,0.0420917122172567,7,7,0,0
34,3,Danielle Fishel,21.0,0.0157825866284525,8,8,0,0
34,3,Elaine Hendrix,21.0,0.0157214411375189,9,9,0,0
34,3,Jen Affleck,19.0,0.0023019572275165,10,10,0,0
34,3,Andy Richter,18.0,0.0008826217182047,11,11,0,0
34,3,Lauren Jauregui,18.0,0.0001761325591157,12,12,0,1
34,4,Whitney Leavitt,25.0,0.1401801290275245,1,1,0,0
34,4,Jordan Chiles,24.0,0.1056489941382012,2,2,0,0
34,4,Scott Hoying,21.0,0.1156340839027786,5,3,2,0
34,4,Alix Earle,24.0,0.1034827588782738,3,4,-1,0
34,4,Elaine Hendrix,24.0,0.102873660375368,4,5,-1,0
34,4,Robert Irwin,22.0,0.1038973553251793,6,6,0,0
34,4,Danielle Fishel,21.0,0.1010121428844132,9,7,2,0
34,4,Jen Affleck,23.0,0.0838179460027237,7,8,-1,0
34,4,Dylan Efron,23.0,0.0789919863989973,8,9,-1,0
34,4,Andy Richter,18.0,0.0514056772294706,11,10,1,0
34,4,Hilaria Baldwin,23.0,0.0130552658370698,10,11,-1,1
34,6,Jordan Chiles,39.0,0.3510770949568148,1,1,0,0
34,6,Whitney Leavitt,39.0,0.3505421982317958,2,2,0,0
34,6,Robert Irwin,36.0,0.0768910918742859,3,3,0,0
34,6,Elaine Hendrix,36.0,0.0768242603642214,4,4,0,0
34,6,Danielle Fishel,36.0,0.0765849678626716,5,5,0,0
34,6,Alix Earle,35.0,0.046072151681465,6,6,0,0
34,6,Jen Affleck,32.0,0.0102610906530521,7,7,0,0
34,6,Dylan Efron,32.0,0.0101596017715502,8,8,0,0
34,6,Scott Hoying,28.0,0.0008004229889714,9,9,0,1
34,6,Andy Richter,27.0,0.0007871196151747,10,10,0,0
34,7,Alix Earle,43.0,0.4301360193484538,1,1,0,0
34,7,Whitney Leavitt,42.0,0.2764275488106724,2,2,0,0
34,7,Robert Irwin,41.0,0.1764929703746847,3,3,0,0
34,7,Jordan Chiles,38.0,0.0465213559343016,4,4,0,0
34,7,Dylan Efron,38.0,0.0459002419830183,5,5,0,0
34,7,Danielle Fishel,35.0,0.0143315447855923,6,6,0,0
34,7,Elaine Hendrix,32.0,0.0082295352598309,7,7,0,0
34,7,Jen Affleck,34.0,0.0007546928296115,8,8,0,1
34,7,Andy Richter,29.0,0.0012060906738344,9,9,0,0
34,8,Whitney Leavitt,39.5,0.4483504967194316,1,1,0,0
34,8,Jordan Chiles,39.0,0.2369049673830733,2,2,0,0
34,8,Alix Earle,38.5,0.1262739815162793,3,3,0,0
34,8,Robert Irwin,38.0,0.0671022057807507,4,4,0,0
34,8,Dylan Efron,38.0,0.0669914196575224,5,5,0,0
34,8,Elaine Hendrix,37.5,0.045597888181134,6,6,0,0
34,8,Danielle Fishel,37.0,0.0082487190500233,7,7,0,1
34,8,Andy Richter,34.0,0.0005303217117823,8,8,0,0
34,9,Robert Irwin,42.0,0.2685358084923249,1,1,0,0
34,9,Dylan Efron,42.0,0.2685073035746647,2,2,0,0
34,9,Whitney Leavitt,42.0,0.2677974085458566,3,3,0,0
34,9,Alix Earle,40.0,0.1078114310377731,4,4,0,0
34,9,Jordan Chiles,39.0,0.0690654609025297,5,5,0,0
34,9,Elaine Hendrix,36.0,0.0176004028721708,6,6,0,0
34,9,Andy Richter,29.0,0.0006821845746786,7,7,0,1
34,10,Robert Irwin,29.5,0.6673225449115613,1,1,0,0
34,10,Jordan Chiles,28.5,0.1035383849728496,2,2,0,0
34,10,Elaine Hendrix,28.5,0.1026583328350523,4,3,1,0
34,10,Alix Earle,29.0,0.0760180034029394,3,4,-1,0
34,10,Whitney Leavitt,29.0,0.0458174305866584,5,5,0,1
34,10,Dylan Efron,27.5,0.0046453032909389,6,6,0,0
